item_id	match	client_icon
160000001	exact	icon_item_drink_hp03.dds
160000002	type	Icon_Item_Drink_HP01.dds
169000003	exact	Icon_Item_Battery01.dds
162000002	exact	icon_item_potion_hp02_1.dds
162000007	exact	icon_item_potion_mp02_1.dds
162000041	exact	icon_item_potion_hpmp02_1.dds
162000046	exact	icon_item_potion_hpmp03_1.dds
164000074	exact	icon_item_scroll_speed_run_01.dds
164000071	exact	icon_item_scroll_speed_atk_01.dds
161001001	exact	icon_item_crystal02a.dds
162000003	exact	icon_item_potion_hp02_2.dds
162000008	exact	icon_item_potion_mp02_2.dds
162000042	exact	icon_item_potion_hpmp02_2.dds
162000047	exact	icon_item_potion_hpmp03_2.dds
162000043	exact	icon_item_potion_hpmp02_3.dds
162000048	exact	icon_item_potion_hpmp03_3.dds
162000004	exact	icon_item_potion_hp02_3.dds
162000009	exact	icon_item_potion_mp02_3.dds
162000044	exact	icon_item_potion_hpmp02_4.dds
162000049	exact	icon_item_potion_hpmp03_4.dds
162000045	exact	icon_item_potion_hpmp02_5.dds
162000050	exact	icon_item_potion_hpmp03_5.dds
162000081	type	icon_item_potion_hp02_1.dds
162000080	type	icon_item_potion_hp02_1.dds
162000075	type	icon_item_potion_hp02_1.dds
162000076	type	icon_item_potion_mp02_1.dds
162000023	exact	icon_item_potion_cure01a.dds
162000027	type	icon_item_potion_mp02_1.dds
164002238	type	icon_item_scroll_speed_run_01.dds
164000075	type	icon_item_scroll_speed_run_01.dds
164000076	type	icon_item_scroll_speed_run_01.dds
164000072	type	icon_item_scroll_speed_run_01.dds
164000073	type	icon_item_scroll_speed_run_01.dds
164000132	exact	icon_item_scroll_speed_casting_01.dds
164000133	type	icon_item_scroll_speed_run_01.dds
164000134	type	icon_item_scroll_speed_run_01.dds
188053624	type	icon_item_scroll_speed_run_01.dds
100001578	type	icon_item_sword_u01.dds
100101214	type	icon_item_mace_u01.dds
100201386	type	icon_item_dagger_u01.dds
100501206	type	icon_item_orb_u01.dds
100601298	type	icon_item_sword_u01.dds
100901228	type	icon_item_2hsword_u01.dds
101301154	type	icon_item_polearm_u01.dds
101501240	type	icon_item_staff_u01.dds
101701257	type	icon_item_bow_u01.dds
101801063	type	icon_item_gun_u01.dds
101901013	type	icon_item_cannon_u01.dds
102001087	type	icon_item_harp_u01.dds
102100840	type	icon_item_keyblade_u01_64.dds
115001622	type	icon_item_shield_u01.dds
100001580	type	icon_item_sword_u01.dds
100101217	type	icon_item_mace_u01.dds
100201388	type	icon_item_dagger_u01.dds
100501208	type	icon_item_orb_u01.dds
100601300	type	icon_item_sword_u01.dds
100901230	type	icon_item_2hsword_u01.dds
101301156	type	icon_item_polearm_u01.dds
101501243	type	icon_item_staff_u01.dds
101701259	type	icon_item_bow_u01.dds
101801065	type	icon_item_gun_u01.dds
101901015	type	icon_item_cannon_u01.dds
102001089	type	icon_item_harp_u01.dds
102100842	type	icon_item_keyblade_u01_64.dds
115001623	type	icon_item_shield_u01.dds
110101673	type	Icon_Item_Plate01A.dds
113101520	type	Icon_Item_Plate01A.dds
112101458	type	Icon_Item_Plate01A.dds
111101505	type	Icon_Item_Plate01A.dds
114101552	type	Icon_Item_Plate01A.dds
110301681	type	Icon_Item_Plate01A.dds
113301650	type	Icon_Item_Plate01A.dds
112301558	type	Icon_Item_Plate01A.dds
111301619	type	Icon_Item_Plate01A.dds
114301687	type	Icon_Item_Plate01A.dds
110501511	type	Icon_Item_Plate01A.dds
113501484	type	Icon_Item_Plate01A.dds
112501408	type	Icon_Item_Plate01A.dds
111501466	type	Icon_Item_Plate01A.dds
114501493	type	Icon_Item_Plate01A.dds
110550934	type	Icon_Item_Plate01A.dds
113501510	type	Icon_Item_Plate01A.dds
112501434	type	Icon_Item_Plate01A.dds
111501492	type	Icon_Item_Plate01A.dds
114501519	type	Icon_Item_Plate01A.dds
110601485	type	Icon_Item_Plate01A.dds
113601431	type	Icon_Item_Plate01A.dds
112601429	type	Icon_Item_Plate01A.dds
111601448	type	Icon_Item_Plate01A.dds
114601436	type	Icon_Item_Plate01A.dds
141000001	exact	Icon_Item_Crystal.dds
165000001	exact	icon_item_pincer01.dds
169000005	exact	Icon_Item_Battery03.dds
169000009	exact	icon_item_battery06.dds
169000010	exact	Icon_Item_Battery07.dds
169000011	exact	icon_item_battery08_64.dds
125040000	type	Icon_Item_Wing02.dds
120010001	type	icon_item_wing07.dds
187000061	type	icon_item_wing04.dds
187050000	type	icon_item_wing05.dds
187000124	type	icon_item_wing04.dds
187000125	type	icon_item_wing05.dds
187000018	type	icon_item_wing03.dds
187000111	type	icon_item_wing05.dds
187000112	type	icon_item_wing06.dds
169220048	related	icon_cash_item_dye_deep_blue_01_64.dds
169220046	related	icon_cash_item_dye_green_01_64.dds
169220042	related	icon_cash_item_dye_orange_01_64.dds
169220043	related	icon_cash_item_dye_pink_01_64.dds
169220047	related	icon_cash_item_dye_yellow_01_64.dds
169220045	related	icon_cash_item_dye_olive_green_01_64.dds
169220044	related	icon_cash_item_dye_deep_purple_01_64.dds
169220041	related	icon_cash_item_dye_red_01_64.dds
169220010	related	icon_cash_item_dye_deep_blue_01_64.dds
169220008	related	icon_cash_item_dye_green_01_64.dds
169220004	related	icon_cash_item_dye_orange_01_64.dds
169220006	related	icon_cash_item_dye_pink_01_64.dds
169220007	related	icon_cash_item_dye_yellow_01_64.dds
169220009	related	icon_cash_item_dye_olive_green_01_64.dds
169220019	related	icon_cash_item_dye_deep_blue_01_64.dds
169220017	related	icon_cash_item_dye_green_01_64.dds
169220013	related	icon_cash_item_dye_orange_01_64.dds
169220015	related	icon_cash_item_dye_pink_01_64.dds
169220014	related	icon_cash_item_dye_deep_purple_01_64.dds
169220016	related	icon_cash_item_dye_yellow_01_64.dds
169220018	related	icon_cash_item_dye_olive_green_01_64.dds
169220005	related	icon_cash_item_dye_deep_purple_01_64.dds
169220012	related	icon_cash_item_dye_red_01_64.dds
169220011	related	icon_cash_item_dye_red_01_64.dds
169220003	related	icon_cash_item_dye_black_01_64.dds
169220040	related	icon_cash_item_dye_deep_blue_01_64.dds
169220001	related	icon_cash_item_dye_red_01_64.dds
169220002	related	icon_cash_item_dye_white_01_64.dds
169600190	type	icon_cash_action_hiphop_64.dds
169600189	type	icon_cash_action_hiphop_64.dds
169600191	type	icon_cash_action_hiphop_64.dds
169600188	type	icon_cash_action_hiphop_64.dds
169600192	type	icon_cash_action_hiphop_64.dds
169600068	type	icon_cash_action_hiphop_64.dds
169600069	type	icon_cash_action_hiphop_64.dds
169600070	type	icon_cash_action_hiphop_64.dds
169600089	type	icon_cash_action_hiphop_64.dds
169600001	exact	icon_action_dance2.dds
169600087	type	icon_cash_action_hiphop_64.dds
169600088	exact	icon_cash_item_action_dance6_64.dds
169600003	exact	icon_cash_item_action_dance3_01_64.dds
169600090	type	icon_cash_action_hiphop_64.dds
169600011	exact	icon_cash_item_action_dance3_11_64.dds
169600002	exact	icon_cash_item_action_dance3_00_64.dds
169600072	type	icon_cash_action_hiphop_64.dds
169600091	type	icon_cash_action_hiphop_64.dds
169600004	exact	icon_cash_item_action_dance3_10_64.dds
169600086	exact	icon_cash_item_action_dance5_64.dds
169600071	type	icon_cash_action_hiphop_64.dds
169600197	exact	icon_cash_item_action_batter_64.dds
169600041	exact	icon_cash_item_action_pipe_01_64.dds
169600057	exact	icon_cash_item_action_blue_01_64.dds
169600036	exact	icon_cash_item_action_cancan_01_64.dds
169600195	exact	icon_cash_item_action_catcher_64.dds
169600039	exact	icon_cash_item_action_gum_01_64.dds
169600202	exact	icon_cash_item_action_bow_miss_64.dds
169600103	exact	icon_cash_item_action_diving_64.dds
169600047	exact	icon_cash_item_action_zero_01_64.dds
169600048	exact	icon_cash_item_action_one_01_64.dds
169600049	exact	icon_cash_item_action_two_01_64.dds
169600050	exact	icon_cash_item_action_three_01_64.dds
169600051	exact	icon_cash_item_action_four_01_64.dds
169600052	exact	icon_cash_item_action_five_01_64.dds
169600053	exact	icon_cash_item_action_six_01_64.dds
169600054	exact	icon_cash_item_action_seven_01_64.dds
169600055	exact	icon_cash_item_action_eight_01_64.dds
169600056	exact	icon_cash_item_action_nine_01_64.dds
169600045	exact	icon_cash_item_action_true_01_64.dds
169600046	exact	icon_cash_item_action_false_01_64.dds
169600102	exact	icon_cash_item_action_sweeping_64.dds
169600021	exact	icon_item_book02.dds
169600023	type	icon_action_dance2.dds
169600040	exact	icon_cash_item_action_hug_01_64.dds
169600035	exact	icon_cash_item_action_jugg_01_64.dds
169600024	type	icon_action_dance2.dds
169600201	exact	icon_cash_item_action_bow_64.dds
169600037	exact	icon_cash_item_action_plane_01_64.dds
169600044	exact	icon_cash_item_action_papers_01_64.dds
169600196	exact	icon_cash_item_action_pitcher_64.dds
169600060	exact	icon_cash_item_action_drum_01_64.dds
169600063	exact	icon_cash_item_action_saxoph_01_64.dds
169600064	exact	icon_cash_item_action_dead_01_64.dds
169600030	exact	icon_cash_item_action_mock_01_64.dds
169600067	exact	icon_cash_item_action_twoflag_01_64.dds
169600043	exact	icon_cash_item_action_rock_01_64.dds
169600038	exact	icon_cash_item_action_petal_01_64.dds
169600042	exact	icon_cash_item_action_scissor_01_64.dds
169600062	exact	icon_cash_item_action_harp_01_64.dds
169600101	exact	icon_cash_item_action_omelette_64.dds
169600022	type	icon_action_dance2.dds
169600065	exact	icon_cash_item_action_sing_01_64.dds
169600186	type	icon_action_dance2.dds
169600187	type	icon_action_dance2.dds
169600194	type	icon_action_dance2.dds
169600206	exact	icon_cash_item_action_snowman_64.dds
169600217	exact	icon_cash_item_action_suntan_64.dds
169600031	exact	icon_cash_item_action_surr_01_64.dds
169600219	type	icon_action_dance2.dds
169600193	type	icon_action_dance2.dds
169600058	exact	icon_cash_item_action_white_01_64.dds
169600200	exact	icon_cash_item_action_brucelee_01_64.dds
169600218	exact	icon_cash_item_action_2014halloween_64.dds
169600025	type	icon_action_dance2.dds
169600084	type	icon_action_dance2.dds
169600029	type	icon_action_dance2.dds
169600034	type	icon_action_dance2.dds
169600059	type	icon_action_dance2.dds
169600061	type	icon_action_dance2.dds
169600083	type	icon_action_dance2.dds
169600027	type	icon_action_dance2.dds
169600032	type	icon_action_dance2.dds
169600066	type	icon_action_dance2.dds
169600026	type	icon_action_dance2.dds
169600085	type	icon_action_dance2.dds
169600028	type	icon_action_dance2.dds
169600033	type	icon_action_dance2.dds
160010410	type	icon_item_candy01.dds
160010409	type	icon_item_candy02_64.dds
160003004	type	icon_item_dish25.dds
160003524	type	Icon_Item_Dish01.dds
160003529	type	icon_item_dish06.dds
160003530	type	Icon_Item_Drink_HP01.dds
160003526	type	icon_item_dish03.dds
160003525	type	icon_item_dish02.dds
160003509	type	icon_item_dish20.dds
160003523	type	icon_item_dish34.dds
160003503	type	icon_item_dish14.dds
160003013	type	icon_item_dish34.dds
160003513	type	icon_item_dish24.dds
160003003	type	icon_item_dish24.dds
160010325	type	icon_item_candy02_64.dds
160010326	type	icon_item_candy01.dds
160010274	type	icon_item_candy01.dds
160010276	type	icon_item_candy01.dds
160010321	type	icon_item_candy02_64.dds
160010322	type	icon_item_candy01.dds
160010107	type	icon_item_candy02_64.dds
160010108	type	icon_item_candy01.dds
160010303	type	icon_item_candy02_64.dds
160010304	type	icon_item_candy01.dds
160010315	type	icon_item_candy02_64.dds
160010316	type	icon_item_candy01.dds
160010309	type	icon_item_candy02_64.dds
160010310	type	icon_item_candy01.dds
160010204	type	icon_item_candy01.dds
160010206	type	icon_item_candy01.dds
160010408	type	icon_item_candy01.dds
160010407	type	icon_item_candy02_64.dds
160010109	type	icon_item_candy02_64.dds
160010110	type	icon_item_candy01.dds
160003562	type	icon_item_dish05.dds
160003556	type	icon_item_dish33.dds
160003559	type	icon_item_dish02.dds
160003527	type	icon_item_dish04.dds
160003517	type	icon_item_dish28.dds
160003507	type	icon_item_dish18.dds
160003007	type	icon_item_dish28.dds
160003017	type	icon_item_dish04.dds
160010105	type	icon_item_candy02_64.dds
160010106	type	icon_item_candy01.dds
160010281	type	icon_item_candy02_64.dds
160010282	type	icon_item_candy01.dds
160003560	type	icon_item_dish03.dds
160003554	type	icon_item_dish31.dds
160010285	type	icon_item_candy02_64.dds
160010286	type	icon_item_candy01.dds
160010113	type	icon_item_candy02_64.dds
160010114	type	icon_item_candy01.dds
160005038	type	icon_item_dish19.dds
160005040	type	icon_item_dish21.dds
160005041	type	icon_item_dish22.dds
160005042	type	icon_item_dish23.dds
160005036	type	icon_item_dish17.dds
160005039	type	icon_item_dish20.dds
160005037	type	icon_item_dish18.dds
160003514	type	icon_item_dish25.dds
160010178	type	icon_item_candy01.dds
160010179	type	icon_item_candy02_64.dds
160010182	type	icon_item_candy01.dds
160010183	type	icon_item_candy02_64.dds
160010176	type	icon_item_candy01.dds
160010177	type	icon_item_candy02_64.dds
160010184	type	icon_item_candy01.dds
160010185	type	icon_item_candy02_64.dds
160010180	type	icon_item_candy01.dds
160010181	type	icon_item_candy02_64.dds
160010329	type	icon_item_candy02_64.dds
160010330	type	icon_item_candy01.dds
160003505	type	icon_item_dish16.dds
160010103	type	icon_item_candy02_64.dds
160010104	type	icon_item_candy01.dds
160003516	type	icon_item_dish27.dds
160003014	type	Icon_Item_Dish01.dds
160003558	type	Icon_Item_Dish01.dds
160003552	type	icon_item_dish29.dds
160003543	type	icon_item_dish20.dds
160003539	type	icon_item_dish16.dds
160003544	type	icon_item_dish21.dds
160003547	type	icon_item_dish24.dds
160003545	type	icon_item_dish22.dds
160003540	type	icon_item_dish17.dds
160003541	type	icon_item_dish18.dds
160003542	type	icon_item_dish19.dds
160003548	type	icon_item_dish25.dds
160003546	type	icon_item_dish23.dds
160003006	type	icon_item_dish27.dds
160003010	exact	icon_item_drink_hp02.dds
160003561	type	icon_item_dish04.dds
160003555	type	icon_item_dish32.dds
160003005	type	icon_item_dish26.dds
160005001	type	icon_item_dish16.dds
160003020	type	Icon_Item_Drink_HP01.dds
160003016	type	icon_item_dish03.dds
160003009	type	icon_item_dish30.dds
160003557	exact	icon_item_shine03.dds
160003551	exact	icon_item_flask02.dds
160003519	type	icon_item_dish30.dds
160003510	type	icon_item_drink_hp02.dds
160010307	type	icon_item_candy02_64.dds
160010308	type	icon_item_candy01.dds
160010319	type	icon_item_candy02_64.dds
160010320	type	icon_item_candy01.dds
160010313	type	icon_item_candy02_64.dds
160010314	type	icon_item_candy01.dds
160010051	type	icon_item_candy02_64.dds
160010052	type	icon_item_candy01.dds
160010053	type	icon_item_candy02_64.dds
160010054	type	icon_item_candy01.dds
160010055	type	icon_item_candy02_64.dds
160010056	type	icon_item_candy01.dds
160010057	type	icon_item_candy02_64.dds
160010058	type	icon_item_candy01.dds
160010059	type	icon_item_candy02_64.dds
160010060	type	icon_item_candy01.dds
160010041	type	icon_item_candy02_64.dds
160010042	type	icon_item_candy01.dds
160010043	exact	icon_cash_item_polymorph_candy_b_64.dds
160010044	type	icon_item_candy01.dds
160010045	exact	icon_cash_item_polymorph_candy_c_64.dds
160010046	type	icon_item_candy01.dds
160010047	exact	icon_cash_item_polymorph_candy_d_64.dds
160010048	type	icon_item_candy01.dds
160010049	exact	icon_cash_item_polymorph_candy_e_64.dds
160010050	type	icon_item_candy01.dds
160003019	type	icon_item_dish06.dds
160003506	type	icon_item_dish17.dds
160005002	type	icon_item_dish17.dds
160003553	type	icon_item_dish30.dds
160003520	type	icon_item_drink_hp03.dds
160010279	type	icon_item_candy02_64.dds
160010280	type	icon_item_candy01.dds
160003515	type	icon_item_dish26.dds
160003521	type	icon_item_dish32.dds
160003501	exact	icon_item_dish18.dds
160003001	type	icon_item_dish22.dds
160003511	type	icon_item_dish22.dds
160003011	type	icon_item_dish32.dds
160003015	type	icon_item_dish02.dds
160003522	type	icon_item_dish33.dds
160003002	type	icon_item_dish23.dds
160003012	type	icon_item_dish33.dds
160003502	type	icon_item_dish13.dds
160003512	type	icon_item_dish23.dds
160003534	type	icon_item_dish11.dds
160003535	type	icon_item_dish12.dds
160003533	type	icon_item_dish10.dds
160010125	type	icon_item_candy02_64.dds
160010126	type	icon_item_candy01.dds
160010123	type	icon_item_candy02_64.dds
160010124	type	icon_item_candy01.dds
160010127	type	icon_item_candy02_64.dds
160010128	type	icon_item_candy01.dds
160003528	type	icon_item_dish05.dds
160003508	type	icon_item_dish19.dds
160003018	exact	Icon_Item_Carapace_C01.dds
160003008	type	icon_item_dish29.dds
160003518	type	icon_item_dish29.dds
160010273	type	icon_item_candy02_64.dds
160010275	type	icon_item_candy02_64.dds
160003532	type	icon_item_candy01.dds
160003531	type	icon_item_candy02_64.dds
160010188	type	icon_item_candy01.dds
160010189	type	icon_item_candy02_64.dds
160010192	type	icon_item_candy01.dds
160010193	type	icon_item_candy02_64.dds
160010186	type	icon_item_candy01.dds
160010187	type	icon_item_candy02_64.dds
160010194	type	icon_item_candy01.dds
160010195	type	icon_item_candy02_64.dds
160010190	type	icon_item_candy01.dds
160010191	type	icon_item_candy02_64.dds
160010089	type	icon_item_candy02_64.dds
160010090	type	icon_item_candy01.dds
160010174	type	icon_item_candy01.dds
160010175	type	icon_item_candy02_64.dds
160010277	type	icon_item_candy02_64.dds
160010278	type	icon_item_candy01.dds
160010061	type	icon_item_candy02_64.dds
160010062	type	icon_item_candy01.dds
160010063	type	icon_item_candy02_64.dds
160010064	type	icon_item_candy01.dds
160010065	type	icon_item_candy02_64.dds
160010066	type	icon_item_candy01.dds
160010067	type	icon_item_candy02_64.dds
160010068	type	icon_item_candy01.dds
160010069	type	icon_item_candy02_64.dds
160010070	type	icon_item_candy01.dds
160003504	type	icon_item_dish15.dds
160010287	type	icon_item_candy02_64.dds
160010288	type	icon_item_candy01.dds
160010305	type	icon_item_candy02_64.dds
160010306	type	icon_item_candy01.dds
160010317	type	icon_item_candy02_64.dds
160010318	type	icon_item_candy01.dds
160010311	type	icon_item_candy02_64.dds
160010312	type	icon_item_candy01.dds
160010205	type	icon_item_candy02_64.dds
160010207	type	icon_item_candy02_64.dds
160010323	type	icon_item_candy02_64.dds
160010324	type	icon_item_candy01.dds
160010283	type	icon_item_candy02_64.dds
160010284	type	icon_item_candy01.dds
188052086	type	icon_item_card_title_01_m_64.dds
110900338	type	Icon_Item_Plate01A.dds
110900339	type	Icon_Item_Plate01A.dds
101300992	type	icon_item_polearm_u01.dds
188052083	type	icon_item_card_title_01_m_64.dds
169800157	type	icon_cash_item_coupon_hair_exchange_w_02_64.dds
169800458	type	icon_cash_item_coupon_hair_exchange_w_02_64.dds
169800154	type	icon_cash_item_coupon_hair_exchange_w_02_64.dds
169800455	type	icon_cash_item_coupon_hair_exchange_w_02_64.dds
169800046	type	icon_cash_item_coupon_hair_exchange_m_01_64.dds
169800347	type	icon_cash_item_coupon_hair_exchange_m_01_64.dds
169800156	type	icon_cash_item_coupon_hair_exchange_w_02_64.dds
169800457	type	icon_cash_item_coupon_hair_exchange_w_02_64.dds
169800052	type	icon_cash_item_coupon_hair_exchange_m_01_64.dds
169800353	type	icon_cash_item_coupon_hair_exchange_m_01_64.dds
169800152	type	icon_cash_item_coupon_hair_exchange_w_02_64.dds
169800453	type	icon_cash_item_coupon_hair_exchange_w_02_64.dds
169800151	type	icon_cash_item_coupon_hair_exchange_w_02_64.dds
169800452	type	icon_cash_item_coupon_hair_exchange_w_02_64.dds
169800169	type	icon_cash_item_coupon_hair_exchange_w_02_64.dds
169800470	type	icon_cash_item_coupon_hair_exchange_w_02_64.dds
169800170	type	icon_cash_item_coupon_hair_exchange_w_02_64.dds
169800471	type	icon_cash_item_coupon_hair_exchange_w_02_64.dds
169800155	type	icon_cash_item_coupon_hair_exchange_w_02_64.dds
169800456	type	icon_cash_item_coupon_hair_exchange_w_02_64.dds
169800153	type	icon_cash_item_coupon_hair_exchange_w_02_64.dds
169800454	type	icon_cash_item_coupon_hair_exchange_w_02_64.dds
125040118	type	icon_item_head01.dds
125040083	exact	icon_cash_item_gachae_head_01_64.dds
125045537	type	icon_item_head01.dds
125045242	exact	icon_item_cash_swimsuitsexy04_head_64.dds
125040080	type	icon_item_head01.dds
125040002	type	icon_item_head01.dds
125040172	type	icon_item_head01.dds
125045446	exact	icon_item_head_luxury_loli02_64.dds
125045445	exact	icon_item_head_luxury_loli01_64.dds
125040108	exact	icon_cash_item_missa_head_02_64.dds
125040247	exact	icon_cash_item_fruithat_head_03_64.dds
125003946	type	icon_item_head01.dds
125003949	exact	icon_item_shop_cat_head_02_64.dds
125003945	exact	icon_item_shop_party_head_01_64.dds
125045448	exact	icon_item_head_luxury_modernlook01_64.dds
125003948	exact	icon_item_shop_cat_head_01_64.dds
125045519	exact	icon_cash_item_koreandress_08a_head_64.dds
125040078	type	icon_item_head01.dds
125004118	exact	icon_item_shop_seethrough_head_01_64.dds
125040084	exact	icon_cash_item_nambawi_head_01_64.dds
125040038	exact	icon_cash_item_devil_head_01_64.dds
125045518	exact	icon_cash_item_koreandress_07a_head_64.dds
125040186	type	icon_item_head01.dds
125040079	type	icon_item_head01.dds
125040107	exact	icon_cash_item_missa_head_01_64.dds
125040252	exact	icon_cash_item_fruithat_head_08_64.dds
125040116	type	icon_item_head01.dds
125045244	type	icon_item_head01.dds
125040113	type	icon_item_head01.dds
125040037	type	icon_item_head01.dds
125045437	exact	icon_cash_item_snowboard_head_05_64.dds
125045567	type	icon_item_head01.dds
125040077	type	icon_item_head01.dds
125040081	exact	icon_cash_item_binyeo_head_01_64.dds
125040013	exact	icon_cash_item_grape_head_01_64.dds
125040082	exact	icon_cash_item_daenggi_head_01_64.dds
125040004	exact	icon_item_heart_head_01.dds
125045241	exact	icon_item_cash_swimsuitsexy03_head_64.dds
125040110	type	icon_item_head01.dds
125040111	type	icon_item_head01.dds
125040007	type	icon_item_head01.dds
125040008	exact	icon_cash_item_cherubim_head_02_64.dds
125040119	type	icon_item_head01.dds
125040009	exact	icon_cash_item_cherubim_head_03_64.dds
125040249	exact	icon_cash_item_fruithat_head_05_64.dds
125040250	exact	icon_cash_item_fruithat_head_06_64.dds
125045521	exact	icon_cash_item_feather_head_01_64.dds
125045542	exact	icon_cash_item_feather_head_01_special_64.dds
125004095	type	icon_item_head01.dds
125004096	type	icon_item_head01.dds
125004094	type	icon_item_head01.dds
125004097	type	icon_item_head01.dds
125040182	type	icon_item_head01.dds
125003947	type	icon_item_head01.dds
125040246	exact	icon_cash_item_fruithat_head_02_64.dds
125045520	type	icon_item_head01.dds
125045541	exact	icon_item_head_luxury_modernlook01_special_64.dds
125045539	exact	icon_cash_item_rabbit_01a_head_64.dds
125040120	type	icon_item_head01.dds
125040181	type	icon_item_head01.dds
125045516	type	icon_item_head01.dds
125040021	exact	icon_cash_item_porguss_head_02_64.dds
125040001	type	icon_item_head01.dds
125040003	type	icon_item_head01.dds
125045217	type	icon_item_head01.dds
125040022	exact	icon_cash_item_debrie_head_02_64.dds
125040065	type	icon_item_head01.dds
125040248	exact	icon_cash_item_fruithat_head_04_64.dds
125040245	exact	icon_cash_item_fruithat_head_01_64.dds
125045243	type	icon_item_head01.dds
125040127	type	icon_item_head01.dds
125040125	type	icon_item_head01.dds
125040126	type	icon_item_head01.dds
125045517	type	icon_item_head01.dds
125045538	exact	icon_cash_item_koreandress_09a_head_64.dds
125045436	exact	icon_cash_item_snowboard_head_04_64.dds
125040028	type	icon_item_head01.dds
125040112	exact	icon_cash_item_wizard_head_01_64.dds
125040180	exact	icon_cash_item_cap_03_64.dds
125040010	type	icon_item_head01.dds
125040067	type	icon_item_head01.dds
125040011	exact	icon_cash_item_sprigg_head_02_64.dds
125040012	exact	icon_cash_item_sprigg_head_03_64.dds
125040115	type	icon_item_head01.dds
125045218	type	icon_item_head01.dds
125045540	type	icon_item_head01.dds
125045545	exact	icon_cash_item_steampunk_head_01_special_64.dds
125040076	type	icon_item_head01.dds
125040005	type	icon_item_head01.dds
125045216	type	icon_item_head01.dds
125040006	type	icon_item_head01.dds
125040251	exact	icon_cash_item_fruithat_head_07_64.dds
125040117	type	icon_item_head01.dds
125040114	type	icon_item_head01.dds
190100005	exact	icon_item_wing04.dds
190100011	exact	icon_item_whale_002.dds
190100010	exact	icon_item_whale_001.dds
190100084	exact	icon_item_coloredcloud_003_64.dds
190100000	exact	icon_item_cloud_001.dds
190100090	exact	icon_item_coloredcloud_004_64.dds
190100107	type	icon_item_bike_002.dds
190100155	related	icon_item_bike_001.dds
190100127	exact	icon_item_snowboard_02_64.dds
190100049	exact	icon_item_crestlich_01.dds
190100051	exact	icon_item_pagati_003.dds
190100078	exact	icon_item_coloredcloud_002_64.dds
190100167	type	icon_item_bike_002.dds
190100048	type	icon_item_bike_002.dds
190100046	type	icon_item_bike_002.dds
190100146	exact	icon_cash_midhorse_01_64.dds
190100042	related	icon_item_pagati_001.dds
190100131	type	icon_item_bike_002.dds
190100163	exact	icon_cash_chickenrider_01_64.dds
190100032	related	icon_item_pagati_002.dds
190100003	exact	icon_item_pagati_001.dds
190100004	exact	icon_item_pagati_002.dds
190100115	exact	icon_item_coloredhorse_002_64.dds
190100154	type	icon_item_bike_002.dds
190100156	related	icon_item_pagati_001.dds
190100006	exact	icon_item_wing05.dds
190100072	exact	icon_item_coloredcloud_001_64.dds
190100109	exact	icon_item_coloredhorse_001_64.dds
190100037	type	icon_item_bike_002.dds
190100143	exact	icon_item_ride_surfboard_64.dds
190100008	exact	icon_item_bike_001.dds
190100023	related	icon_item_bike_002.dds
190100009	exact	icon_item_bike_002.dds
190100134	type	icon_item_bike_002.dds
190100053	exact	icon_item_bike_003.dds
190100052	exact	icon_item_bike_004_64.dds
190100121	exact	icon_item_steampunk_001_64.dds
190100065	exact	icon_cash_bike_sf_01_64.dds
190100150	exact	icon_cash_shugoplane_01_64.dds
190100139	exact	icon_cash_spacehover_01_64.dds
190100007	exact	icon_item_wing06.dds
190100108	exact	icon_item_snowboard_01_64.dds
190100128	exact	icon_item_snowboard_03_64.dds
190100157	type	icon_item_bike_002.dds
190100159	exact	icon_cash_rocket_01_64.dds
190100047	exact	icon_item_legion_horse_01.dds
190100012	exact	icon_item_whale_003.dds
110900218	type	Icon_Item_Plate01A.dds
110900217	type	Icon_Item_Plate01A.dds
110900063	exact	icon_item_highdressl01.dds
110900099	type	icon_cash_item_blackdress_body_01_64.dds
110900885	type	icon_cash_item_blackdress_body_01_64.dds
110900125	type	icon_cash_item_blackdress_body_01_64.dds
110900552	exact	icon_item_cash_swimsuitsexy04_body_64.dds
110900213	type	Icon_Item_Plate01A.dds
110900763	exact	icon_item_torso_luxury_loli02_64.dds
110900762	exact	icon_item_torso_luxury_loli01_64.dds
110900080	exact	icon_cash_item_russiandress01_body_64.dds
110101732	exact	icon_item_shop_sexy_body_01_64.dds
111101567	exact	icon_item_shop_cat_hand_02_64.dds
113101579	exact	icon_item_shop_cat_leg_02_64.dds
114101613	exact	icon_item_shop_cat_foot_02_64.dds
112101517	exact	icon_item_shop_cat_shoulder_02_64.dds
110101735	exact	icon_item_shop_cat_body_02_64.dds
110101731	exact	icon_item_shop_party_body_01_64.dds
110900032	exact	icon_item_chinesedress_01a.dds
110900126	exact	icon_item_highdressgt_li.dds
110900767	type	Icon_Item_Plate01A.dds
110900764	exact	icon_item_torso_luxury_moderndress01_64.dds
110900765	exact	icon_item_torso_luxury_modernlook01_64.dds
110900104	exact	icon_cash_item_swimsuit_03_64.dds
110900118	type	Icon_Item_Plate01A.dds
110900215	exact	icon_cash_item_schoollook_body_01_64.dds
110900087	exact	icon_cash_item_wgcos_03_64.dds
110101734	exact	icon_item_shop_cat_body_01_64.dds
111101566	exact	icon_item_shop_cat_hand_01_64.dds
113101578	exact	icon_item_shop_cat_leg_01_64.dds
114101612	exact	icon_item_shop_cat_foot_01_64.dds
112101516	exact	icon_item_shop_cat_shoulder_01_64.dds
110900864	exact	icon_ms_torso_koreandress_08a_64.dds
110900103	exact	icon_cash_item_swimsuit_01_64.dds
110900116	type	Icon_Item_Plate01A.dds
110101829	exact	icon_item_shop_seethrough_body_01_64.dds
110900079	exact	icon_cash_item_americandress01_body_64.dds
110900100	type	icon_cash_item_blackdress_body_01_64.dds
110900064	exact	icon_item_highdressl02.dds
110900859	type	Icon_Item_Plate01A.dds
110900863	exact	icon_ms_torso_koreandress_07a_64.dds
110900772	type	Icon_Item_Plate01A.dds
110900048	exact	icon_cash_item_lineage2_body_01_64.dds
110900049	exact	icon_cash_item_lineage2_body_02_64.dds
110900050	exact	icon_cash_item_lineage2_body_03_64.dds
110900027	type	icon_cash_item_blackdress_body_01_64.dds
110900554	type	Icon_Item_Plate01A.dds
114000015	exact	icon_cash_item_deva_shoes_01_64.dds
110900737	type	Icon_Item_Plate01A.dds
110900136	exact	icon_cash_item_missa_body_01_64.dds
110900028	type	icon_cash_item_blackdress_body_01_64.dds
110900127	exact	icon_item_highdressgt_da.dds
110900065	type	icon_cash_item_blackdress_body_01_64.dds
110900223	exact	icon_cash_item_hoodt_body_03_64.dds
110900866	exact	icon_ms_torso_halloween_01a_64.dds
110900059	exact	icon_cash_item_koreandress_body_m_03_64.dds
110900068	type	icon_cash_item_blackdress_body_01_64.dds
110900081	exact	icon_cash_item_europeandress01_body_64.dds
110900085	exact	icon_cash_item_wgcos_01_64.dds
110900105	exact	icon_cash_item_swimsuit_02_64.dds
110900117	type	Icon_Item_Plate01A.dds
110900031	exact	icon_item_taiwanesedress_01a.dds
110900140	exact	icon_cash_item_deva_body_01_64.dds
110900030	exact	icon_item_japanesedress_01a.dds
110900232	type	Icon_Item_Plate01A.dds
110900770	type	Icon_Item_Plate01A.dds
110900769	type	Icon_Item_Plate01A.dds
110900551	exact	icon_item_cash_swimsuitsexy03_body_64.dds
110900768	type	Icon_Item_Plate01A.dds
110900860	type	Icon_Item_Plate01A.dds
110900963	type	Icon_Item_Plate01A.dds
110900964	type	Icon_Item_Plate01A.dds
110900962	type	Icon_Item_Plate01A.dds
114301799	type	Icon_Item_Plate01A.dds
110601596	type	Icon_Item_Plate01A.dds
113301762	type	Icon_Item_Plate01A.dds
114501716	type	Icon_Item_Plate01A.dds
113501706	type	Icon_Item_Plate01A.dds
111601559	type	Icon_Item_Plate01A.dds
111101630	type	Icon_Item_Plate01A.dds
113601542	type	Icon_Item_Plate01A.dds
111501688	type	Icon_Item_Plate01A.dds
110551129	type	Icon_Item_Plate01A.dds
110301793	type	Icon_Item_Plate01A.dds
113101642	type	Icon_Item_Plate01A.dds
112101580	type	Icon_Item_Plate01A.dds
114601549	type	Icon_Item_Plate01A.dds
114101676	type	Icon_Item_Plate01A.dds
112301670	type	Icon_Item_Plate01A.dds
112601541	type	Icon_Item_Plate01A.dds
112501627	type	Icon_Item_Plate01A.dds
110101812	type	Icon_Item_Plate01A.dds
111301731	type	Icon_Item_Plate01A.dds
110900066	exact	icon_item_highdresss02.dds
110900101	type	icon_cash_item_blackdress_body_01_64.dds
110101733	type	icon_cash_item_blackdress_body_01_64.dds
110900773	type	Icon_Item_Plate01A.dds
110900868	type	Icon_Item_Plate01A.dds
110900867	exact	icon_ms_torso_rabbit_01a_64.dds
110900214	exact	icon_cash_item_shirt_body_01_64.dds
110900230	type	Icon_Item_Plate01A.dds
110900089	exact	icon_cash_item_wgcos_04_64.dds
110900067	exact	icon_item_highdresslo01.dds
110900102	type	icon_cash_item_blackdress_body_01_64.dds
110900869	exact	icon_ms_torso_feather_01_64.dds
110900862	type	Icon_Item_Plate01A.dds
110900061	exact	icon_cash_item_porguss_body_01_64.dds
114000008	exact	icon_cash_item_porguss_shoes_01_64.dds
111000008	exact	icon_cash_item_porguss_glove_01_64.dds
110900128	exact	icon_item_highdressmd_li.dds
110900887	type	Icon_Item_Plate01A.dds
110900442	exact	icon_cash_item_snake_body_02_64.dds
110900231	type	Icon_Item_Plate01A.dds
110900211	exact	icon_cash_item_koreandress_body_05_64.dds
110900771	type	Icon_Item_Plate01A.dds
110900062	exact	icon_cash_item_debrie_body_01_64.dds
111000009	exact	icon_cash_item_debrie_glove_01_64.dds
114000009	exact	icon_cash_item_debrie_shoes_01_64.dds
110900129	exact	icon_item_highdressmd_02_da.dds
110900553	type	Icon_Item_Plate01A.dds
110900865	exact	icon_ms_torso_koreandress_09a_64.dds
110900738	type	Icon_Item_Plate01A.dds
110900026	type	Icon_Item_Plate01A.dds
110900139	exact	icon_cash_item_wizard_body_01_64.dds
110900090	exact	icon_cash_item_wgcos_06_64.dds
110900441	exact	icon_cash_item_snake_body_01_64.dds
110900033	exact	icon_item_chinesedress_02a.dds
110900137	exact	icon_cash_item_missa_body_02_64.dds
110900029	type	icon_cash_item_blackdress_body_01_64.dds
110900212	type	Icon_Item_Plate01A.dds
110900088	exact	icon_cash_item_wgcos_05_64.dds
110900858	type	Icon_Item_Plate01A.dds
110900443	exact	icon_cash_item_snake_body_03_64.dds
110900216	exact	icon_cash_item_schoollook_body_02_64.dds
110900846	exact	icon_cash_item_swimsuitsexy05_64.dds
110900847	exact	icon_cash_item_swimsuitsexy06_64.dds
110900848	exact	icon_cash_item_swimsuitsexy07_64.dds
110900861	type	Icon_Item_Plate01A.dds
110900086	exact	icon_cash_item_wgcos_02_64.dds
110900060	exact	icon_cash_item_weddingdress_body_01_64.dds
110900138	exact	icon_cash_item_missa_body_03_64.dds
190020007	type	Icon_Item_Egg02.dds
190020203	type	icon_item_egg03.dds
190020034	type	Icon_Item_Egg02.dds
190020031	type	Icon_Item_Egg02.dds
190000063	type	Icon_Item_Egg02.dds
190000054	type	Icon_Item_Egg02.dds
190010005	type	Icon_Item_Egg02.dds
190010006	type	icon_item_egg03.dds
190000039	type	Icon_Item_Egg02.dds
190000064	type	icon_item_egg03.dds
190020083	type	icon_item_egg03.dds
190020084	type	Icon_Item_Egg01.dds
190020089	type	icon_item_egg03.dds
190000058	type	icon_item_egg03.dds
190020012	type	Icon_Item_Egg01.dds
190020015	type	Icon_Item_Egg01.dds
190000052	type	icon_item_egg03.dds
190020002	type	icon_item_egg03.dds
190020219	type	Icon_Item_Egg01.dds
190020078	type	Icon_Item_Egg01.dds
190020026	type	icon_item_egg03.dds
190000020	type	Icon_Item_Egg01.dds
190000026	type	Icon_Item_Egg01.dds
190020070	type	Icon_Item_Egg02.dds
190020014	type	icon_item_egg03.dds
190020073	type	Icon_Item_Egg02.dds
190000073	type	icon_item_egg03.dds
190000036	type	Icon_Item_Egg02.dds
190000057	type	Icon_Item_Egg02.dds
190020050	type	icon_item_egg03.dds
190020164	type	icon_item_egg03.dds
190020049	type	Icon_Item_Egg02.dds
190000027	type	Icon_Item_Egg02.dds
190020090	type	Icon_Item_Egg01.dds
190000035	type	Icon_Item_Egg01.dds
190020136	type	Icon_Item_Egg02.dds
190020135	type	Icon_Item_Egg01.dds
190020137	type	icon_item_egg03.dds
190020074	type	icon_item_egg03.dds
190020075	type	Icon_Item_Egg01.dds
190020072	type	Icon_Item_Egg01.dds
190000053	type	Icon_Item_Egg01.dds
190000047	type	Icon_Item_Egg01.dds
190000048	exact	icon_item_petadoption_01_u.dds
190020180	type	Icon_Item_Egg01.dds
190020062	type	icon_item_egg03.dds
190000017	type	Icon_Item_Egg01.dds
190000019	type	icon_item_egg03.dds
190020237	type	Icon_Item_Egg01.dds
190000046	type	icon_item_egg03.dds
190010000	exact	icon_cash_item_petadoption_01_r.dds
190020087	type	Icon_Item_Egg01.dds
190000056	type	Icon_Item_Egg01.dds
190020077	type	icon_item_egg03.dds
190020201	type	Icon_Item_Egg01.dds
190000065	type	Icon_Item_Egg01.dds
190000066	type	Icon_Item_Egg02.dds
190020023	type	icon_item_egg03.dds
190000041	type	Icon_Item_Egg01.dds
190020079	type	Icon_Item_Egg02.dds
190000023	type	Icon_Item_Egg01.dds
190000014	exact	icon_item_petadoption_01_l.dds
190020006	type	Icon_Item_Egg01.dds
190000012	exact	icon_item_petadoption_01_r.dds
190020003	type	Icon_Item_Egg01.dds
190020022	type	Icon_Item_Egg02.dds
190000021	type	Icon_Item_Egg02.dds
190020082	type	Icon_Item_Egg02.dds
190020017	type	icon_item_egg03.dds
190020235	type	Icon_Item_Egg02.dds
190020018	type	Icon_Item_Egg01.dds
190000034	type	icon_item_egg03.dds
190020059	type	icon_item_egg03.dds
190000033	type	Icon_Item_Egg02.dds
190020028	type	Icon_Item_Egg02.dds
190020088	type	Icon_Item_Egg02.dds
190000049	type	icon_item_egg03.dds
190020013	type	Icon_Item_Egg02.dds
190020223	type	Icon_Item_Egg02.dds
190020114	type	Icon_Item_Egg01.dds
190000051	type	Icon_Item_Egg02.dds
190020060	type	Icon_Item_Egg01.dds
190070010	type	Icon_Item_Egg01.dds
190010001	type	Icon_Item_Egg01.dds
190000031	type	icon_item_egg03.dds
190000055	type	icon_item_egg03.dds
190000011	type	Icon_Item_Egg01.dds
190020161	type	icon_item_egg03.dds
190020086	type	icon_item_egg03.dds
190000010	exact	icon_item_petadoption_01_c.dds
190000060	type	Icon_Item_Egg02.dds
190020076	type	Icon_Item_Egg02.dds
190000059	type	Icon_Item_Egg01.dds
190020063	type	Icon_Item_Egg01.dds
190000022	type	icon_item_egg03.dds
190000013	type	icon_item_egg03.dds
190020205	type	Icon_Item_Egg02.dds
190000075	type	Icon_Item_Egg02.dds
190020010	type	Icon_Item_Egg02.dds
190000016	type	icon_item_egg03.dds
190020221	type	icon_item_egg03.dds
190020170	type	icon_item_egg03.dds
190020168	type	Icon_Item_Egg01.dds
190020169	type	Icon_Item_Egg02.dds
190020167	type	icon_item_egg03.dds
190020176	type	icon_item_egg03.dds
190020172	type	Icon_Item_Egg02.dds
190020171	type	Icon_Item_Egg01.dds
190020187	type	Icon_Item_Egg02.dds
190020181	type	Icon_Item_Egg02.dds
190020178	type	Icon_Item_Egg02.dds
190020188	type	icon_item_egg03.dds
190020186	type	Icon_Item_Egg01.dds
190020183	type	Icon_Item_Egg01.dds
190020179	type	icon_item_egg03.dds
190020184	type	Icon_Item_Egg02.dds
190020182	type	icon_item_egg03.dds
190020177	type	Icon_Item_Egg01.dds
190020185	type	icon_item_egg03.dds
190020165	type	Icon_Item_Egg01.dds
190020173	type	icon_item_egg03.dds
190020166	type	Icon_Item_Egg02.dds
190020189	type	Icon_Item_Egg01.dds
190020020	type	icon_item_egg03.dds
190020019	type	Icon_Item_Egg02.dds
190070017	type	Icon_Item_Egg02.dds
190000045	type	Icon_Item_Egg02.dds
190000018	type	Icon_Item_Egg02.dds
190020001	type	Icon_Item_Egg02.dds
190020061	type	Icon_Item_Egg02.dds
190020109	type	Icon_Item_Egg02.dds
190020047	type	icon_item_egg03.dds
190020058	type	Icon_Item_Egg02.dds
190020230	type	icon_item_egg03.dds
190020057	type	Icon_Item_Egg01.dds
190000077	type	Icon_Item_Egg01.dds
190020138	type	Icon_Item_Egg01.dds
190000015	type	Icon_Item_Egg02.dds
190000067	type	icon_item_egg03.dds
190020234	type	Icon_Item_Egg01.dds
190020175	type	Icon_Item_Egg02.dds
190000061	type	icon_item_egg03.dds
190020030	type	Icon_Item_Egg01.dds
190020071	type	icon_item_egg03.dds
190020228	type	Icon_Item_Egg01.dds
190020208	type	Icon_Item_Egg02.dds
190020027	type	Icon_Item_Egg01.dds
190020174	type	Icon_Item_Egg01.dds
190000071	type	Icon_Item_Egg01.dds
190010003	exact	icon_cash_item_petadoption_01_l_64.dds
190000062	type	Icon_Item_Egg01.dds
190020064	type	Icon_Item_Egg02.dds
190020081	type	Icon_Item_Egg01.dds
190000025	type	icon_item_egg03.dds
190000050	type	Icon_Item_Egg01.dds
190000024	type	Icon_Item_Egg02.dds
190000078	type	Icon_Item_Egg02.dds
190020080	type	icon_item_egg03.dds
190020198	type	Icon_Item_Egg01.dds
162000030	exact	icon_item_potion_hp05.dds
162000092	type	icon_item_potion_hp02_1.dds
162000098	type	icon_item_potion_mp02_1.dds
162000090	type	icon_item_potion_hp02_1.dds
162000096	type	icon_item_potion_mp02_1.dds
162000088	type	icon_item_potion_hp02_1.dds
162000094	type	icon_item_potion_mp02_1.dds
162000091	type	icon_item_potion_hp02_1.dds
162000097	type	icon_item_potion_mp02_1.dds
162000087	type	icon_item_potion_hp02_1.dds
162000093	type	icon_item_potion_mp02_1.dds
162000089	type	icon_item_potion_hp02_1.dds
162000095	type	icon_item_potion_mp02_1.dds
169630000	exact	item_card_cube01.dds
169630002	type	icon_cash_item_card_cube01_64.dds
169630003	type	icon_cash_item_card_cube01_64.dds
169630007	type	icon_cash_item_card_cube01_64.dds
169640000	exact	icon_cash_item_card_cube02_64.dds
169640002	type	icon_cash_item_card_cube01_64.dds
169640004	type	icon_cash_item_card_cube01_64.dds
169640006	type	icon_cash_item_card_cube01_64.dds
169630004	type	icon_cash_item_card_cube01_64.dds
169610020	exact	icon_cash_item_card_title_03_64.dds
169610010	exact	icon_cash_item_card_title_02_64.dds
169610000	exact	icon_cash_item_card_title_01_64.dds
169610137	type	icon_cash_item_card_title_02_64.dds
169610091	type	icon_cash_item_card_title_01_64.dds
169610032	type	icon_cash_item_card_title_02_64.dds
169610031	type	icon_cash_item_card_title_01_64.dds
169610030	type	icon_cash_item_card_title_03_64.dds
169610152	type	icon_cash_item_card_title_02_64.dds
169610092	type	icon_cash_item_card_title_02_64.dds
169610093	type	icon_cash_item_card_title_03_64.dds
169610145	type	icon_cash_item_card_title_01_64.dds
169610158	type	icon_cash_item_card_title_02_64.dds
169610102	type	icon_cash_item_card_title_03_64.dds
169610103	type	icon_cash_item_card_title_01_64.dds
169610101	type	icon_cash_item_card_title_02_64.dds
169610304	type	icon_cash_item_card_title_01_64.dds
169610306	type	icon_cash_item_card_title_03_64.dds
169610307	type	icon_cash_item_card_title_01_64.dds
169610305	type	icon_cash_item_card_title_02_64.dds
169610133	type	icon_cash_item_card_title_01_64.dds
169610333	type	icon_cash_item_card_title_03_64.dds
169610311	type	icon_cash_item_card_title_02_64.dds
169610344	type	icon_cash_item_card_title_02_64.dds
169610332	type	icon_cash_item_card_title_02_64.dds
169610132	type	icon_cash_item_card_title_03_64.dds
169610336	type	icon_cash_item_card_title_03_64.dds
169610302	type	icon_cash_item_card_title_02_64.dds
169610303	type	icon_cash_item_card_title_03_64.dds
169610301	type	icon_cash_item_card_title_01_64.dds
169610154	type	icon_cash_item_card_title_01_64.dds
169610308	type	icon_cash_item_card_title_02_64.dds
169610342	type	icon_cash_item_card_title_03_64.dds
169610343	type	icon_cash_item_card_title_01_64.dds
169610341	type	icon_cash_item_card_title_02_64.dds
169610111	type	icon_cash_item_card_title_03_64.dds
169610157	type	icon_cash_item_card_title_01_64.dds
169610310	type	icon_cash_item_card_title_01_64.dds
169610110	type	icon_cash_item_card_title_02_64.dds
169610150	type	icon_cash_item_card_title_03_64.dds
169610347	type	icon_cash_item_card_title_02_64.dds
169610348	type	icon_cash_item_card_title_03_64.dds
169610337	type	icon_cash_item_card_title_01_64.dds
169610338	type	icon_cash_item_card_title_02_64.dds
169610131	type	icon_cash_item_card_title_02_64.dds
169610128	type	icon_cash_item_card_title_02_64.dds
169610334	type	icon_cash_item_card_title_01_64.dds
169610099	type	icon_cash_item_card_title_03_64.dds
169610340	type	icon_cash_item_card_title_01_64.dds
169610098	type	icon_cash_item_card_title_02_64.dds
169610309	type	icon_cash_item_card_title_03_64.dds
169610136	type	icon_cash_item_card_title_01_64.dds
169610106	type	icon_cash_item_card_title_01_64.dds
169610104	type	icon_cash_item_card_title_02_64.dds
169610105	type	icon_cash_item_card_title_03_64.dds
169610107	type	icon_cash_item_card_title_02_64.dds
169610127	type	icon_cash_item_card_title_01_64.dds
169610155	type	icon_cash_item_card_title_02_64.dds
169610108	type	icon_cash_item_card_title_03_64.dds
169610327	type	icon_cash_item_card_title_03_64.dds
169610328	type	icon_cash_item_card_title_01_64.dds
169610097	type	icon_cash_item_card_title_01_64.dds
169610033	type	icon_cash_item_card_title_03_64.dds
169610135	type	icon_cash_item_card_title_03_64.dds
169610331	type	icon_cash_item_card_title_01_64.dds
169610156	type	icon_cash_item_card_title_03_64.dds
169610109	type	icon_cash_item_card_title_01_64.dds
169610335	type	icon_cash_item_card_title_02_64.dds
169610112	type	icon_cash_item_card_title_01_64.dds
169610312	type	icon_cash_item_card_title_03_64.dds
169610339	type	icon_cash_item_card_title_03_64.dds
169610134	type	icon_cash_item_card_title_02_64.dds
100000879	exact	icon_cash_item_sword_ac01_64.dds
102101002	type	icon_item_keyblade_u01_64.dds
115000959	exact	icon_cash_item_shield_ac01_64.dds
101700719	exact	icon_cash_item_bow_ac01_64.dds
100201567	type	icon_item_dagger_u01.dds
102001279	type	icon_item_harp_u01.dds
100900681	exact	icon_cash_item_2hsword_ac01_64.dds
100901446	type	icon_item_2hsword_u01.dds
100201591	type	icon_item_dagger_u01.dds
115001835	type	icon_item_shield_u01.dds
102101001	type	icon_item_keyblade_u01_64.dds
101501411	type	icon_item_staff_u01.dds
102101062	exact	icon_item_shop_cat_keyblade_01_64.dds
101701427	type	icon_item_bow_u01.dds
100501371	type	icon_item_orb_u01.dds
115001866	type	icon_item_shield_u01.dds
102101003	type	icon_item_keyblade_u01_64.dds
101500695	exact	icon_cash_item_staff_ac01_64.dds
100001806	type	icon_item_sword_u01.dds
100501359	type	icon_item_orb_u01.dds
101300652	exact	icon_cash_item_polearm_ac01_64.dds
101901105	type	icon_item_cannon_u01.dds
101701344	type	icon_item_bow_u01.dds
102101038	type	icon_item_keyblade_u01_64.dds
100201479	type	icon_item_dagger_u01.dds
102001222	type	icon_item_harp_u01.dds
100101307	type	icon_item_mace_u01.dds
100501293	type	icon_item_orb_u01.dds
101801194	type	icon_item_gun_u01.dds
101301245	type	icon_item_polearm_u01.dds
115001733	type	icon_item_shield_u01.dds
101501336	type	icon_item_staff_u01.dds
100001708	type	icon_item_sword_u01.dds
100901342	type	icon_item_2hsword_u01.dds
100200803	exact	icon_cash_item_dagger_ac01_64.dds
100901428	type	icon_item_2hsword_u01.dds
102101004	type	icon_item_keyblade_u01_64.dds
101300817	type	icon_item_polearm_u01.dds
100101411	type	icon_item_mace_u01.dds
101700892	type	icon_item_bow_u01.dds
100100613	exact	icon_cash_item_mace_ac01_64.dds
102101096	type	icon_item_keyblade_u01_64.dds
100500695	exact	icon_cash_item_orb_ac01_64.dds
100100853	type	icon_item_mace_u01.dds
100200982	type	icon_item_dagger_u01.dds
101300991	type	icon_item_polearm_u01.dds
100101035	type	icon_item_mace_u01.dds
100201205	type	icon_item_dagger_u01.dds
101501065	type	icon_item_staff_u01.dds
101701074	type	icon_item_bow_u01.dds
115001409	type	icon_item_shield_u01.dds
100901049	type	icon_item_2hsword_u01.dds
100501048	type	icon_item_orb_u01.dds
100001357	type	icon_item_sword_u01.dds
101501426	type	icon_item_staff_u01.dds
115001186	type	icon_item_shield_u01.dds
100900850	type	icon_item_2hsword_u01.dds
100500867	type	icon_item_orb_u01.dds
101701412	type	icon_item_bow_u01.dds
100001114	type	icon_item_sword_u01.dds
100001826	type	icon_item_sword_u01.dds
101301332	type	icon_item_polearm_u01.dds
101801253	type	icon_item_gun_u01.dds
102100899	type	icon_item_keyblade_u01_64.dds
101301318	type	icon_item_polearm_u01.dds
101500876	type	icon_item_staff_u01.dds
187050027	type	icon_item_wing04.dds
187050007	type	icon_item_wing05.dds
187060175	type	Icon_Item_Wing02.dds
187060013	type	Icon_Item_Wing01.dds
187060001	type	icon_item_wing03.dds
187060007	type	Icon_Item_Wing02.dds
187050029	type	icon_item_wing06.dds
187060010	type	icon_item_wing05.dds
187060012	type	icon_item_wing07.dds
187060009	type	icon_item_wing04.dds
187060008	type	icon_item_wing03.dds
187060011	type	icon_item_wing06.dds
187060000	type	Icon_Item_Wing02.dds
187060174	type	Icon_Item_Wing01.dds
187050031	type	Icon_Item_Wing01.dds
187050028	type	icon_item_wing05.dds
187050026	exact	icon_cash_item_wing_shine02_64.dds
187050030	type	icon_item_wing07.dds
110900083	related	icon_cash_item_debrie_body_01_64.dds
110900084	related	icon_cash_item_weddingdress_body_02_64.dds
110900113	related	icon_cash_item_porguss_body_01_64.dds
125040062	related	icon_cash_item_porguss_head_01_64.dds
125040070	related	icon_cash_item_rabbit_head_01.dds
125040072	related	icon_cash_item_sunflower_head_01_64.dds
125040074	related	icon_cash_item_devil_head_01_64.dds
125040183	related	icon_cash_item_glasses_01_64.dds
162000085	related	icon_item_potion_hp02_1.dds
162000086	related	icon_item_potion_mp02_1.dds
164002022	related	icon_return_token_01.dds
164002023	related	icon_return_token_01.dds
110900069	exact	icon_item_manufacture01.dds
110900110	exact	icon_cash_item_valentineday_body_01_64.dds
110900112	exact	icon_cash_item_foolsday_body_01_64.dds
110900340	exact	icon_item_valentine_event_torso_01_64.dds
110900341	exact	icon_item_valentine_event_torso_02_64.dds
110900342	exact	icon_item_white_event_torso_01_64.dds
110900343	exact	icon_item_white_event_torso_02_64.dds
110900344	exact	icon_cash_item_genie_body_01_64.dds
110900353	exact	icon_cash_item_maid_body_01_64.dds
110900357	exact	icon_cash_item_maid_body_02_64.dds
110900368	exact	icon_cash_item_diving_body_01_64.dds
110900384	exact	icon_cash_item_ninja_body_01_64.dds
110900385	exact	icon_cash_item_ninja_body_02_64.dds
110900396	exact	icon_cash_item_animal_body_01_64.dds
110900397	exact	icon_cash_item_animal_body_02_64.dds
110900398	exact	icon_cash_item_animal_body_03_64.dds
110900399	exact	icon_cash_item_sf_body_01_64.dds
110900400	exact	icon_cash_item_lineage2_maje_body_01_64.dds
110900401	exact	icon_cash_item_lineage2_maje_body_02_64.dds
110900402	exact	icon_cash_item_lineage2_maje_body_03_64.dds
110900403	exact	icon_cash_item_gold_body_01_64.dds
110900404	exact	icon_cash_item_leopard_body_01_64.dds
110900405	exact	icon_cash_item_nurse_body_01_64.dds
110900406	exact	icon_cash_item_nurse_body_02_64.dds
110900407	exact	icon_cash_item_doctor_body_01_64.dds
110900408	exact	icon_cash_item_couplet_body_01_64.dds
110900413	exact	icon_cash_item_printingt_body_02_64.dds
110900414	exact	icon_cash_item_printingt_body_03_64.dds
110900420	exact	icon_cash_item_shirtoff_body_01_64.dds
110900440	exact	icon_event_cl_cash_iu01_body_64.dds
110900447	exact	icon_cash_item_leopardbikini_body_01_64.dds
110900448	exact	icon_cash_item_leopardbikini_body_02_64.dds
110900508	exact	icon_cash_item_sexyclub_body_01_64.dds
110900509	exact	icon_cash_item_sexyclub_body_02_64.dds
110900537	exact	icon_cash_item_leopardsuit_body_01_64.dds
110900538	exact	icon_cash_item_leopardsuit_body_02_64.dds
110900569	exact	icon_event_ms_torso_koreandress_01_64.dds
110900680	exact	icon_cash_item_snowman_64.dds
110900778	exact	icon_cash_item_blackdress_body_01_64.dds
110900781	exact	icon_cash_item_tuningstyle_body_01_64.dds
110900784	exact	icon_cash_item_tuningstyle_body_02_64.dds
110900787	exact	icon_cash_item_worldbaseball_body_01_64.dds
110900821	exact	icon_cash_item_blackswan_body_01_64.dds
110900824	exact	icon_cash_item_swimsuittatoo_body_01_64.dds
110900830	exact	icon_cash_item_space_body_01_64.dds
110900833	exact	icon_cash_item_brucelee_body_03_64.dds
110900836	exact	icon_cash_item_bathwear_body_01_64.dds
110900839	exact	icon_cash_item_metalspiky_body_01_64.dds
110900842	exact	icon_cash_item_maid_body_03_64.dds
110900855	exact	icon_cash_item_whitedress_body_01_64.dds
110900870	exact	icon_cash_item_honeybunny_body_01_64.dds
110900873	exact	icon_cash_item_sexyshirt_body_01_64.dds
110900876	exact	icon_cash_item_shugobag_body_01_64.dds
110900879	exact	icon_cash_item_spiritofmonk_body_01_64.dds
110900882	exact	icon_cash_item_midknight_body_01_64.dds
110900920	exact	icon_cash_item_fancyguard_body_01_64.dds
110900923	exact	icon_cash_item_fancysuit_body_01_64.dds
110900926	exact	icon_cash_item_fancyschool_body_01_64.dds
110900929	exact	icon_cash_item_fancywedding_body_01_64.dds
110900932	exact	icon_cash_item_fancyChristmas_body_01_64.dds
110900949	exact	icon_cash_item_springbreeze_body_01_64.dds
110900952	exact	icon_cash_item_spanish_body_01_64.dds
110900955	exact	icon_cash_item_stripe_body_01_64.dds
110900958	exact	icon_cash_item_Cloudmaster_body_01_64.dds
110900965	exact	icon_cash_item_cowboy_body_01_64.dds
110900968	exact	icon_cash_item_fancyparty_body_01_64.dds
110900971	exact	icon_cash_item_fancybutterfly_body_01_64.dds
125040053	exact	icon_cash_item_valentineday_head_01_64.dds
125040054	exact	icon_cash_item_valentineday_head_02_64.dds
125040055	exact	icon_cash_item_valentineday_head_03_64.dds
125040056	exact	icon_cash_item_whiteday_head_01_64.dds
125040057	exact	icon_cash_item_whiteday_head_02_64.dds
125040058	exact	icon_cash_item_whiteday_head_03_64.dds
125040059	exact	icon_cash_item_foolsday_head_01_64.dds
125040095	exact	icon_cash_item_zaif_head_01_64.dds
125040096	exact	icon_cash_item_viking_head_01_64.dds
125040098	exact	icon_cash_item_hiiv_head_01_64.dds
125040099	exact	icon_cash_item_fethlot_head_01_64.dds
125040101	exact	icon_cash_item_daru_head_01_64.dds
125040102	exact	icon_cash_item_Muta_head_01_64.dds
125040103	exact	icon_cash_item_frillfaimam_head_01_64.dds
125040104	exact	icon_cash_item_fungy_head_01_64.dds
125040105	exact	icon_cash_item_spaky_head_01_64.dds
125040106	exact	icon_cash_item_minx_head_01_64.dds
187060103	exact	icon_cash_item_wing_shine03_64.dds
187060136	exact	icon_cash_item_wing_steampunk01_64.dds
187060142	exact	icon_cash_item_wing_steampunk02_64.dds
187060148	exact	icon_cash_item_wing_steampunk03_64.dds
187060154	exact	icon_cash_item_wing_eletronic01_64.dds
187060162	exact	icon_cash_item_wing_mono_01_64.dds
187060166	exact	icon_cash_item_wing_burningchilling_01_64.dds
187060170	exact	icon_cash_item_wing_burningchilling_02_64.dds
187060176	exact	icon_cash_item_wing_hglider_01_64.dds
164000085	exact	Icon_Item_Scroll02.dds
164000086	type	icon_item_return_coin_02_64.dds
164000087	type	icon_item_return_coin_02_64.dds
164000088	type	icon_item_return_coin_02_64.dds
164000089	type	icon_item_return_coin_02_64.dds
164000090	type	icon_item_return_coin_02_64.dds
164000091	type	icon_item_return_coin_02_64.dds
164000092	type	icon_item_return_coin_02_64.dds
164000093	exact	Icon_Item_Bead01.dds
164000094	type	icon_item_return_coin_02_64.dds
164000097	type	icon_item_return_coin_02_64.dds
164000098	type	icon_item_return_coin_02_64.dds
164000106	type	icon_item_return_coin_02_64.dds
164000107	type	icon_item_return_coin_02_64.dds
164000152	exact	icon_item_scroll15.dds
164000153	type	icon_item_return_coin_02_64.dds
164000184	type	icon_item_return_coin_02_64.dds
164000185	type	icon_item_return_coin_02_64.dds
164000250	exact	icon_item_scroll16.dds
164000317	type	icon_item_return_coin_02_64.dds
164000318	type	icon_item_return_coin_02_64.dds
164000335	exact	icon_item_elim_skillstone_02.dds
164000336	type	icon_item_return_coin_02_64.dds
164000343	type	icon_item_return_coin_02_64.dds
164000344	type	icon_item_return_coin_02_64.dds
164001006	type	icon_item_return_coin_02_64.dds
164001007	type	icon_item_return_coin_02_64.dds
164002007	type	icon_item_return_coin_02_64.dds
164002008	type	icon_item_return_coin_02_64.dds
164002020	type	icon_item_return_coin_02_64.dds
164002021	type	icon_item_return_coin_02_64.dds
164002039	exact	icon_item_scroll08.dds
164002040	type	icon_cash_item_card_cube02_64.dds
164002041	type	icon_cash_item_card_cube02_64.dds
164002042	type	icon_item_return_coin_02_64.dds
164002043	type	icon_item_return_coin_02_64.dds
164002050	type	icon_item_return_coin_02_64.dds
164002051	type	icon_item_return_coin_02_64.dds
164002052	type	icon_item_return_coin_02_64.dds
164002053	type	icon_item_return_coin_02_64.dds
164002054	type	icon_item_return_coin_02_64.dds
164002055	type	icon_item_return_coin_02_64.dds
164002182	type	icon_item_return_coin_02_64.dds
164002183	type	icon_item_return_coin_02_64.dds
164002186	type	icon_cash_item_card_cube02_64.dds
164002273	type	icon_item_return_coin_02_64.dds
164002279	type	icon_item_return_coin_02_64.dds
164002280	type	icon_item_return_coin_02_64.dds
164020005	type	icon_item_return_coin_02_64.dds
164020006	type	icon_item_return_coin_02_64.dds
169630001	type	icon_cash_item_card_cube01_64.dds
169630005	type	icon_cash_item_card_cube01_64.dds
169630008	type	icon_cash_item_card_cube01_64.dds
169640001	type	icon_cash_item_card_cube01_64.dds
169640003	type	icon_cash_item_card_cube01_64.dds
169640005	type	icon_cash_item_card_cube01_64.dds
169640007	type	icon_cash_item_card_cube01_64.dds
169650000	exact	icon_cash_cash_coupon_customize_01_64.dds
169650002	related	icon_cash_cash_coupon_customize_01_64.dds
169650003	related	icon_cash_cash_coupon_customize_01_64.dds
169660000	exact	icon_cash_cash_coupon_sex_exchange_01_64.dds
169661000	exact	icon_cash_item_house_exchange_01_64.dds
169661001	type	icon_cash_item_house_exchange_01_64.dds
169661002	type	icon_cash_item_house_exchange_01_64.dds
169661003	type	icon_cash_item_house_exchange_01_64.dds
169661004	type	icon_cash_item_house_exchange_01_64.dds
169661005	type	icon_cash_item_house_exchange_01_64.dds
169661006	type	icon_cash_item_house_exchange_01_64.dds
169661007	type	icon_cash_item_house_exchange_01_64.dds
169670000	exact	icon_cash_change_character_name_01_64.dds
169840203	exact	icon_item_dye_hair_12.dds
169840204	exact	icon_item_dye_hair_13.dds
169840205	exact	icon_item_dye_hair_01.dds
169840206	exact	icon_item_dye_hair_02.dds
169840207	exact	icon_item_dye_hair_03.dds
169840208	exact	icon_item_dye_hair_04.dds
169840209	exact	icon_item_dye_hair_05.dds
169840210	exact	icon_item_dye_hair_19.dds
169840211	exact	icon_item_dye_hair_20.dds
169840212	exact	icon_item_dye_hair_21.dds
169840213	exact	icon_item_dye_hair_22.dds
169840214	exact	icon_item_dye_hair_23.dds
169840215	exact	icon_item_dye_hair_06.dds
169840216	exact	icon_item_dye_hair_07.dds
169840217	exact	icon_item_dye_hair_08.dds
169840218	exact	icon_item_dye_hair_09.dds
169840219	exact	icon_item_dye_hair_10.dds
169840220	exact	icon_item_dye_hair_11.dds
169840503	type	icon_cash_item_coupon_hair_exchange_w_02_64.dds
169840504	type	icon_cash_item_coupon_hair_exchange_w_02_64.dds
169840505	exact	icon_item_dye_hair_14.dds
169840506	exact	icon_item_dye_hair_15.dds
169840507	exact	icon_item_dye_hair_16.dds
169840508	exact	icon_item_dye_hair_17.dds
169840509	exact	icon_item_dye_hair_18.dds
169840510	type	icon_cash_item_coupon_hair_exchange_w_02_64.dds
169840511	type	icon_cash_item_coupon_hair_exchange_w_02_64.dds
169840512	type	icon_cash_item_coupon_hair_exchange_w_02_64.dds
169840513	type	icon_cash_item_coupon_hair_exchange_w_02_64.dds
169840514	type	icon_cash_item_coupon_hair_exchange_w_02_64.dds
169840515	exact	icon_item_dye_hair_24.dds
169840516	exact	icon_item_dye_hair_25.dds
169840517	exact	icon_item_dye_hair_26.dds
169840518	exact	icon_item_dye_hair_27.dds
169840519	exact	icon_item_dye_hair_28.dds
169840520	exact	icon_item_dye_hair_29.dds
169850203	exact	icon_item_dye_skin_01.dds
169850204	exact	icon_item_dye_skin_02.dds
169850205	exact	icon_item_dye_skin_03.dds
169850206	exact	icon_item_dye_skin_04.dds
169850207	exact	icon_item_dye_skin_05.dds
169850208	exact	icon_item_dye_skin_06.dds
169850209	exact	icon_item_dye_skin_07.dds
169850210	exact	icon_item_dye_skin_08.dds
169850211	exact	icon_item_dye_skin_09.dds
169850212	exact	icon_item_dye_skin_10.dds
169850213	exact	icon_item_dye_skin_11.dds
169850214	exact	icon_item_dye_skin_12.dds
169850503	exact	icon_item_dye_skin_13.dds
169850504	exact	icon_item_dye_skin_14.dds
169850505	exact	icon_item_dye_skin_15.dds
169850506	exact	icon_item_dye_skin_16.dds
169850507	exact	icon_item_dye_skin_17.dds
169850508	exact	icon_item_dye_skin_18.dds
169850509	exact	icon_item_dye_skin_19.dds
169850510	exact	icon_item_dye_skin_20.dds
169850511	exact	icon_item_dye_skin_21.dds
169850512	exact	icon_item_dye_skin_22.dds
169850513	exact	icon_item_dye_skin_23.dds
169850514	exact	icon_item_dye_skin_24.dds
187000000	type	icon_item_light_wing_02.dds
187000001	type	icon_item_light_wing_02.dds
187000002	type	icon_item_dark_wing_02.dds
187000003	type	icon_item_dark_wing_02.dds
187000006	type	icon_item_light_wing_02.dds
187000007	type	icon_item_dark_wing_02.dds
187000008	type	icon_item_light_wing_02.dds
187000009	type	icon_item_dark_wing_02.dds
187000010	type	icon_item_light_wing_02.dds
187000011	type	icon_item_dark_wing_02.dds
187000012	type	icon_item_light_wing_02.dds
187000013	type	icon_item_dark_wing_02.dds
187000014	type	icon_item_light_wing_02.dds
187000015	type	icon_item_dark_wing_02.dds
187000016	type	icon_item_light_wing_02.dds
187000017	type	icon_item_dark_wing_02.dds
187000019	type	icon_item_light_wing_02.dds
187000020	type	icon_item_light_wing_02.dds
187000021	type	icon_item_dark_wing_02.dds
187000022	type	icon_item_dark_wing_02.dds
187000023	type	icon_item_light_wing_02.dds
187000024	type	icon_item_light_wing_02.dds
187000025	type	icon_item_dark_wing_02.dds
187000026	type	icon_item_dark_wing_02.dds
187000027	type	icon_item_light_wing_02.dds
187000028	type	icon_item_light_wing_02.dds
187000029	type	icon_item_dark_wing_02.dds
187000030	type	icon_item_dark_wing_02.dds
187000031	type	icon_item_light_wing_02.dds
187000032	type	icon_item_dark_wing_02.dds
187000033	type	icon_item_dark_wing_02.dds
187000034	type	icon_item_dark_wing_02.dds
187000035	type	icon_item_light_wing_02.dds
187000036	type	icon_item_dark_wing_02.dds
187000037	type	icon_item_light_wing_02.dds
187000038	type	icon_item_dark_wing_02.dds
187000056	type	icon_item_wing04.dds
187000057	type	icon_item_wing04.dds
187000058	type	icon_item_wing04.dds
187000062	type	icon_item_wing04.dds
187000063	type	icon_item_wing04.dds
187000064	type	icon_item_wing04.dds
187000065	type	icon_item_wing04.dds
187000066	type	icon_item_wing04.dds
187000067	type	icon_item_wing04.dds
187000068	type	icon_item_wing04.dds
187000069	type	icon_item_wing04.dds
187000070	type	icon_item_wing04.dds
187000071	type	icon_item_wing04.dds
187000072	type	icon_item_wing04.dds
187000073	type	icon_item_wing04.dds
187000074	type	icon_item_wing04.dds
187000079	type	icon_item_wing04.dds
187000080	type	icon_item_wing04.dds
187000081	type	icon_item_wing04.dds
187000088	type	icon_item_wing04.dds
187000089	type	icon_item_wing04.dds
187000090	type	icon_item_wing04.dds
187000094	type	icon_item_wing04.dds
187000103	type	icon_item_wing04.dds
187000104	type	icon_item_wing04.dds
187000105	type	icon_item_wing04.dds
187000107	type	icon_item_wing04.dds
187000108	type	icon_item_wing04.dds
187000109	type	icon_item_wing04.dds
187000110	type	icon_item_wing04.dds
187000113	type	icon_item_wing04.dds
187000114	type	icon_item_wing04.dds
187000115	type	icon_item_wing04.dds
187000116	type	icon_item_wing04.dds
187000117	type	icon_item_wing04.dds
187000118	exact	icon_item_feather04.dds
187000120	type	icon_item_wing04.dds
187000121	type	icon_item_wing04.dds
187000122	type	icon_item_wing04.dds
187000123	type	icon_item_wing04.dds
187000126	type	icon_item_wing04.dds
187000127	type	icon_item_wing04.dds
187000129	type	icon_item_wing04.dds
187000130	type	icon_item_wing04.dds
187000137	type	icon_item_wing04.dds
187000138	type	icon_item_wing04.dds
187000139	type	icon_item_wing04.dds
187000140	type	icon_item_wing04.dds
187000142	exact	icon_event_wingcash_iu01a_64.dds
187000143	type	icon_item_wing04.dds
187000144	type	icon_item_wing04.dds
187000145	type	icon_item_wing04.dds
187000147	type	icon_item_wing04.dds
187000148	type	icon_item_wing04.dds
187000149	type	icon_item_wing04.dds
187000150	type	icon_item_wing04.dds
187000151	type	icon_item_wing04.dds
187000152	type	icon_item_wing04.dds
187000153	type	icon_item_wing04.dds
187000154	type	icon_item_wing04.dds
187000155	type	icon_item_wing04.dds
187000156	type	icon_item_wing04.dds
187000157	type	icon_item_wing04.dds
187000158	type	icon_item_wing04.dds
187000159	type	icon_item_wing04.dds
187000160	type	icon_item_wing04.dds
187000161	type	icon_item_wing04.dds
187000162	type	icon_item_wing04.dds
187000163	type	icon_item_wing04.dds
187000164	type	icon_item_wing04.dds
187000165	type	icon_item_wing04.dds
187000166	type	icon_item_wing04.dds
187000167	type	icon_item_wing04.dds
187000168	type	icon_item_wing04.dds
187000169	type	icon_item_wing04.dds
187000170	type	icon_item_wing04.dds
187000171	type	icon_item_wing04.dds
187000172	type	icon_item_wing04.dds
187000173	type	icon_item_wing04.dds
187000174	type	icon_item_wing04.dds
187000175	type	icon_item_wing04.dds
187050001	type	icon_item_wing04.dds
187050002	type	icon_item_light_wing_02.dds
187050003	type	icon_item_dark_wing_02.dds
187050004	type	icon_item_wing04.dds
187050005	type	icon_item_light_wing_02.dds
187050006	type	icon_item_dark_wing_02.dds
187050009	type	icon_item_wing04.dds
187050010	type	icon_item_dark_wing_02.dds
187050013	type	icon_item_wing04.dds
187050014	type	icon_item_wing04.dds
187050015	type	icon_item_wing04.dds
187050016	type	icon_item_wing04.dds
187050017	type	icon_item_wing04.dds
187050018	type	icon_item_wing04.dds
187050019	type	icon_item_wing04.dds
187050020	type	icon_item_wing04.dds
187050021	exact	icon_cash_item_wing_bone01_64.dds
187050022	type	icon_item_wing04.dds
187050023	type	icon_item_wing04.dds
187050024	type	icon_item_wing04.dds
187050025	type	icon_item_wing04.dds
187060014	type	icon_item_light_wing_02.dds
187060015	type	icon_item_light_wing_02.dds
187060016	type	icon_item_light_wing_02.dds
187060017	type	icon_item_light_wing_02.dds
187060018	type	icon_item_light_wing_02.dds
187060019	type	icon_item_light_wing_02.dds
187060020	type	icon_item_light_wing_02.dds
187060021	type	icon_item_light_wing_02.dds
187060022	type	icon_item_light_wing_02.dds
187060023	type	icon_item_light_wing_02.dds
187060024	type	icon_item_light_wing_02.dds
187060025	type	icon_item_dark_wing_02.dds
187060026	type	icon_item_dark_wing_02.dds
187060027	type	icon_item_dark_wing_02.dds
187060028	type	icon_item_dark_wing_02.dds
187060029	type	icon_item_dark_wing_02.dds
187060030	type	icon_item_dark_wing_02.dds
187060031	type	icon_item_dark_wing_02.dds
187060032	type	icon_item_dark_wing_02.dds
187060033	type	icon_item_dark_wing_02.dds
187060034	type	icon_item_dark_wing_02.dds
187060035	type	icon_item_dark_wing_02.dds
187060036	type	icon_item_wing04.dds
187060037	type	icon_item_wing04.dds
187060038	type	icon_item_wing04.dds
187060039	type	icon_item_wing04.dds
187060040	type	icon_item_wing04.dds
187060041	type	icon_item_wing04.dds
187060042	type	icon_item_wing04.dds
187060043	type	icon_item_wing04.dds
187060044	type	icon_item_wing04.dds
187060045	type	icon_item_wing04.dds
187060046	type	icon_item_light_wing_02.dds
187060047	type	icon_item_light_wing_02.dds
187060048	type	icon_item_light_wing_02.dds
187060049	type	icon_item_light_wing_02.dds
187060050	type	icon_item_light_wing_02.dds
187060051	type	icon_item_light_wing_02.dds
187060052	type	icon_item_light_wing_02.dds
187060053	type	icon_item_light_wing_02.dds
187060054	type	icon_item_light_wing_02.dds
187060055	type	icon_item_light_wing_02.dds
187060056	type	icon_item_light_wing_02.dds
187060057	type	icon_item_dark_wing_02.dds
187060058	type	icon_item_dark_wing_02.dds
187060059	type	icon_item_dark_wing_02.dds
187060060	type	icon_item_dark_wing_02.dds
187060061	type	icon_item_dark_wing_02.dds
187060062	type	icon_item_dark_wing_02.dds
187060063	type	icon_item_dark_wing_02.dds
187060064	type	icon_item_dark_wing_02.dds
187060065	type	icon_item_dark_wing_02.dds
187060066	type	icon_item_dark_wing_02.dds
187060067	type	icon_item_dark_wing_02.dds
187060068	type	icon_item_wing04.dds
187060069	type	icon_item_wing04.dds
187060070	type	icon_item_wing04.dds
187060071	type	icon_item_wing04.dds
187060072	type	icon_item_wing04.dds
187060073	type	icon_item_wing04.dds
187060074	type	icon_item_wing04.dds
187060075	type	icon_item_wing04.dds
187060076	type	icon_item_wing04.dds
187060077	type	icon_item_wing04.dds
187060078	related	icon_cash_item_wing_bone01_64.dds
187060079	related	icon_cash_item_wing_bone01_64.dds
187060080	related	icon_cash_item_wing_bone01_64.dds
187060081	related	icon_cash_item_wing_bone02_64.dds
187060082	related	icon_cash_item_wing_bone02_64.dds
187060083	related	icon_cash_item_wing_bone02_64.dds
187060084	related	icon_cash_item_wing_bone01_64.dds
187060085	related	icon_cash_item_wing_bone02_64.dds
187060086	type	icon_item_wing04.dds
187060087	type	icon_item_wing04.dds
187060088	type	icon_item_wing04.dds
187060089	type	icon_item_wing04.dds
187060090	type	icon_item_wing04.dds
187060091	related	icon_cash_item_wing_shine01_64.dds
187060092	related	icon_cash_item_wing_shine01_64.dds
187060093	related	icon_cash_item_wing_shine01_64.dds
187060094	related	icon_cash_item_wing_shine02_64.dds
187060095	related	icon_cash_item_wing_shine02_64.dds
187060096	related	icon_cash_item_wing_shine02_64.dds
187060097	related	icon_cash_item_wing_shine01_64.dds
187060098	related	icon_cash_item_wing_shine01_64.dds
187060099	related	icon_cash_item_wing_shine01_64.dds
187060100	related	icon_cash_item_wing_shine02_64.dds
187060101	related	icon_cash_item_wing_shine02_64.dds
187060102	related	icon_cash_item_wing_shine02_64.dds
187060104	type	icon_item_light_wing_02.dds
187060105	type	icon_item_light_wing_02.dds
187060106	type	icon_item_light_wing_02.dds
187060107	type	icon_item_light_wing_02.dds
187060108	type	icon_item_light_wing_02.dds
187060109	type	icon_item_light_wing_02.dds
187060110	type	icon_item_light_wing_02.dds
187060111	type	icon_item_light_wing_02.dds
187060112	type	icon_item_light_wing_02.dds
187060113	type	icon_item_light_wing_02.dds
187060114	type	icon_item_light_wing_02.dds
187060115	type	icon_item_dark_wing_02.dds
187060116	type	icon_item_dark_wing_02.dds
187060117	type	icon_item_dark_wing_02.dds
187060118	type	icon_item_dark_wing_02.dds
187060119	type	icon_item_dark_wing_02.dds
187060120	type	icon_item_dark_wing_02.dds
187060121	type	icon_item_dark_wing_02.dds
187060122	type	icon_item_dark_wing_02.dds
187060123	type	icon_item_dark_wing_02.dds
187060124	type	icon_item_dark_wing_02.dds
187060125	type	icon_item_dark_wing_02.dds
187060126	type	icon_item_wing04.dds
187060127	type	icon_item_wing04.dds
187060128	type	icon_item_wing04.dds
187060129	type	icon_item_wing04.dds
187060130	type	icon_item_wing04.dds
187060131	type	icon_item_wing04.dds
187060132	type	icon_item_wing04.dds
187060133	type	icon_item_wing04.dds
187060134	type	icon_item_wing04.dds
187060135	type	icon_item_wing04.dds
187060137	related	icon_cash_item_wing_steampunk01_64.dds
187060138	related	icon_cash_item_wing_steampunk01_64.dds
187060139	related	icon_cash_item_wing_steampunk01_64.dds
187060140	related	icon_cash_item_wing_steampunk01_64.dds
187060141	related	icon_cash_item_wing_steampunk01_64.dds
187060143	related	icon_cash_item_wing_steampunk02_64.dds
187060144	related	icon_cash_item_wing_steampunk02_64.dds
187060145	related	icon_cash_item_wing_steampunk02_64.dds
187060146	related	icon_cash_item_wing_steampunk02_64.dds
187060147	related	icon_cash_item_wing_steampunk02_64.dds
187060149	related	icon_cash_item_wing_steampunk03_64.dds
187060150	related	icon_cash_item_wing_steampunk03_64.dds
187060151	related	icon_cash_item_wing_steampunk03_64.dds
187060152	related	icon_cash_item_wing_steampunk03_64.dds
187060153	related	icon_cash_item_wing_steampunk03_64.dds
187060156	related	icon_cash_item_wing_eletronic01_64.dds
187060161	related	icon_cash_item_wing_eletronic01_64.dds
187060177	related	icon_cash_item_wing_hglider_01_64.dds
187060179	related	icon_cash_item_wing_hglider_01_64.dds
187060181	type	icon_item_wing04.dds
187060182	type	icon_item_wing04.dds
188600003	type	icon_item_return_coin_01_64.dds
188600004	type	icon_item_return_coin_01_64.dds
188600005	type	icon_item_return_coin_01_64.dds
188600006	type	icon_item_return_coin_01_64.dds
188600007	type	icon_item_return_coin_01_64.dds
188600008	type	icon_item_return_coin_01_64.dds
188600009	type	icon_item_return_coin_01_64.dds
188600010	type	icon_item_return_coin_01_64.dds
188600011	type	icon_item_return_coin_01_64.dds
188600012	type	icon_item_return_coin_01_64.dds
188600013	type	icon_item_return_coin_01_64.dds
188600014	type	icon_item_return_coin_01_64.dds
188600015	type	icon_item_return_coin_01_64.dds
188600016	type	icon_item_return_coin_01_64.dds
188600017	type	icon_item_return_coin_01_64.dds
188600018	type	icon_item_return_coin_01_64.dds
188600019	type	icon_item_return_coin_01_64.dds
188600020	type	icon_item_return_coin_01_64.dds
188600021	type	icon_item_return_coin_01_64.dds
188600022	type	icon_item_return_coin_01_64.dds
188600023	type	icon_item_return_coin_01_64.dds
188600024	type	icon_item_return_coin_01_64.dds
188600050	type	icon_item_return_coin_01_64.dds
188600051	type	icon_item_return_coin_01_64.dds
188600052	type	icon_item_return_coin_01_64.dds
188600053	type	icon_item_return_coin_01_64.dds
188600054	type	icon_item_return_coin_01_64.dds
188600055	type	icon_item_return_coin_01_64.dds
188600059	type	icon_item_return_coin_01_64.dds
188600071	type	icon_item_return_coin_01_64.dds
188600072	type	icon_item_return_coin_01_64.dds
188600073	type	icon_item_return_coin_01_64.dds
188600074	type	icon_item_return_coin_01_64.dds
188600075	type	icon_item_return_coin_01_64.dds
188600076	type	icon_item_return_coin_01_64.dds
188600077	type	icon_item_return_coin_01_64.dds
188600091	type	icon_item_return_coin_01_64.dds
188600093	type	icon_item_return_coin_01_64.dds
188600094	type	icon_item_return_coin_01_64.dds
188600184	type	icon_item_return_coin_01_64.dds
188600185	type	icon_item_return_coin_01_64.dds
188600186	type	icon_item_return_coin_01_64.dds
188600187	type	icon_item_return_coin_01_64.dds
188600188	type	icon_item_return_coin_01_64.dds
188600189	type	icon_item_return_coin_01_64.dds
188600190	type	icon_item_return_coin_01_64.dds
188600191	type	icon_item_return_coin_01_64.dds
188600192	type	icon_item_return_coin_01_64.dds
188600193	exact	icon_cash_item_init_coolt_02_64.dds
188600194	type	icon_item_return_coin_01_64.dds
188600195	type	icon_item_return_coin_01_64.dds
188600196	type	icon_item_return_coin_01_64.dds
188600197	type	icon_item_return_coin_01_64.dds
188600198	type	icon_item_return_coin_01_64.dds
188600199	type	icon_item_return_coin_01_64.dds
188600200	type	icon_item_return_coin_01_64.dds
188600202	type	icon_item_return_coin_01_64.dds
188600204	type	icon_item_return_coin_01_64.dds
188600206	type	icon_item_return_coin_01_64.dds
188600235	type	icon_item_return_coin_01_64.dds
188600237	type	icon_item_return_coin_01_64.dds
188600241	type	icon_item_return_coin_01_64.dds
188600244	type	icon_item_return_coin_01_64.dds
188600246	type	icon_item_return_coin_01_64.dds
188600248	type	icon_item_return_coin_01_64.dds
188600250	type	icon_item_return_coin_01_64.dds
188600252	type	icon_item_return_coin_01_64.dds
188600253	type	icon_item_return_coin_01_64.dds
188600254	type	icon_item_return_coin_01_64.dds
188600255	type	icon_item_return_coin_01_64.dds
188600267	type	icon_item_return_coin_01_64.dds
188600283	type	icon_item_return_coin_01_64.dds
188600284	type	icon_item_return_coin_01_64.dds
188600285	type	icon_item_return_coin_01_64.dds
188600291	type	icon_item_return_coin_01_64.dds
188600295	type	icon_item_return_coin_01_64.dds
188600306	type	icon_item_return_coin_01_64.dds
188600308	type	icon_item_return_coin_01_64.dds
188600312	type	icon_item_return_coin_01_64.dds
188600320	type	icon_item_return_coin_01_64.dds
188600324	type	icon_item_return_coin_01_64.dds
188600328	type	icon_item_return_coin_01_64.dds
188600332	type	icon_item_return_coin_01_64.dds
188600336	type	icon_item_return_coin_01_64.dds
162000012	exact	icon_item_potion_hp03_1.dds
162000017	exact	icon_item_potion_mp03_1.dds
162000013	exact	icon_item_potion_hp03_2.dds
162000018	exact	icon_item_potion_mp03_2.dds
162000014	exact	icon_item_potion_hp03_3.dds
162000019	exact	icon_item_potion_mp03_3.dds
162000015	exact	icon_item_potion_hp03_4.dds
162000020	exact	icon_item_potion_mp03_4.dds
162000016	exact	icon_item_potion_hp03_5.dds
162000021	exact	icon_item_potion_mp03_5.dds
162000077	related	icon_item_potion_hp03_6.dds
162000078	related	icon_item_potion_mp03_6.dds
162000032	exact	icon_item_potion_hp04_1.dds
162000035	exact	icon_item_potion_mp04_1.dds
162000033	exact	icon_item_potion_hp04_2.dds
162000036	exact	icon_item_potion_mp04_2.dds
162000034	exact	icon_item_potion_hp04_3.dds
162000037	exact	icon_item_potion_mp04_3.dds
162000069	related	icon_item_potion_hp04_4.dds
162000070	related	icon_item_potion_mp04_4.dds
164002192	type	Icon_Item_magicstone_05.dds
164002193	type	Icon_Item_magicstone_05.dds
164002194	type	Icon_Item_magicstone_05.dds
164002195	type	Icon_Item_magicstone_05.dds
164002196	type	Icon_Item_magicstone_05.dds
164002197	type	Icon_Item_magicstone_05.dds
164002198	type	Icon_Item_magicstone_05.dds
164002199	type	Icon_Item_magicstone_05.dds
164002200	type	Icon_Item_magicstone_05.dds
164002201	type	Icon_Item_magicstone_05.dds
166000001	exact	icon_item_enchantstone01.dds
166000002	type	icon_item_enchantstone_g1.dds
166000003	type	icon_item_enchantstone_g1.dds
166000004	type	icon_item_enchantstone_g1.dds
166000005	type	icon_item_enchantstone_g1.dds
166000006	type	icon_item_enchantstone_g1.dds
166000007	type	icon_item_enchantstone_g1.dds
166000008	type	icon_item_enchantstone_g1.dds
166000009	type	icon_item_enchantstone_g1.dds
166000010	type	icon_item_enchantstone_g1.dds
166000011	type	icon_item_enchantstone_g1.dds
166000012	type	icon_item_enchantstone_g1.dds
166000013	type	icon_item_enchantstone_g1.dds
166000014	type	icon_item_enchantstone_g1.dds
166000015	type	icon_item_enchantstone_g1.dds
166000016	type	icon_item_enchantstone_g1.dds
166000017	type	icon_item_enchantstone_g1.dds
166000018	type	icon_item_enchantstone_g1.dds
166000019	type	icon_item_enchantstone_g1.dds
166000020	type	icon_item_enchantstone_g1.dds
166000021	exact	icon_item_enchantstone02.dds
166000022	type	icon_item_enchantstone_g1.dds
166000023	type	icon_item_enchantstone_g1.dds
166000024	type	icon_item_enchantstone_g1.dds
166000025	type	icon_item_enchantstone_g1.dds
166000026	type	icon_item_enchantstone_g1.dds
166000027	type	icon_item_enchantstone_g1.dds
166000028	type	icon_item_enchantstone_g1.dds
166000029	type	icon_item_enchantstone_g1.dds
166000030	type	icon_item_enchantstone_g1.dds
166000031	type	icon_item_enchantstone_g2.dds
166000032	type	icon_item_enchantstone_g2.dds
166000033	type	icon_item_enchantstone_g2.dds
166000034	type	icon_item_enchantstone_g2.dds
166000035	type	icon_item_enchantstone_g2.dds
166000036	type	icon_item_enchantstone_g2.dds
166000037	type	icon_item_enchantstone_g2.dds
166000038	type	icon_item_enchantstone_g2.dds
166000039	type	icon_item_enchantstone_g2.dds
166000040	type	icon_item_enchantstone_g2.dds
166000041	exact	icon_item_enchantstone03.dds
166000042	type	icon_item_enchantstone_g2.dds
166000043	type	icon_item_enchantstone_g2.dds
166000044	type	icon_item_enchantstone_g2.dds
166000045	type	icon_item_enchantstone_g2.dds
166000046	type	icon_item_enchantstone_g2.dds
166000047	type	icon_item_enchantstone_g2.dds
166000048	type	icon_item_enchantstone_g2.dds
166000049	type	icon_item_enchantstone_g2.dds
166000050	type	icon_item_enchantstone_g2.dds
166000051	type	icon_item_enchantstone_g3.dds
166000052	type	icon_item_enchantstone_g3.dds
166000053	type	icon_item_enchantstone_g3.dds
166000054	type	icon_item_enchantstone_g3.dds
166000055	type	icon_item_enchantstone_g3.dds
166000056	type	icon_item_enchantstone_g3.dds
166000057	type	icon_item_enchantstone_g3.dds
166000058	type	icon_item_enchantstone_g3.dds
166000059	type	icon_item_enchantstone_g3.dds
166000060	type	icon_item_enchantstone_g3.dds
166000061	exact	icon_item_enchantstone04.dds
166000062	type	icon_item_enchantstone_g4.dds
166000063	type	icon_item_enchantstone_g4.dds
166000064	type	icon_item_enchantstone_g4.dds
166000065	type	icon_item_enchantstone_g4.dds
166000066	type	icon_item_enchantstone_g4.dds
166000067	type	icon_item_enchantstone_g4.dds
166000068	type	icon_item_enchantstone_g4.dds
166000069	type	icon_item_enchantstone_g4.dds
166000070	type	icon_item_enchantstone_g4.dds
166000071	type	icon_item_enchantstone_g4.dds
166000072	type	icon_item_enchantstone_g4.dds
166000073	type	icon_item_enchantstone_g4.dds
166000074	type	icon_item_enchantstone_g4.dds
166000075	type	icon_item_enchantstone_g4.dds
166000076	type	icon_item_enchantstone_g4.dds
166000077	type	icon_item_enchantstone_g4.dds
166000078	type	icon_item_enchantstone_g4.dds
166000079	type	icon_item_enchantstone_g4.dds
166000080	type	icon_item_enchantstone_g4.dds
166000081	exact	icon_item_enchantstone05.dds
166000082	type	icon_item_enchantstone_g5.dds
166000083	type	icon_item_enchantstone_g5.dds
166000084	type	icon_item_enchantstone_g5.dds
166000085	type	icon_item_enchantstone_g5.dds
166000086	type	icon_item_enchantstone_g5.dds
166000087	type	icon_item_enchantstone_g5.dds
166000088	type	icon_item_enchantstone_g5.dds
166000089	type	icon_item_enchantstone_g5.dds
166000090	type	icon_item_enchantstone_g5.dds
166000091	type	icon_item_enchantstone_g5.dds
166000092	type	icon_item_enchantstone_g5.dds
166000093	type	icon_item_enchantstone_g5.dds
166000094	type	icon_item_enchantstone_g5.dds
166000095	type	icon_item_enchantstone_g5.dds
166000096	type	icon_item_enchantstone_g5.dds
166000097	type	icon_item_enchantstone_g5.dds
166000098	type	icon_item_enchantstone_g5.dds
166000099	type	icon_item_enchantstone_g5.dds
166000100	type	icon_item_enchantstone_g5.dds
166000101	exact	icon_item_enchantstone06.dds
166000102	type	Icon_Item_EnchantStone_g6_64.DDS
166000103	type	Icon_Item_EnchantStone_g6_64.DDS
166000104	type	Icon_Item_EnchantStone_g6_64.DDS
166000105	type	Icon_Item_EnchantStone_g6_64.DDS
166000106	type	Icon_Item_EnchantStone_g6_64.DDS
166000107	type	Icon_Item_EnchantStone_g6_64.DDS
166000108	type	Icon_Item_EnchantStone_g6_64.DDS
166000109	type	Icon_Item_EnchantStone_g6_64.DDS
166000110	type	Icon_Item_EnchantStone_g6_64.DDS
166000111	type	Icon_Item_EnchantStone_g6_64.DDS
166000112	type	Icon_Item_EnchantStone_g6_64.DDS
166000113	type	Icon_Item_EnchantStone_g6_64.DDS
166000114	type	Icon_Item_EnchantStone_g6_64.DDS
166000115	type	Icon_Item_EnchantStone_g6_64.DDS
166000116	type	Icon_Item_EnchantStone_g6_64.DDS
166000117	type	Icon_Item_EnchantStone_g6_64.DDS
166000118	type	Icon_Item_EnchantStone_g6_64.DDS
166000119	type	Icon_Item_EnchantStone_g6_64.DDS
166000120	type	Icon_Item_EnchantStone_g6_64.DDS
166000121	exact	icon_item_enchantstone07.dds
166000122	type	Icon_Item_EnchantStone_g6_64.DDS
166000123	type	Icon_Item_EnchantStone_g6_64.DDS
166000124	type	Icon_Item_EnchantStone_g6_64.DDS
166000125	type	Icon_Item_EnchantStone_g6_64.DDS
166000126	type	Icon_Item_EnchantStone_g6_64.DDS
166000127	type	Icon_Item_EnchantStone_g6_64.DDS
166000128	type	Icon_Item_EnchantStone_g6_64.DDS
166000129	type	Icon_Item_EnchantStone_g6_64.DDS
166000130	type	Icon_Item_EnchantStone_g6_64.DDS
166000131	type	Icon_Item_EnchantStone_g6_64.DDS
166000132	type	Icon_Item_EnchantStone_g6_64.DDS
166000133	type	Icon_Item_EnchantStone_g6_64.DDS
166000134	type	Icon_Item_EnchantStone_g6_64.DDS
166000135	type	Icon_Item_EnchantStone_g6_64.DDS
166000136	type	Icon_Item_EnchantStone_g6_64.DDS
166000137	type	Icon_Item_EnchantStone_g6_64.DDS
166000138	type	Icon_Item_EnchantStone_g6_64.DDS
166000139	type	Icon_Item_EnchantStone_g6_64.DDS
166000140	type	Icon_Item_EnchantStone_g6_64.DDS
166000141	type	Icon_Item_EnchantStone_g6_64.DDS
166000142	type	Icon_Item_EnchantStone_g6_64.DDS
166000143	type	Icon_Item_EnchantStone_g6_64.DDS
166000144	type	Icon_Item_EnchantStone_g6_64.DDS
166000145	type	Icon_Item_EnchantStone_g6_64.DDS
166000146	type	Icon_Item_EnchantStone_g6_64.DDS
166000147	type	Icon_Item_EnchantStone_g6_64.DDS
166000148	type	Icon_Item_EnchantStone_g6_64.DDS
166000149	type	Icon_Item_EnchantStone_g6_64.DDS
166000150	type	Icon_Item_EnchantStone_g6_64.DDS
166000151	type	Icon_Item_EnchantStone_g6_64.DDS
166000152	type	Icon_Item_EnchantStone_g6_64.DDS
166000153	type	Icon_Item_EnchantStone_g6_64.DDS
166000154	type	Icon_Item_EnchantStone_g6_64.DDS
166000155	type	Icon_Item_EnchantStone_g6_64.DDS
166000156	type	Icon_Item_EnchantStone_g6_64.DDS
166000157	type	Icon_Item_EnchantStone_g6_64.DDS
166000158	type	Icon_Item_EnchantStone_g6_64.DDS
166000159	type	Icon_Item_EnchantStone_g6_64.DDS
166000160	type	Icon_Item_EnchantStone_g6_64.DDS
166000161	type	Icon_Item_EnchantStone_g6_64.DDS
166000162	type	Icon_Item_EnchantStone_g6_64.DDS
166000163	type	Icon_Item_EnchantStone_g6_64.DDS
166000164	type	Icon_Item_EnchantStone_g6_64.DDS
166000165	type	Icon_Item_EnchantStone_g6_64.DDS
166000166	type	Icon_Item_EnchantStone_g6_64.DDS
166000167	type	Icon_Item_EnchantStone_g6_64.DDS
166000168	type	Icon_Item_EnchantStone_g6_64.DDS
166000169	type	Icon_Item_EnchantStone_g6_64.DDS
166000170	type	Icon_Item_EnchantStone_g6_64.DDS
166000171	type	Icon_Item_EnchantStone_g6_64.DDS
166000172	type	Icon_Item_EnchantStone_g6_64.DDS
166000173	type	Icon_Item_EnchantStone_g6_64.DDS
166000174	type	Icon_Item_EnchantStone_g6_64.DDS
166000175	type	Icon_Item_EnchantStone_g6_64.DDS
166000176	type	Icon_Item_EnchantStone_g6_64.DDS
166000177	type	Icon_Item_EnchantStone_g6_64.DDS
166000178	type	Icon_Item_EnchantStone_g6_64.DDS
166000179	type	Icon_Item_EnchantStone_g6_64.DDS
166000180	type	Icon_Item_EnchantStone_g6_64.DDS
166000181	type	Icon_Item_EnchantStone_g6_64.DDS
166000182	type	Icon_Item_EnchantStone_g6_64.DDS
166000183	type	Icon_Item_EnchantStone_g6_64.DDS
166000184	type	Icon_Item_EnchantStone_g6_64.DDS
166000185	type	Icon_Item_EnchantStone_g6_64.DDS
166000186	type	Icon_Item_EnchantStone_g6_64.DDS
166000187	type	Icon_Item_EnchantStone_g6_64.DDS
166000188	type	Icon_Item_EnchantStone_g6_64.DDS
166000189	type	Icon_Item_EnchantStone_g6_64.DDS
166000190	type	Icon_Item_EnchantStone_g6_64.DDS
166000191	exact	icon_item_enchantstone_g1.dds
166000192	exact	icon_item_enchantstone_g2.dds
166000193	exact	icon_item_enchantstone_g3.dds
166000194	exact	icon_item_enchantstone_g4.dds
166000195	exact	icon_item_enchantstone_g5.dds
166020000	exact	icon_item_enchant_exceed_01_64.dds
166100000	exact	icon_item_sub_matter_01.dds
166100001	exact	icon_item_sub_matter_02.dds
166100002	exact	icon_item_sub_matter_03.dds
166100003	exact	icon_item_sub_matter_04.dds
166100004	exact	icon_item_sub_matter_05.dds
166100005	exact	icon_item_sub_matter_06.dds
166100006	exact	icon_item_sub_matter_07.dds
166100007	exact	icon_item_sub_matter_08.dds
166100008	exact	icon_item_sub_matter_09.dds
166100009	exact	icon_item_sub_matter_10.dds
166100010	exact	icon_item_sub_matter_11.dds
166100011	exact	icon_item_sub_matter_12.dds
166150003	exact	icon_cash_item_sub_02_64.dds
166150004	exact	icon_cash_item_sub_03_64.dds
166150014	type	icon_cash_item_sub_02_64.dds
166150015	type	icon_cash_item_sub_02_64.dds
166150016	type	icon_cash_item_sub_02_64.dds
166150017	type	icon_cash_item_sub_02_64.dds
166150018	type	icon_cash_item_sub_02_64.dds
166150019	type	icon_cash_item_sub_02_64.dds
167000226	exact	icon_item_magicstone_01.dds
167000227	type	icon_item_type_magicstone_01_64.dds
167000228	type	icon_item_type_magicstone_01_64.dds
167000229	type	icon_item_type_magicstone_01_64.dds
167000230	type	icon_item_type_magicstone_01_64.dds
167000231	type	icon_item_type_magicstone_01_64.dds
167000232	type	icon_item_type_magicstone_01_64.dds
167000233	type	icon_item_type_magicstone_01_64.dds
167000235	type	icon_item_type_magicstone_01_64.dds
167000258	type	icon_item_type_magicstone_01_64.dds
167000259	type	icon_item_type_magicstone_01_64.dds
167000260	type	icon_item_type_magicstone_01_64.dds
167000261	type	icon_item_type_magicstone_01_64.dds
167000263	type	icon_item_type_magicstone_01_64.dds
167000264	type	icon_item_type_magicstone_01_64.dds
167000265	type	icon_item_type_magicstone_01_64.dds
167000267	type	icon_item_type_magicstone_01_64.dds
167000290	type	icon_item_type_magicstone_01_64.dds
167000291	type	icon_item_type_magicstone_01_64.dds
167000292	type	icon_item_type_magicstone_01_64.dds
167000293	type	icon_item_type_magicstone_01_64.dds
167000294	type	icon_item_type_magicstone_01_64.dds
167000295	type	icon_item_type_magicstone_01_64.dds
167000296	type	icon_item_type_magicstone_01_64.dds
167000297	type	icon_item_type_magicstone_01_64.dds
167000299	type	icon_item_type_magicstone_01_64.dds
167000322	type	icon_item_type_magicstone_01_64.dds
167000323	type	icon_item_type_magicstone_01_64.dds
167000324	type	icon_item_type_magicstone_01_64.dds
167000325	type	icon_item_type_magicstone_01_64.dds
167000327	type	icon_item_type_magicstone_01_64.dds
167000328	type	icon_item_type_magicstone_01_64.dds
167000329	type	icon_item_type_magicstone_01_64.dds
167000331	type	icon_item_type_magicstone_01_64.dds
167000354	type	icon_item_type_magicstone_01_64.dds
167000355	type	icon_item_type_magicstone_01_64.dds
167000356	type	icon_item_type_magicstone_01_64.dds
167000357	type	icon_item_type_magicstone_01_64.dds
167000358	type	icon_item_type_magicstone_01_64.dds
167000359	type	icon_item_type_magicstone_01_64.dds
167000360	type	icon_item_type_magicstone_01_64.dds
167000361	type	icon_item_type_magicstone_01_64.dds
167000363	type	icon_item_type_magicstone_01_64.dds
167000418	exact	icon_item_magicstone_04.dds
167000419	type	icon_item_type_magicstone_02_64.dds
167000420	type	icon_item_type_magicstone_02_64.dds
167000421	type	icon_item_type_magicstone_02_64.dds
167000423	type	icon_item_type_magicstone_02_64.dds
167000424	type	icon_item_type_magicstone_02_64.dds
167000425	type	icon_item_type_magicstone_02_64.dds
167000427	type	icon_item_type_magicstone_02_64.dds
167000450	type	icon_item_type_magicstone_02_64.dds
167000451	type	icon_item_type_magicstone_02_64.dds
167000452	type	icon_item_type_magicstone_02_64.dds
167000453	type	icon_item_type_magicstone_02_64.dds
167000454	type	icon_item_type_magicstone_02_64.dds
167000455	type	icon_item_type_magicstone_02_64.dds
167000456	type	icon_item_type_magicstone_02_64.dds
167000457	type	icon_item_type_magicstone_02_64.dds
167000459	type	icon_item_type_magicstone_02_64.dds
167000465	type	icon_item_type_magicstone_02_64.dds
167000482	type	icon_item_type_magicstone_02_64.dds
167000483	type	icon_item_type_magicstone_02_64.dds
167000484	type	icon_item_type_magicstone_02_64.dds
167000485	type	icon_item_type_magicstone_02_64.dds
167000487	type	icon_item_type_magicstone_02_64.dds
167000488	type	icon_item_type_magicstone_02_64.dds
167000489	type	icon_item_type_magicstone_02_64.dds
167000491	type	icon_item_type_magicstone_02_64.dds
167000497	type	icon_item_type_magicstone_02_64.dds
167000514	type	icon_item_type_magicstone_02_64.dds
167000515	type	icon_item_type_magicstone_02_64.dds
167000516	type	icon_item_type_magicstone_02_64.dds
167000517	type	icon_item_type_magicstone_02_64.dds
167000518	type	icon_item_type_magicstone_02_64.dds
167000519	type	icon_item_type_magicstone_02_64.dds
167000520	type	icon_item_type_magicstone_02_64.dds
167000521	type	icon_item_type_magicstone_02_64.dds
167000522	type	icon_item_type_magicstone_02_64.dds
167000523	type	icon_item_type_magicstone_02_64.dds
167000525	type	icon_item_type_magicstone_01_64.dds
167000526	type	icon_item_type_magicstone_01_64.dds
167000527	type	icon_item_type_magicstone_01_64.dds
167000528	type	icon_item_type_magicstone_01_64.dds
167000529	type	icon_item_type_magicstone_01_64.dds
167000530	type	icon_item_type_magicstone_01_64.dds
167000531	type	icon_item_type_magicstone_01_64.dds
167000532	type	icon_item_type_magicstone_01_64.dds
167000533	type	icon_item_type_magicstone_01_64.dds
167000534	type	icon_item_type_magicstone_01_64.dds
167000535	type	icon_item_type_magicstone_02_64.dds
167000536	type	icon_item_type_magicstone_02_64.dds
167000537	type	icon_item_type_magicstone_02_64.dds
167000538	type	icon_item_type_magicstone_02_64.dds
167000539	type	icon_item_type_magicstone_02_64.dds
167000540	type	icon_item_type_magicstone_02_64.dds
167000541	type	icon_item_type_magicstone_02_64.dds
167000542	type	icon_item_type_magicstone_02_64.dds
167000543	type	icon_item_type_magicstone_01_64.dds
167000544	type	icon_item_type_magicstone_01_64.dds
167000545	type	icon_item_type_magicstone_01_64.dds
167000546	type	icon_item_type_magicstone_01_64.dds
167000547	type	icon_item_type_magicstone_01_64.dds
167000548	type	icon_item_type_magicstone_01_64.dds
167000549	type	icon_item_type_magicstone_01_64.dds
167000550	type	icon_item_type_magicstone_01_64.dds
167000551	type	icon_item_type_magicstone_02_64.dds
167000552	type	icon_item_type_magicstone_02_64.dds
167000553	type	icon_item_type_magicstone_02_64.dds
167000554	type	icon_item_type_magicstone_02_64.dds
167000555	type	icon_item_type_magicstone_02_64.dds
167000556	type	icon_item_type_magicstone_02_64.dds
167000557	type	icon_item_type_magicstone_02_64.dds
167000558	type	icon_item_type_magicstone_02_64.dds
167000559	type	icon_item_type_magicstone_02_64.dds
167000560	type	icon_item_type_magicstone_02_64.dds
167000561	type	icon_item_type_magicstone_02_64.dds
167000563	type	icon_item_type_magicstone_02_64.dds
167000578	exact	icon_item_magicstone_03.dds
167000579	type	icon_item_type_magicstone_03_64.dds
167000580	type	icon_item_type_magicstone_03_64.dds
167000581	type	icon_item_type_magicstone_03_64.dds
167000582	type	icon_item_type_magicstone_03_64.dds
167000583	type	icon_item_type_magicstone_03_64.dds
167000584	type	icon_item_type_magicstone_03_64.dds
167000585	type	icon_item_type_magicstone_03_64.dds
167000586	type	icon_item_type_magicstone_03_64.dds
167000587	type	icon_item_type_magicstone_03_64.dds
167000588	type	icon_item_type_magicstone_03_64.dds
167000589	type	icon_item_type_magicstone_03_64.dds
167000590	type	icon_item_type_magicstone_03_64.dds
167000591	type	icon_item_type_magicstone_03_64.dds
167000592	type	icon_item_type_magicstone_03_64.dds
167000593	type	icon_item_type_magicstone_03_64.dds
167000594	type	icon_item_type_magicstone_03_64.dds
167000595	type	icon_item_type_magicstone_03_64.dds
167000596	type	icon_item_type_magicstone_03_64.dds
167000597	type	icon_item_type_magicstone_03_64.dds
167000598	type	icon_item_type_magicstone_03_64.dds
167000599	type	icon_item_type_magicstone_03_64.dds
167000600	type	icon_item_type_magicstone_03_64.dds
167000601	type	icon_item_type_magicstone_03_64.dds
167000602	type	icon_item_type_magicstone_03_64.dds
167000603	type	icon_item_type_magicstone_03_64.dds
167000604	type	icon_item_type_magicstone_03_64.dds
167000605	type	icon_item_type_magicstone_03_64.dds
167000606	type	icon_item_type_magicstone_03_64.dds
167000607	type	icon_item_type_magicstone_03_64.dds
167000608	type	icon_item_type_magicstone_03_64.dds
167000609	type	icon_item_type_magicstone_03_64.dds
167000610	type	icon_item_type_magicstone_03_64.dds
167000611	type	icon_item_type_magicstone_03_64.dds
167000612	type	icon_item_type_magicstone_03_64.dds
167000613	type	icon_item_type_magicstone_03_64.dds
167000614	type	icon_item_type_magicstone_03_64.dds
167000615	type	icon_item_type_magicstone_03_64.dds
167000616	type	icon_item_type_magicstone_03_64.dds
167000617	type	icon_item_type_magicstone_03_64.dds
167000618	type	icon_item_type_magicstone_03_64.dds
167000619	type	icon_item_type_magicstone_03_64.dds
167000620	type	icon_item_type_magicstone_03_64.dds
167000621	type	icon_item_type_magicstone_03_64.dds
167000622	type	icon_item_type_magicstone_03_64.dds
167000623	type	icon_item_type_magicstone_03_64.dds
167000624	type	icon_item_type_magicstone_03_64.dds
167000625	type	icon_item_type_magicstone_03_64.dds
167000626	type	icon_item_type_magicstone_03_64.dds
167000627	type	icon_item_type_magicstone_03_64.dds
167000628	type	icon_item_type_magicstone_03_64.dds
167000629	type	icon_item_type_magicstone_03_64.dds
167000630	type	icon_item_type_magicstone_03_64.dds
167000631	type	icon_item_type_magicstone_03_64.dds
167000632	type	icon_item_type_magicstone_03_64.dds
167000633	type	icon_item_type_magicstone_03_64.dds
167000634	type	icon_item_type_magicstone_03_64.dds
167000635	type	icon_item_type_magicstone_03_64.dds
167000636	type	icon_item_type_magicstone_03_64.dds
167000637	type	icon_item_type_magicstone_03_64.dds
167000638	type	icon_item_type_magicstone_03_64.dds
167000639	type	icon_item_type_magicstone_03_64.dds
167000640	type	icon_item_type_magicstone_03_64.dds
167000641	type	icon_item_type_magicstone_03_64.dds
167000642	type	icon_item_type_magicstone_03_64.dds
167000643	type	icon_item_type_magicstone_03_64.dds
167000644	type	icon_item_type_magicstone_03_64.dds
167000645	type	icon_item_type_magicstone_03_64.dds
167000646	type	icon_item_type_magicstone_03_64.dds
167000647	type	icon_item_type_magicstone_03_64.dds
167000648	type	icon_item_type_magicstone_03_64.dds
167000649	type	icon_item_type_magicstone_03_64.dds
167000650	type	icon_item_type_magicstone_03_64.dds
167000651	type	icon_item_type_magicstone_03_64.dds
167000652	type	icon_item_type_magicstone_03_64.dds
167000653	type	icon_item_type_magicstone_03_64.dds
167000654	type	icon_item_type_magicstone_03_64.dds
167000655	type	icon_item_type_magicstone_03_64.dds
167000656	type	icon_item_type_magicstone_03_64.dds
167000657	type	icon_item_type_magicstone_03_64.dds
167000658	type	icon_item_type_magicstone_03_64.dds
167000659	type	icon_item_type_magicstone_03_64.dds
167000660	type	icon_item_type_magicstone_03_64.dds
167000661	type	icon_item_type_magicstone_03_64.dds
167000662	type	icon_item_type_magicstone_03_64.dds
167000663	type	icon_item_type_magicstone_03_64.dds
167000664	type	icon_item_type_magicstone_03_64.dds
167000665	type	icon_item_type_magicstone_03_64.dds
167000666	type	icon_item_type_magicstone_03_64.dds
167000667	type	icon_item_type_magicstone_03_64.dds
167000668	type	icon_item_type_magicstone_03_64.dds
167000669	type	icon_item_type_magicstone_03_64.dds
167000670	type	icon_item_type_magicstone_03_64.dds
167000671	type	icon_item_type_magicstone_03_64.dds
167000672	type	icon_item_type_magicstone_03_64.dds
167000673	type	icon_item_type_magicstone_03_64.dds
167000674	type	icon_item_type_magicstone_03_64.dds
167000675	type	icon_item_type_magicstone_03_64.dds
167000676	type	icon_item_type_magicstone_03_64.dds
167000677	type	icon_item_type_magicstone_03_64.dds
167000678	type	icon_item_type_magicstone_03_64.dds
167000679	type	icon_item_type_magicstone_03_64.dds
167000680	type	icon_item_type_magicstone_03_64.dds
167000681	type	icon_item_type_magicstone_03_64.dds
167000682	type	icon_item_type_magicstone_03_64.dds
167000683	type	icon_item_type_magicstone_03_64.dds
167000684	type	icon_item_type_magicstone_03_64.dds
167000685	type	icon_item_type_magicstone_03_64.dds
167000686	type	icon_item_type_magicstone_03_64.dds
167000687	type	icon_item_type_magicstone_03_64.dds
167000688	type	icon_item_type_magicstone_03_64.dds
167000689	type	icon_item_type_magicstone_03_64.dds
167000690	type	icon_item_type_magicstone_03_64.dds
167000691	type	icon_item_type_magicstone_03_64.dds
167000692	type	icon_item_type_magicstone_03_64.dds
167000693	type	icon_item_type_magicstone_03_64.dds
167000694	type	icon_item_type_magicstone_03_64.dds
167000695	type	icon_item_type_magicstone_03_64.dds
167000696	type	icon_item_type_magicstone_03_64.dds
167000697	type	icon_item_type_magicstone_03_64.dds
167000698	type	icon_item_type_magicstone_03_64.dds
167000699	type	icon_item_type_magicstone_03_64.dds
167000700	type	icon_item_type_magicstone_03_64.dds
167000701	type	icon_item_type_magicstone_03_64.dds
167000702	type	icon_item_type_magicstone_03_64.dds
167000703	type	icon_item_type_magicstone_03_64.dds
167000704	type	icon_item_type_magicstone_03_64.dds
167000705	type	icon_item_type_magicstone_03_64.dds
167000706	type	icon_item_type_magicstone_03_64.dds
167000707	type	icon_item_type_magicstone_03_64.dds
167000708	type	icon_item_type_magicstone_03_64.dds
167000709	type	icon_item_type_magicstone_03_64.dds
167000710	type	icon_item_type_magicstone_03_64.dds
167000711	type	icon_item_type_magicstone_03_64.dds
167000712	type	icon_item_type_magicstone_03_64.dds
167000713	type	icon_item_type_magicstone_03_64.dds
167000714	type	icon_item_type_magicstone_03_64.dds
167000715	type	icon_item_type_magicstone_03_64.dds
167000716	type	icon_item_type_magicstone_03_64.dds
167000717	type	icon_item_type_magicstone_03_64.dds
167000718	type	icon_item_type_magicstone_03_64.dds
167000719	type	icon_item_type_magicstone_03_64.dds
167000720	type	icon_item_type_magicstone_03_64.dds
167000721	type	icon_item_type_magicstone_03_64.dds
167000722	type	icon_item_type_magicstone_03_64.dds
167000723	type	icon_item_type_magicstone_03_64.dds
167000724	type	icon_item_type_magicstone_03_64.dds
167000725	type	icon_item_type_magicstone_03_64.dds
167000726	type	icon_item_type_magicstone_03_64.dds
167000727	type	icon_item_type_magicstone_03_64.dds
167000728	type	icon_item_type_magicstone_03_64.dds
167000729	type	icon_item_type_magicstone_03_64.dds
167000730	type	icon_item_type_magicstone_03_64.dds
167000731	type	icon_item_type_magicstone_03_64.dds
167000732	type	icon_item_type_magicstone_03_64.dds
167000733	type	icon_item_type_magicstone_03_64.dds
167000734	type	icon_item_type_magicstone_03_64.dds
167000735	type	icon_item_type_magicstone_03_64.dds
167000736	type	icon_item_type_magicstone_03_64.dds
167000737	type	icon_item_type_magicstone_03_64.dds
167000738	type	icon_item_type_magicstone_03_64.dds
167000739	type	icon_item_type_magicstone_03_64.dds
167000740	type	icon_item_type_magicstone_03_64.dds
167000741	type	icon_item_type_magicstone_03_64.dds
167000742	type	icon_item_type_magicstone_03_64.dds
167000743	type	icon_item_type_magicstone_03_64.dds
167000744	type	icon_item_type_magicstone_03_64.dds
167000745	type	icon_item_type_magicstone_03_64.dds
167000746	type	icon_item_type_magicstone_03_64.dds
167000747	type	icon_item_type_magicstone_03_64.dds
167000748	type	icon_item_type_magicstone_03_64.dds
167000749	type	icon_item_type_magicstone_03_64.dds
167000750	type	icon_item_type_magicstone_03_64.dds
167000751	type	icon_item_type_magicstone_03_64.dds
167000752	type	icon_item_type_magicstone_03_64.dds
167000753	type	icon_item_type_magicstone_03_64.dds
167000754	type	icon_item_type_magicstone_03_64.dds
167000755	type	icon_item_type_magicstone_03_64.dds
167000756	type	icon_item_type_magicstone_03_64.dds
167000757	type	icon_item_type_magicstone_03_64.dds
167000758	type	icon_item_type_magicstone_01_64.dds
167000759	type	icon_item_type_magicstone_01_64.dds
167000760	type	icon_item_type_magicstone_01_64.dds
167000761	type	icon_item_type_magicstone_01_64.dds
167000762	type	icon_item_type_magicstone_01_64.dds
167000763	type	icon_item_type_magicstone_01_64.dds
167000764	type	icon_item_type_magicstone_01_64.dds
167000765	type	icon_item_type_magicstone_01_64.dds
167000766	type	icon_item_type_magicstone_02_64.dds
167000767	type	icon_item_type_magicstone_02_64.dds
167000768	type	icon_item_type_magicstone_02_64.dds
167000769	type	icon_item_type_magicstone_02_64.dds
167000770	type	icon_item_type_magicstone_02_64.dds
167000771	type	icon_item_type_magicstone_02_64.dds
167000772	type	icon_item_type_magicstone_02_64.dds
167000773	type	icon_item_type_magicstone_02_64.dds
167000775	type	icon_item_type_magicstone_02_64.dds
167000776	type	icon_item_type_magicstone_02_64.dds
167000777	type	icon_item_type_magicstone_02_64.dds
167000779	type	icon_item_type_magicstone_03_64.dds
167000780	type	icon_item_type_magicstone_03_64.dds
167000781	type	icon_item_type_magicstone_03_64.dds
167000782	type	icon_item_type_magicstone_03_64.dds
167000783	type	icon_item_type_magicstone_03_64.dds
167000784	type	icon_item_type_magicstone_03_64.dds
167000785	type	icon_item_type_magicstone_03_64.dds
167000786	type	icon_item_type_magicstone_03_64.dds
167000787	type	icon_item_type_magicstone_03_64.dds
167000788	type	icon_item_type_magicstone_03_64.dds
167000789	type	icon_item_type_magicstone_03_64.dds
167000790	type	icon_item_type_magicstone_03_64.dds
167000791	type	icon_item_type_magicstone_03_64.dds
167000792	type	icon_item_type_magicstone_03_64.dds
167000793	type	icon_item_type_magicstone_03_64.dds
167000794	type	icon_item_type_magicstone_03_64.dds
167000795	type	icon_item_type_magicstone_03_64.dds
167000796	type	icon_item_type_magicstone_03_64.dds
167000797	type	icon_item_type_magicstone_03_64.dds
167000798	type	icon_item_type_magicstone_03_64.dds
167000799	type	icon_item_type_magicstone_03_64.dds
167000800	type	icon_item_type_magicstone_03_64.dds
167000801	type	icon_item_type_magicstone_03_64.dds
167000802	type	icon_item_type_magicstone_03_64.dds
167000803	type	icon_item_type_magicstone_03_64.dds
167000804	type	icon_item_type_magicstone_03_64.dds
167000805	type	icon_item_type_magicstone_03_64.dds
167000806	type	icon_item_type_magicstone_03_64.dds
167000807	type	icon_item_type_magicstone_03_64.dds
167000808	type	icon_item_type_magicstone_03_64.dds
167000809	type	icon_item_type_magicstone_03_64.dds
167000810	type	icon_item_type_magicstone_03_64.dds
167000811	type	icon_item_type_magicstone_03_64.dds
167000812	type	icon_item_type_magicstone_03_64.dds
167000813	type	icon_item_type_magicstone_03_64.dds
167000814	type	icon_item_type_magicstone_03_64.dds
167000815	type	icon_item_type_magicstone_03_64.dds
167000816	type	icon_item_type_magicstone_03_64.dds
167000817	type	icon_item_type_magicstone_03_64.dds
167000818	type	icon_item_type_magicstone_03_64.dds
167000819	type	icon_item_type_magicstone_03_64.dds
167000820	type	icon_item_type_magicstone_03_64.dds
167000821	type	icon_item_type_magicstone_03_64.dds
167000822	type	icon_item_type_magicstone_03_64.dds
167000823	type	icon_item_type_magicstone_03_64.dds
167000824	type	icon_item_type_magicstone_03_64.dds
167000825	type	icon_item_type_magicstone_03_64.dds
167000826	type	icon_item_type_magicstone_03_64.dds
167000827	type	icon_item_type_magicstone_03_64.dds
167000828	type	icon_item_type_magicstone_03_64.dds
167000829	type	icon_item_type_magicstone_03_64.dds
167000830	type	icon_item_type_magicstone_03_64.dds
167000831	type	icon_item_type_magicstone_03_64.dds
167000832	type	icon_item_type_magicstone_03_64.dds
167000833	type	icon_item_type_magicstone_03_64.dds
167000834	type	icon_item_type_magicstone_03_64.dds
167000835	type	icon_item_type_magicstone_03_64.dds
167000836	type	icon_item_type_magicstone_03_64.dds
167000837	type	icon_item_type_magicstone_03_64.dds
167000838	type	icon_item_type_magicstone_03_64.dds
167000839	type	icon_item_type_magicstone_03_64.dds
167000840	type	icon_item_type_magicstone_03_64.dds
167000841	type	icon_item_type_magicstone_03_64.dds
167000842	type	icon_item_type_magicstone_03_64.dds
167000843	type	icon_item_type_magicstone_03_64.dds
167000844	type	icon_item_type_magicstone_03_64.dds
167000845	type	icon_item_type_magicstone_03_64.dds
167000846	type	icon_item_type_magicstone_03_64.dds
167000847	type	icon_item_type_magicstone_03_64.dds
167000848	type	icon_item_type_magicstone_03_64.dds
167000849	type	icon_item_type_magicstone_03_64.dds
167000850	type	icon_item_type_magicstone_03_64.dds
167000851	type	icon_item_type_magicstone_03_64.dds
167000852	type	icon_item_type_magicstone_03_64.dds
167000853	type	icon_item_type_magicstone_03_64.dds
167000854	type	icon_item_type_magicstone_03_64.dds
167000855	type	icon_item_type_magicstone_03_64.dds
167000856	type	icon_item_type_magicstone_03_64.dds
167000857	type	icon_item_type_magicstone_03_64.dds
167000858	type	icon_item_type_magicstone_03_64.dds
167000859	type	icon_item_type_magicstone_03_64.dds
167000860	type	icon_item_type_magicstone_03_64.dds
167000861	type	icon_item_type_magicstone_03_64.dds
167000862	type	icon_item_type_magicstone_03_64.dds
167000863	type	icon_item_type_magicstone_03_64.dds
167000864	type	icon_item_type_magicstone_03_64.dds
167000865	type	icon_item_type_magicstone_03_64.dds
167000866	type	icon_item_type_magicstone_03_64.dds
167000867	type	icon_item_type_magicstone_03_64.dds
167000868	type	icon_item_type_magicstone_03_64.dds
167000869	type	icon_item_type_magicstone_03_64.dds
167000870	type	icon_item_type_magicstone_03_64.dds
167000871	type	icon_item_type_magicstone_03_64.dds
167000872	type	icon_item_type_magicstone_03_64.dds
167000873	type	icon_item_type_magicstone_03_64.dds
167000874	type	icon_item_type_magicstone_03_64.dds
167000875	type	icon_item_type_magicstone_03_64.dds
167000876	type	icon_item_type_magicstone_03_64.dds
167000877	type	icon_item_type_magicstone_03_64.dds
167010181	type	icon_item_type_magicstone_03_64.dds
167010182	type	icon_item_type_magicstone_03_64.dds
167010183	type	icon_item_type_magicstone_03_64.dds
167010184	type	icon_item_type_magicstone_03_64.dds
167010185	type	icon_item_type_magicstone_03_64.dds
167010186	type	icon_item_type_magicstone_03_64.dds
167010187	type	icon_item_type_magicstone_03_64.dds
167010188	type	icon_item_type_magicstone_03_64.dds
167010189	type	icon_item_type_magicstone_03_64.dds
167010190	type	icon_item_type_magicstone_03_64.dds
167010191	type	icon_item_type_magicstone_03_64.dds
167010192	type	icon_item_type_magicstone_03_64.dds
167010193	type	icon_item_type_magicstone_03_64.dds
167010194	type	icon_item_type_magicstone_03_64.dds
167010195	type	icon_item_type_magicstone_03_64.dds
167010196	type	icon_item_type_magicstone_03_64.dds
167010197	type	icon_item_type_magicstone_03_64.dds
167010198	type	icon_item_type_magicstone_03_64.dds
167010199	type	icon_item_type_magicstone_03_64.dds
167010200	type	icon_item_type_magicstone_03_64.dds
167010201	type	icon_item_type_magicstone_03_64.dds
167010202	type	icon_item_type_magicstone_03_64.dds
167010203	type	icon_item_type_magicstone_03_64.dds
167010204	type	icon_item_type_magicstone_03_64.dds
167010205	type	icon_item_type_magicstone_03_64.dds
167010206	type	icon_item_type_magicstone_03_64.dds
167010207	type	icon_item_type_magicstone_03_64.dds
167010208	type	icon_item_type_magicstone_03_64.dds
167010209	type	icon_item_type_magicstone_03_64.dds
167010210	type	icon_item_type_magicstone_03_64.dds
167010211	type	icon_item_type_magicstone_03_64.dds
167010212	type	icon_item_type_magicstone_03_64.dds
167010213	type	icon_item_type_magicstone_03_64.dds
167010214	type	icon_item_type_magicstone_03_64.dds
167010215	type	icon_item_type_magicstone_03_64.dds
167010216	type	icon_item_type_magicstone_03_64.dds
167010217	type	icon_item_type_magicstone_03_64.dds
167010218	type	icon_item_type_magicstone_03_64.dds
167010219	type	icon_item_type_magicstone_03_64.dds
167010220	type	icon_item_type_magicstone_03_64.dds
167010221	type	icon_item_type_magicstone_03_64.dds
167010222	type	icon_item_type_magicstone_03_64.dds
167010223	type	icon_item_type_magicstone_03_64.dds
167010224	type	icon_item_type_magicstone_03_64.dds
167010225	type	icon_item_type_magicstone_03_64.dds
167010226	type	icon_item_type_magicstone_03_64.dds
167010227	type	icon_item_type_magicstone_03_64.dds
167010228	type	icon_item_type_magicstone_03_64.dds
167010229	type	icon_item_type_magicstone_03_64.dds
167010230	type	icon_item_type_magicstone_03_64.dds
167010231	type	icon_item_type_magicstone_03_64.dds
167010232	type	icon_item_type_magicstone_03_64.dds
167010233	type	icon_item_type_magicstone_03_64.dds
167010234	type	icon_item_type_magicstone_03_64.dds
167010235	type	icon_item_type_magicstone_03_64.dds
167010236	type	icon_item_type_magicstone_03_64.dds
167010237	type	icon_item_type_magicstone_03_64.dds
167010238	type	icon_item_type_magicstone_03_64.dds
167010239	type	icon_item_type_magicstone_03_64.dds
167010240	type	icon_item_type_magicstone_03_64.dds
167010241	type	icon_item_type_magicstone_03_64.dds
167010242	type	icon_item_type_magicstone_03_64.dds
167010243	type	icon_item_type_magicstone_03_64.dds
167010244	type	icon_item_type_magicstone_03_64.dds
167010245	type	icon_item_type_magicstone_03_64.dds
167010246	type	icon_item_type_magicstone_03_64.dds
167010247	type	icon_item_type_magicstone_03_64.dds
167010248	type	icon_item_type_magicstone_03_64.dds
167010249	type	icon_item_type_magicstone_03_64.dds
167020024	exact	icon_item_magicstone_e03.dds
167020025	type	icon_item_magicstone_e02.dds
167020026	type	icon_item_magicstone_e02.dds
167020027	type	icon_item_magicstone_e02.dds
167020028	type	icon_item_magicstone_e02.dds
167020029	type	icon_item_magicstone_e02.dds
167020030	type	icon_item_magicstone_e02.dds
167020031	type	icon_item_magicstone_e02.dds
167020032	type	icon_item_magicstone_e02.dds
167020033	type	icon_item_magicstone_e02.dds
167020034	type	icon_item_magicstone_e02.dds
167020035	type	icon_item_magicstone_e02.dds
167020036	type	icon_item_magicstone_e02.dds
167020037	type	icon_item_magicstone_e02.dds
167020038	type	icon_item_magicstone_e02.dds
167020039	type	icon_item_magicstone_e02.dds
167020040	type	icon_item_magicstone_e02.dds
167020041	exact	icon_item_magicstone_e01.dds
167020042	type	icon_item_magicstone_e01.dds
167020043	type	icon_item_magicstone_e01.dds
167020044	type	icon_item_magicstone_e01.dds
167020045	type	icon_item_magicstone_e01.dds
167020046	type	icon_item_magicstone_e01.dds
167020047	type	icon_item_magicstone_e01.dds
167020048	type	icon_item_magicstone_e01.dds
167020049	type	icon_item_magicstone_e01.dds
167020050	type	icon_item_magicstone_e01.dds
167020051	type	icon_item_magicstone_e01.dds
167020052	type	icon_item_magicstone_e01.dds
167020053	type	icon_item_magicstone_e01.dds
167020054	type	icon_item_magicstone_e01.dds
167020055	type	icon_item_magicstone_e01.dds
167020056	exact	icon_item_magicstone_e04.dds
167020057	type	icon_item_magicstone_e03.dds
167020058	type	icon_item_magicstone_e03.dds
167020059	type	icon_item_magicstone_e03.dds
167020060	type	icon_item_magicstone_e03.dds
167020061	type	icon_item_magicstone_e03.dds
167020062	type	icon_item_magicstone_e03.dds
167020063	type	icon_item_magicstone_e03.dds
167020064	type	icon_item_magicstone_e03.dds
167020065	type	icon_item_magicstone_e03.dds
167020066	type	icon_item_magicstone_e01.dds
167020067	type	icon_item_magicstone_e02.dds
167020068	type	icon_item_magicstone_e01.dds
167020069	type	icon_item_magicstone_e01.dds
167020070	type	icon_item_magicstone_e02.dds
167020071	type	icon_item_magicstone_e02.dds
167020072	exact	icon_item_type_magicstone_02_64.dds
167020073	type	icon_item_magicstone_e04.dds
167020074	type	icon_item_magicstone_e04.dds
167020075	type	icon_item_magicstone_e04.dds
167020076	type	icon_item_magicstone_e04.dds
167020077	type	icon_item_magicstone_e04.dds
167020078	type	icon_item_magicstone_e04.dds
167020079	type	icon_item_magicstone_e04.dds
167020080	type	icon_item_magicstone_e04.dds
167020081	type	icon_item_magicstone_e04.dds
167020082	type	icon_item_magicstone_e04.dds
167020083	type	icon_item_magicstone_e04.dds
