# item_id	quantity	price_in_kinah	section	unlock_level	description
110900083	1	125000	featured	1	A outfit piece for the Ribbit Costume look. Use it to remodel compatible equipment; one appearance item is included.
125040070	1	90000	featured	1	A headpiece for the Rabbit Ear Headband look. Use it to remodel compatible equipment; one appearance item is included.
187060001	1	600000	featured	30	A pair of Dazzling Black Cloud Wings for your character's wing slot or appearance. Check the item level and use details before buying.
190100127	1	750000	featured	1	Use Flamekissed Aetherboard to register a rideable mount for travel. One mount item is delivered by Black Cloud mail.
190020007	1	350000	featured	1	Use Acute Shugo Egg to adopt a pet companion. The egg arrives by Black Cloud mail; open it from your inventory.
110900063	1	125000	featured	1	A outfit piece for the Andu's Party Dress look. Use it to remodel compatible equipment; one appearance item is included.
169630000	1	400000	featured	1	A cube expansion ticket for your character's inventory. Check the level shown in the item name against your current cube tier.
169600001	1	90000	featured	1	Learn the 'Aion Boogie' expression or dance on your character. Use the delivered emotion card to unlock it.
162000092	5	15000	featured	60	Restores 1550 HP immediately. Reuse: 1 min. Offer contains 5 Fine Panacea of Life items.
100000879	1	175000	featured	1	Aether Blade is a sword item. Open its details for the server's weapon attributes and check your class before buying.
110900063	1	125000	fashion_outfits	1	A outfit piece for the Andu's Party Dress look. Use it to remodel compatible equipment; one appearance item is included.
110900099	1	125000	fashion_outfits	1	A outfit piece for the Andu's Party Outfit look. Use it to remodel compatible equipment; one appearance item is included.
110900552	1	125000	fashion_outfits	1	A outfit piece for the Aquablue Swimsuit look. Use it to remodel compatible equipment; one appearance item is included.
110900763	1	125000	fashion_outfits	1	A outfit piece for the Bolero Attire look. Use it to remodel compatible equipment; one appearance item is included.
110900762	1	125000	fashion_outfits	1	A outfit piece for the Bolero Garb look. Use it to remodel compatible equipment; one appearance item is included.
110900885	1	125000	fashion_outfits	1	A outfit piece for the Antique Silk Costume look. Use it to remodel compatible equipment; one appearance item is included.
110900125	1	125000	fashion_outfits	1	A outfit piece for the Antique Silk Hanbok look. Use it to remodel compatible equipment; one appearance item is included.
110101735	1	125000	fashion_outfits	1	A outfit piece for the Charming Kitter Suit look. Use it to remodel compatible equipment; one appearance item is included.
110101731	1	125000	fashion_outfits	1	A outfit piece for the Chic Wedding Garb look. Use it to remodel compatible equipment; one appearance item is included.
125040118	1	90000	fashion_headwear	1	A headpiece for the Agrint Hat look. Use it to remodel compatible equipment; one appearance item is included.
125040083	1	90000	fashion_headwear	1	A headpiece for the Antique Head Accessory look. Use it to remodel compatible equipment; one appearance item is included.
169220010	5	25000	fashion_dyes	1	Apply Dye: Deep Blue to dyeable equipment. This offer includes 5 dye items.
169220019	5	25000	fashion_dyes	1	Apply Dye: Rich Deep Blue to dyeable equipment. This offer includes 5 dye items.
169800169	1	200000	fashion_hair	1	A hairstyle change ticket for Trendy Bun Style. Check your character's faction and gender before use.
169800170	1	200000	fashion_hair	1	A hairstyle change ticket for Vivacious Bob Style. Check your character's faction and gender before use.
100000879	1	175000	weapon_melee	1	Aether Blade is a sword item. Open its details for the server's weapon attributes and check your class before buying.
102101002	1	175000	weapon_arcane	50	Ailu Cipher-Blade is a keyblade appearance for remodeling compatible equipment. One item is included.
101700719	1	175000	weapon_ranged	1	Artemana's Antlers is a bow item. Open its details for the server's weapon attributes and check your class before buying.
100901446	1	175000	weapon_melee	1	Colorful Festive Tree is a greatsword appearance for remodeling compatible equipment. One item is included.
100201591	1	175000	weapon_melee	1	Cookie Carver is a dagger appearance for remodeling compatible equipment. One item is included.
102101003	1	175000	weapon_arcane	50	Gold Daru Cipher-Blade is a keyblade appearance for remodeling compatible equipment. One item is included.
101500695	1	175000	weapon_melee	1	Israphel's Might is a staff item. Open its details for the server's weapon attributes and check your class before buying.
115000959	1	175000	weapon_melee	1	Aquilon's Crystal is a shield item. Open its details for the server's weapon attributes and check your class before buying.
190020007	1	350000	pets	1	Use Acute Shugo Egg to adopt a pet companion. The egg arrives by Black Cloud mail; open it from your inventory.
190020203	1	350000	pets	1	Use Ailu Claw Egg to adopt a pet companion. The egg arrives by Black Cloud mail; open it from your inventory.
190020034	1	350000	pets	1	Use Altgard Kitter Egg to adopt a pet companion. The egg arrives by Black Cloud mail; open it from your inventory.
190020031	1	350000	pets	1	Use Aqua Griffo Egg to adopt a pet companion. The egg arrives by Black Cloud mail; open it from your inventory.
190000063	1	350000	pets	1	Use Auric Ribbit Egg to adopt a pet companion. The egg arrives by Black Cloud mail; open it from your inventory.
190000054	1	350000	pets	1	Use Azure Drakie Egg to adopt a pet companion. The egg arrives by Black Cloud mail; open it from your inventory.
190100005	1	750000	mounts	1	Use Agitated Fourgill to register a rideable mount for travel. One mount item is delivered by Black Cloud mail.
190100011	1	750000	mounts	1	Use Airskim Surfrider to register a rideable mount for travel. One mount item is delivered by Black Cloud mail.
190100084	1	750000	mounts	1	Use Ceruleanimbus to register a rideable mount for travel. One mount item is delivered by Black Cloud mail.
190100127	1	750000	mounts	1	Use Flamekissed Aetherboard to register a rideable mount for travel. One mount item is delivered by Black Cloud mail.
190100107	1	750000	mounts	1	Use Emerald Crestlich to register a rideable mount for travel. One mount item is delivered by Black Cloud mail.
190100146	1	750000	mounts	1	Use Immortal Knight's War Steed to register a rideable mount for travel. One mount item is delivered by Black Cloud mail.
190100131	1	750000	mounts	1	Use Lustrous Skymane to register a rideable mount for travel. One mount item is delivered by Black Cloud mail.
187050027	1	600000	wing_skins	60	A pair of Black Angel Wing Skin for your character's wing slot or appearance. Check the item level and use details before buying.
187050007	1	600000	wing_permanent	40	A pair of Black Cloud Wing Feather for your character's wing slot or appearance. Check the item level and use details before buying.
187060175	1	600000	wing_permanent	10	A pair of Blackgear Steampunk Wings for your character's wing slot or appearance. Check the item level and use details before buying.
187060001	1	600000	wing_permanent	30	A pair of Dazzling Black Cloud Wings for your character's wing slot or appearance. Check the item level and use details before buying.
187060007	1	600000	wing_permanent	50	A pair of Garkbinerk's Black Cloud Wings for your character's wing slot or appearance. Check the item level and use details before buying.
187060010	1	600000	wing_permanent	50	A pair of Glorious Black Cloud Wings for your character's wing slot or appearance. Check the item level and use details before buying.
187060174	1	600000	wing_permanent	10	A pair of Metaspanner Steampunk Wings for your character's wing slot or appearance. Check the item level and use details before buying.
187050031	1	600000	wing_permanent	10	A pair of Ornate Butterfly Wing Feather for your character's wing slot or appearance. Check the item level and use details before buying.
169600001	1	90000	emotes	1	Learn the 'Aion Boogie' expression or dance on your character. Use the delivered emotion card to unlock it.
169600002	1	90000	emotes	1	Learn the 'Hip Hop' expression or dance on your character. Use the delivered emotion card to unlock it.
169600003	1	90000	emotes	1	Learn the 'Flirt' expression or dance on your character. Use the delivered emotion card to unlock it.
169600011	1	90000	emotes	1	Learn the 'Forbidden Dance' expression or dance on your character. Use the delivered emotion card to unlock it.
169600072	1	90000	emotes	1	Learn the 'Nobody' Dance expression or dance on your character. Use the delivered emotion card to unlock it.
169600190	1	90000	emotes	1	"Learn the ""Call My Name"" Dance expression or dance on your character. Use the delivered emotion card to unlock it."
169610020	1	180000	titles	1	Add the 'Adept of Aion' title to your character's collection. Use the delivered card to learn it.
169610091	1	180000	titles	1	Add the Dragon Slayer title to your character's collection. Use the delivered card to learn it.
169610152	1	180000	titles	1	Add the Shugo Samaritan title to your character's collection. Use the delivered card to learn it.
169610137	1	180000	titles	1	Add the Aion's Chosen title to your character's collection. Use the delivered card to learn it.
169630000	1	400000	storage	1	A cube expansion ticket for your character's inventory. Check the level shown in the item name against your current cube tier.
169630002	1	400000	storage	1	A cube expansion ticket for your character's inventory. Check the level shown in the item name against your current cube tier.
169630003	1	400000	storage	1	A cube expansion ticket for your character's inventory. Check the level shown in the item name against your current cube tier.
169630007	1	400000	storage	1	A cube expansion ticket for your character's inventory. Check the level shown in the item name against your current cube tier.
169640000	1	400000	storage	1	A warehouse expansion ticket for extra storage. Check the level shown in the item name against your current warehouse tier.
169640002	1	400000	storage	1	A warehouse expansion ticket for extra storage. Check the level shown in the item name against your current warehouse tier.
169640004	1	400000	storage	1	A warehouse expansion ticket for extra storage. Check the level shown in the item name against your current warehouse tier.
169640006	1	400000	storage	1	A warehouse expansion ticket for extra storage. Check the level shown in the item name against your current warehouse tier.
162000012	20	8000	recovery	10	Restores 340 HP immediately. Reuse: 30 sec. Offer contains 20 Minor Life Serum items.
162000017	20	8000	recovery	10	Restores 540 MP immediately. Reuse: 30 sec. Offer contains 20 Minor Mana Serum items.
162000013	20	14000	recovery	20	Restores 610 HP immediately. Reuse: 30 sec. Offer contains 20 Lesser Life Serum items.
162000018	20	14000	recovery	20	Restores 900 MP immediately. Reuse: 30 sec. Offer contains 20 Lesser Mana Serum items.
162000014	20	28000	recovery	30	Restores 890 HP immediately. Reuse: 30 sec. Offer contains 20 Life Serum items.
162000019	20	28000	recovery	30	Restores 1170 MP immediately. Reuse: 30 sec. Offer contains 20 Mana Serum items.
162000015	20	48000	recovery	40	Restores 1160 HP immediately. Reuse: 30 sec. Offer contains 20 Greater Life Serum items.
162000020	20	48000	recovery	40	Restores 1360 MP immediately. Reuse: 30 sec. Offer contains 20 Greater Mana Serum items.
162000016	20	72000	recovery	50	Restores 1410 HP immediately. Reuse: 30 sec. Offer contains 20 Major Life Serum items.
162000021	20	72000	recovery	50	Restores 1470 MP immediately. Reuse: 30 sec. Offer contains 20 Major Mana Serum items.
162000077	20	100000	recovery	60	Restores 1940 HP immediately. Reuse: 30 sec. Offer contains 20 Fine Life Serum items.
162000078	20	100000	recovery	60	Restores 1680 MP immediately. Reuse: 30 sec. Offer contains 20 Fine Mana Serum items.
162000032	5	30000	recovery	30	Restores 1430 HP immediately. Reuse: 5 min. Offer contains 5 Lesser Divine Life Serum items.
162000035	5	30000	recovery	30	Restores 1870 MP immediately. Reuse: 5 min. Offer contains 5 Lesser Divine Mana Serum items.
162000033	5	50000	recovery	40	Restores 1860 HP immediately. Reuse: 5 min. Offer contains 5 Divine Life Serum items.
162000036	5	50000	recovery	40	Restores 2170 MP immediately. Reuse: 5 min. Offer contains 5 Divine Mana Serum items.
162000034	5	75000	recovery	50	Restores 2250 HP immediately. Reuse: 5 min. Offer contains 5 Greater Divine Life Serum items.
162000037	5	75000	recovery	50	Restores 2350 MP immediately. Reuse: 5 min. Offer contains 5 Greater Divine Mana Serum items.
162000069	5	100000	recovery	60	Restores 3680 HP immediately. Reuse: 5 min. Offer contains 5 Major Divine Life Serum items.
162000070	5	100000	recovery	60	Restores 3450 MP immediately. Reuse: 5 min. Offer contains 5 Major Divine Mana Serum items.
162000092	5	15000	recovery	60	Restores 1550 HP immediately. Reuse: 1 min. Offer contains 5 Fine Panacea of Life items.
162000098	5	15000	recovery	60	Restores 1340 MP immediately. Reuse: 1 min. Offer contains 5 Fine Panacea of Mana items.
162000091	5	15000	recovery	50	Restores 1130 HP immediately. Reuse: 1 min. Offer contains 5 Major Panacea of Life items.
162000097	5	15000	recovery	50	Restores 1180 MP immediately. Reuse: 1 min. Offer contains 5 Major Panacea of Mana items.
160003004	5	12000	food_drink	10	Grants +40 maximum MP for 15 min. Reuse: 5 sec. Offer contains 5 Augri Omelette items.
160003524	5	12000	food_drink	20	Grants +120 maximum MP for 15 min. Reuse: 5 sec. Offer contains 5 Beriti Cheese Omelette items.
160003529	5	12000	food_drink	20	Grants +6 HP regeneration for 15 min. Reuse: 5 sec. Offer contains 5 Beriti Cheese Soup items.
160003530	5	12000	food_drink	20	Grants +9 MP regeneration for 15 min. Reuse: 5 sec. Offer contains 5 Beriti Kirka Juice items.
141000001	100	75000	upgrade_shards	20	A stack of Stigma Shard for combat or stigma use. This offer includes 100 shards.
169000009	500	170000	upgrade_shards	50	A stack of Premium Power Shard for combat or stigma use. This offer includes 500 shards.
169000010	500	275000	upgrade_shards	60	A stack of Superior Power Shard for combat or stigma use. This offer includes 500 shards.
166000050	5	200000	upgrade_stones	50	Use L50 Enchantment Stone to attempt an enchantment on compatible equipment. Success depends on the target and server rates; it is not guaranteed. 5 stones per offer.
166000070	5	500000	upgrade_stones	60	Use L70 Enchantment Stone to attempt an enchantment on compatible equipment. Success depends on the target and server rates; it is not guaranteed. 5 stones per offer.
166000090	5	1000000	upgrade_stones	65	Use L90 Enchantment Stone to attempt an enchantment on compatible equipment. Success depends on the target and server rates; it is not guaranteed. 5 stones per offer.
166100005	20	2000000	enchant_supplements	50	Use during an enchantment attempt on Fabled gear. Adds 15.0 percentage points to the server's success calculation, subject to its cap. 20 supplements per offer.
167000749	10	500000	manastone_physical	60	Socket Manastone: Attack +5 / Crit Strike +8 into a compatible manastone slot to add Attack +5 and Crit Strike +8. Stone level 60; check the target equipment's level and free slots. 10 stones per offer.
167000705	10	500000	manastone_magic	60	Socket Manastone: Magic Boost +27 / Magical Accuracy +7 into a compatible manastone slot to add Magic Boost +27 and Magical Accuracy +7. Stone level 60; check the target equipment's level and free slots. 10 stones per offer.
188052083	1	2000000	gift_boxes	1	Open Small GM Gift Box to receive its server-defined contents. The unopened item arrives through Black Cloud mail.
188052086	1	2000000	gift_boxes	1	Open Big GM Gift Box to receive its server-defined contents. The unopened item arrives through Black Cloud mail.
188053624	1	50000	travel_bundles	50	Open Unified Return Scroll Bundle to receive its server-defined contents. The unopened item arrives through Black Cloud mail.
110900083	1	125000	fashion_outfits	1	A outfit piece for the Ribbit Costume look. Use it to remodel compatible equipment; one appearance item is included.
110900084	1	125000	fashion_outfits	1	A outfit piece for the Wedding Dress/Tuxedo look. Use it to remodel compatible equipment; one appearance item is included.
110900113	1	125000	fashion_outfits	1	A outfit piece for the Porgus Costume look. Use it to remodel compatible equipment; one appearance item is included.
125040062	1	90000	fashion_headwear	1	A headpiece for the Porgus Hood look. Use it to remodel compatible equipment; one appearance item is included.
125040070	1	90000	fashion_headwear	1	A headpiece for the Rabbit Ear Headband look. Use it to remodel compatible equipment; one appearance item is included.
125040072	1	90000	fashion_headwear	1	A headpiece for the Sunflower Headband look. Use it to remodel compatible equipment; one appearance item is included.
125040074	1	90000	fashion_headwear	1	A headpiece for the Devil Horns look. Use it to remodel compatible equipment; one appearance item is included.
125040183	1	90000	fashion_headwear	1	A headpiece for the Summer Sunglasses look. Use it to remodel compatible equipment; one appearance item is included.
162000085	20	60000	recovery	60	Restores 176 HP immediately. Then restores 176 HP every 2 sec for 20 sec. Reuse: 1 min. Offer contains 20 Fine Life Elixir items.
162000086	20	60000	recovery	60	Restores 153 MP immediately. Then restores 153 MP every 2 sec for 20 sec. Reuse: 1 min. Offer contains 20 Fine Mana Elixir items.
164002022	5	15000	supply_scrolls	1	An Elyos instant return scroll for Sanctum. This offer includes 5 scrolls.
164002023	5	15000	supply_scrolls	1	An Asmodian instant return scroll for Pandaemonium. This offer includes 5 scrolls.
160000001	10	1000	food_drink	1	Grants +2 HP regeneration for 15 min. Reuse: 5 sec. Offer contains 10 Mercenary's Fruit Juice items.
160000002	10	1000	food_drink	1	Grants +2 HP regeneration for 15 min. Reuse: 5 sec. Offer contains 10 Raider's Fruit Juice items.
169000003	500	5000	supply_scrolls	1	Keep Minor Power Shard ready for combat or stigma use. This offer contains 500 shards.
162000002	20	6000	recovery	10	Restores 37 HP immediately. Then restores 37 HP every 2 sec for 20 sec. Reuse: 30 sec. Offer contains 20 Minor Life Potion items.
162000007	20	6000	recovery	10	Restores 59 MP immediately. Then restores 59 MP every 2 sec for 20 sec. Reuse: 30 sec. Offer contains 20 Minor Mana Potion items.
162000041	20	7000	recovery	10	Restores 37 HP and 59 MP immediately. Then restores 37 HP every 2 sec for 20 sec and 59 MP every 2 sec for 20 sec. Reuse: 30 sec. Offer contains 20 Minor Recovery Potion items.
162000046	20	9000	recovery	10	Restores 340 HP and 540 MP immediately. Reuse: 30 sec. Offer contains 20 Minor Recovery Serum items.
164000074	10	15000	supply_scrolls	10	Use Lesser Running Scroll for its listed travel or combat effect. This offer contains 10 scrolls.
164000071	10	15000	supply_scrolls	10	Use Lesser Courage Scroll for its listed travel or combat effect. This offer contains 10 scrolls.
161001001	5	25000	recovery	1	Resurrects one fallen allied character within range. Reuse: 30 min. Offer contains 5 Revival Stone items.
162000003	20	11000	recovery	20	Restores 67 HP immediately. Then restores 67 HP every 2 sec for 20 sec. Reuse: 30 sec. Offer contains 20 Lesser Life Potion items.
162000008	20	11000	recovery	20	Restores 98 MP immediately. Then restores 98 MP every 2 sec for 20 sec. Reuse: 30 sec. Offer contains 20 Lesser Mana Potion items.
162000042	20	11000	recovery	20	Restores 67 HP and 98 MP immediately. Then restores 67 HP every 2 sec for 20 sec and 98 MP every 2 sec for 20 sec. Reuse: 30 sec. Offer contains 20 Lesser Recovery Potion items.
162000047	20	15000	recovery	20	Restores 610 HP and 900 MP immediately. Reuse: 30 sec. Offer contains 20 Lesser Recovery Serum items.
162000043	20	22000	recovery	30	Restores 97 HP and 128 MP immediately. Then restores 97 HP every 2 sec for 20 sec and 128 MP every 2 sec for 20 sec. Reuse: 30 sec. Offer contains 20 Recovery Potion items.
162000048	20	30000	recovery	30	Restores 890 HP and 1170 MP immediately. Reuse: 30 sec. Offer contains 20 Recovery Serum items.
162000004	20	22000	recovery	30	Restores 97 HP immediately. Then restores 97 HP every 2 sec for 20 sec. Reuse: 30 sec. Offer contains 20 Life Potion items.
162000009	20	22000	recovery	30	Restores 128 MP immediately. Then restores 128 MP every 2 sec for 20 sec. Reuse: 30 sec. Offer contains 20 Mana Potion items.
162000044	20	40000	recovery	40	Restores 127 HP and 148 MP immediately. Then restores 127 HP every 2 sec for 20 sec and 148 MP every 2 sec for 20 sec. Reuse: 30 sec. Offer contains 20 Greater Recovery Potion items.
162000049	20	55000	recovery	40	Restores 1160 HP and 1360 MP immediately. Reuse: 30 sec. Offer contains 20 Greater Recovery Serum items.
162000045	20	60000	recovery	50	Restores 154 HP and 160 MP immediately. Then restores 154 HP every 2 sec for 20 sec and 160 MP every 2 sec for 20 sec. Reuse: 30 sec. Offer contains 20 Major Recovery Potion items.
162000050	20	80000	recovery	50	Restores 1410 HP and 1470 MP immediately. Reuse: 30 sec. Offer contains 20 Major Recovery Serum items.
162000081	20	90000	recovery	60	Restores 212 HP and 183 MP immediately. Then restores 212 HP every 2 sec for 20 sec and 183 MP every 2 sec for 20 sec. Reuse: 30 sec. Offer contains 20 Fine Recovery Potion items.
162000080	20	125000	recovery	60	Restores 1940 HP and 1680 MP immediately. Reuse: 30 sec. Offer contains 20 Fine Recovery Serum items.
162000075	20	95000	recovery	60	Restores 212 HP immediately. Then restores 212 HP every 2 sec for 20 sec. Reuse: 30 sec. Offer contains 20 Fine Life Potion items.
162000076	20	95000	recovery	60	Restores 183 MP immediately. Then restores 183 MP every 2 sec for 20 sec. Reuse: 30 sec. Offer contains 20 Fine Mana Potion items.
162000023	20	35000	recovery	30	Removes a physical altered state from your character. Reuse: 30 sec. Offer contains 20 Greater Healing Potion items.
162000027	20	70000	recovery	40	Instantly restores flight time. Reuse: 1 min. Offer contains 20 Major Wind Serum items.
164002238	5	15000	supply_scrolls	10	Use Instant Return Scroll for its listed travel or combat effect. This offer contains 5 scrolls.
164000075	20	50000	supply_scrolls	20	Use Running Scroll for its listed travel or combat effect. This offer contains 20 scrolls.
164000076	20	75000	supply_scrolls	30	Use Greater Running Scroll for its listed travel or combat effect. This offer contains 20 scrolls.
164000072	20	50000	supply_scrolls	20	Use Courage Scroll for its listed travel or combat effect. This offer contains 20 scrolls.
164000073	20	75000	supply_scrolls	30	Use Greater Courage Scroll for its listed travel or combat effect. This offer contains 20 scrolls.
164000132	10	15000	supply_scrolls	10	Use Lesser Awakening Scroll for its listed travel or combat effect. This offer contains 10 scrolls.
164000133	20	50000	supply_scrolls	20	Use Awakening Scroll for its listed travel or combat effect. This offer contains 20 scrolls.
164000134	20	75000	supply_scrolls	30	Use Greater Awakening Scroll for its listed travel or combat effect. This offer contains 20 scrolls.
164002200	1	250000	summoned_npcs	10	Use on the ground to summon a warehouse manager for your character for 5 minutes. One summoning stone is delivered.
100001578	1	8000000	equipment_weapons	65	Sauro Guard's Sword is level 65 sword equipment from the Sauro collection. Check class and item attributes on its detail page before equipping.
100101214	1	8000000	equipment_weapons	65	Sauro Guard's Mace is level 65 mace equipment from the Sauro collection. Check class and item attributes on its detail page before equipping.
100201386	1	8000000	equipment_weapons	65	Sauro Guard's Dagger is level 65 dagger equipment from the Sauro collection. Check class and item attributes on its detail page before equipping.
100501206	1	8000000	equipment_weapons	65	Sauro Guard's Orb is level 65 orb equipment from the Sauro collection. Check class and item attributes on its detail page before equipping.
100601298	1	8000000	equipment_weapons	65	Sauro Guard's Spellbook is level 65 spellbook equipment from the Sauro collection. Check class and item attributes on its detail page before equipping.
100901228	1	8000000	equipment_weapons	65	Sauro Guard's Greatsword is level 65 greatsword equipment from the Sauro collection. Check class and item attributes on its detail page before equipping.
101301154	1	8000000	equipment_weapons	65	Sauro Guard's Polearm is level 65 polearm equipment from the Sauro collection. Check class and item attributes on its detail page before equipping.
101501240	1	8000000	equipment_weapons	65	Sauro Guard's Staff is level 65 staff equipment from the Sauro collection. Check class and item attributes on its detail page before equipping.
101701257	1	8000000	equipment_weapons	65	Sauro Guard's Bow is level 65 bow equipment from the Sauro collection. Check class and item attributes on its detail page before equipping.
101801063	1	8000000	equipment_weapons	65	Sauro Guard's Pistol is level 65 gun equipment from the Sauro collection. Check class and item attributes on its detail page before equipping.
101901013	1	8000000	equipment_weapons	65	Sauro Guard's Aethercannon is level 65 cannon equipment from the Sauro collection. Check class and item attributes on its detail page before equipping.
102001087	1	8000000	equipment_weapons	65	Sauro Guard's Harp is level 65 harp equipment from the Sauro collection. Check class and item attributes on its detail page before equipping.
102100840	1	8000000	equipment_weapons	65	Sauro Guard's Cipher-Blade is level 65 keyblade equipment from the Sauro collection. Check class and item attributes on its detail page before equipping.
115001622	1	6500000	equipment_weapons	65	Sauro Guard's Shield is level 65 shield equipment from the Sauro collection. Check class and item attributes on its detail page before equipping.
100001580	1	35000000	equipment_weapons	65	Sauro Commander's Sword is level 65 sword equipment from the Sauro collection. Check class and item attributes on its detail page before equipping.
100101217	1	35000000	equipment_weapons	65	Sauro Commander's Mace is level 65 mace equipment from the Sauro collection. Check class and item attributes on its detail page before equipping.
100201388	1	35000000	equipment_weapons	65	Sauro Commander's Dagger is level 65 dagger equipment from the Sauro collection. Check class and item attributes on its detail page before equipping.
100501208	1	35000000	equipment_weapons	65	Sauro Commander's Orb is level 65 orb equipment from the Sauro collection. Check class and item attributes on its detail page before equipping.
100601300	1	35000000	equipment_weapons	65	Sauro Commander's Spellbook is level 65 spellbook equipment from the Sauro collection. Check class and item attributes on its detail page before equipping.
100901230	1	35000000	equipment_weapons	65	Sauro Commander's Greatsword is level 65 greatsword equipment from the Sauro collection. Check class and item attributes on its detail page before equipping.
101301156	1	35000000	equipment_weapons	65	Sauro Commander's Polearm is level 65 polearm equipment from the Sauro collection. Check class and item attributes on its detail page before equipping.
101501243	1	35000000	equipment_weapons	65	Sauro Commander's Staff is level 65 staff equipment from the Sauro collection. Check class and item attributes on its detail page before equipping.
101701259	1	35000000	equipment_weapons	65	Sauro Commander's Bow is level 65 bow equipment from the Sauro collection. Check class and item attributes on its detail page before equipping.
101801065	1	35000000	equipment_weapons	65	Sauro Commander's Pistol is level 65 gun equipment from the Sauro collection. Check class and item attributes on its detail page before equipping.
101901015	1	35000000	equipment_weapons	65	Sauro Commander's Aethercannon is level 65 cannon equipment from the Sauro collection. Check class and item attributes on its detail page before equipping.
102001089	1	35000000	equipment_weapons	65	Sauro Commander's Harp is level 65 harp equipment from the Sauro collection. Check class and item attributes on its detail page before equipping.
102100842	1	35000000	equipment_weapons	65	Sauro Commander's Cipher-Blade is level 65 keyblade equipment from the Sauro collection. Check class and item attributes on its detail page before equipping.
115001623	1	30000000	equipment_weapons	65	Sauro Commander's Shield is level 65 shield equipment from the Sauro collection. Check class and item attributes on its detail page before equipping.
110101673	1	4500000	equipment_armor	65	Sauro Guard's Tunic is level 65 cloth torso equipment from the Sauro collection. Check class and item attributes on its detail page before equipping.
113101520	1	3200000	equipment_armor	65	Sauro Guard's Leggings is level 65 cloth pants equipment from the Sauro collection. Check class and item attributes on its detail page before equipping.
112101458	1	2200000	equipment_armor	65	Sauro Guard's Pauldrons is level 65 cloth shoulder equipment from the Sauro collection. Check class and item attributes on its detail page before equipping.
111101505	1	2200000	equipment_armor	65	Sauro Guard's Gloves is level 65 cloth glove equipment from the Sauro collection. Check class and item attributes on its detail page before equipping.
114101552	1	2200000	equipment_armor	65	Sauro Guard's Shoes is level 65 cloth shoes equipment from the Sauro collection. Check class and item attributes on its detail page before equipping.
110301681	1	4500000	equipment_armor	65	Sauro Guard's Jerkin is level 65 leather torso equipment from the Sauro collection. Check class and item attributes on its detail page before equipping.
113301650	1	3200000	equipment_armor	65	Sauro Guard's Breeches is level 65 leather pants equipment from the Sauro collection. Check class and item attributes on its detail page before equipping.
112301558	1	2200000	equipment_armor	65	Sauro Guard's Shoulderguards is level 65 leather shoulder equipment from the Sauro collection. Check class and item attributes on its detail page before equipping.
111301619	1	2200000	equipment_armor	65	Sauro Guard's Vambrace is level 65 leather glove equipment from the Sauro collection. Check class and item attributes on its detail page before equipping.
114301687	1	2200000	equipment_armor	65	Sauro Guard's Boots is level 65 leather shoes equipment from the Sauro collection. Check class and item attributes on its detail page before equipping.
110501511	1	4500000	equipment_armor	65	Sauro Guard's Hauberk is level 65 chain torso equipment from the Sauro collection. Check class and item attributes on its detail page before equipping.
113501484	1	3200000	equipment_armor	65	Sauro Guard's Chausses is level 65 chain pants equipment from the Sauro collection. Check class and item attributes on its detail page before equipping.
112501408	1	2200000	equipment_armor	65	Sauro Guard's Spaulders is level 65 chain shoulder equipment from the Sauro collection. Check class and item attributes on its detail page before equipping.
111501466	1	2200000	equipment_armor	65	Sauro Guard's Handguards is level 65 chain glove equipment from the Sauro collection. Check class and item attributes on its detail page before equipping.
114501493	1	2200000	equipment_armor	65	Sauro Guard's Brogans is level 65 chain shoes equipment from the Sauro collection. Check class and item attributes on its detail page before equipping.
110550934	1	4500000	equipment_armor	65	Sauro Guard's Magic Hauberk is level 65 chain torso equipment from the Sauro collection. Check class and item attributes on its detail page before equipping.
113501510	1	3200000	equipment_armor	65	Sauro Guard's Magic Chausses is level 65 chain pants equipment from the Sauro collection. Check class and item attributes on its detail page before equipping.
112501434	1	2200000	equipment_armor	65	Sauro Guard's Magic Spaulders is level 65 chain shoulder equipment from the Sauro collection. Check class and item attributes on its detail page before equipping.
111501492	1	2200000	equipment_armor	65	Sauro Guard's Magic Handguards is level 65 chain glove equipment from the Sauro collection. Check class and item attributes on its detail page before equipping.
114501519	1	2200000	equipment_armor	65	Sauro Guard's Magic Brogans is level 65 chain shoes equipment from the Sauro collection. Check class and item attributes on its detail page before equipping.
110601485	1	4500000	equipment_armor	65	Sauro Guard's Breastplate is level 65 plate torso equipment from the Sauro collection. Check class and item attributes on its detail page before equipping.
113601431	1	3200000	equipment_armor	65	Sauro Guard's Greaves is level 65 plate pants equipment from the Sauro collection. Check class and item attributes on its detail page before equipping.
112601429	1	2200000	equipment_armor	65	Sauro Guard's Shoulderplates is level 65 plate shoulder equipment from the Sauro collection. Check class and item attributes on its detail page before equipping.
111601448	1	2200000	equipment_armor	65	Sauro Guard's Gauntlets is level 65 plate glove equipment from the Sauro collection. Check class and item attributes on its detail page before equipping.
114601436	1	2200000	equipment_armor	65	Sauro Guard's Sabatons is level 65 plate shoes equipment from the Sauro collection. Check class and item attributes on its detail page before equipping.
165000001	20	30000	upgrade_tools	1	Extraction Tools supports equipment extraction or enhancement. Check its use action in item details. The offer contains 20 items.
169000005	500	40000	upgrade_shards	20	Keep Power Shard ready for combat or stigma use. This offer contains 500 shards.
169000011	500	375000	upgrade_shards	65	Keep Ancient Power Shard ready for combat or stigma use. This offer contains 500 shards.
166000110	5	2200000	upgrade_stones	65	Use L110 Enchantment Stone to attempt an enchantment on compatible equipment. Success depends on the target and server rates; it is not guaranteed. 5 stones per offer.
166100011	20	8000000	enchant_supplements	65	Use during an enchantment attempt on Mythic gear. Adds 15.0 percentage points to the server's success calculation, subject to its cap. 20 supplements per offer.
167000845	10	400000	manastone_vitality	60	Socket Manastone: HP +95 / MP +47 into a compatible manastone slot to add HP +95 and MP +47. Stone level 60; check the target equipment's level and free slots. 10 stones per offer.
167000850	10	400000	manastone_vitality	60	Socket Manastone: HP +95 / Crit Strike +8 into a compatible manastone slot to add HP +95 and Crit Strike +8. Stone level 60; check the target equipment's level and free slots. 10 stones per offer.
125040000	1	250000	fashion_headwear	20	Black Cloud Hat is a headpiece for your character's look. Check the item details for its equipment requirements.
120010001	1	350000	fashion_headwear	20	Black Cloud Trader Earrings is an accessory for your character's look. Check the item details for its equipment requirements.
187000061	1	500000	wing_permanent	20	Equip Gauon's Wings in the wing slot for its listed flight attributes and appearance. Check its level requirement before purchase.
187050000	1	1000000	wing_permanent	30	Equip Black Cloud Wings in the wing slot for its listed flight attributes and appearance. Check its level requirement before purchase.
187000124	1	2500000	wing_permanent	40	Equip Dusky Black Cloud Wings in the wing slot for its listed flight attributes and appearance. Check its level requirement before purchase.
187000125	1	4000000	wing_permanent	50	Equip Morpho Black Cloud Wings in the wing slot for its listed flight attributes and appearance. Check its level requirement before purchase.
187000018	1	5000000	wing_permanent	55	Equip Storm Wings in the wing slot for its listed flight attributes and appearance. Check its level requirement before purchase.
187000111	1	8000000	wing_permanent	65	Equip Noble Silverine Wings in the wing slot for its listed flight attributes and appearance. Check its level requirement before purchase.
187000112	1	8000000	wing_permanent	65	Equip Smart Silverine Wings in the wing slot for its listed flight attributes and appearance. Check its level requirement before purchase.
169220048	5	25000	fashion_dyes	1	Color compatible equipment with [Power Sale] Dye: Deep Blue. This offer contains 5 dye items.
169220046	5	25000	fashion_dyes	1	Color compatible equipment with [Power Sale] Dye: Green Tea. This offer contains 5 dye items.
169220042	5	25000	fashion_dyes	1	Color compatible equipment with [Power Sale] Dye: Hot Orange. This offer contains 5 dye items.
169220043	5	25000	fashion_dyes	1	Color compatible equipment with [Power Sale] Dye: Hot Pink. This offer contains 5 dye items.
169220047	5	25000	fashion_dyes	1	Color compatible equipment with [Power Sale] Dye: Mustard. This offer contains 5 dye items.
169220045	5	25000	fashion_dyes	1	Color compatible equipment with [Power Sale] Dye: Olive Green. This offer contains 5 dye items.
169220044	5	25000	fashion_dyes	1	Color compatible equipment with [Power Sale] Dye: Rich Purple. This offer contains 5 dye items.
169220041	5	25000	fashion_dyes	1	Color compatible equipment with [Power Sale] Dye: True Red. This offer contains 5 dye items.
169220008	5	25000	fashion_dyes	1	Color compatible equipment with Dye: Green Tea. This offer contains 5 dye items.
169220004	5	25000	fashion_dyes	1	Color compatible equipment with Dye: Hot Orange. This offer contains 5 dye items.
169220006	5	25000	fashion_dyes	1	Color compatible equipment with Dye: Hot Pink. This offer contains 5 dye items.
169220007	5	25000	fashion_dyes	1	Color compatible equipment with Dye: Mustard. This offer contains 5 dye items.
169220009	5	25000	fashion_dyes	1	Color compatible equipment with Dye: Olive Green. This offer contains 5 dye items.
169220017	5	25000	fashion_dyes	1	Color compatible equipment with Dye: Rich Green Tea. This offer contains 5 dye items.
169220013	5	25000	fashion_dyes	1	Color compatible equipment with Dye: Rich Hot Orange. This offer contains 5 dye items.
169220015	5	25000	fashion_dyes	1	Color compatible equipment with Dye: Rich Hot Pink. This offer contains 5 dye items.
169220014	5	25000	fashion_dyes	1	Color compatible equipment with Dye: Rich Hot Purple. This offer contains 5 dye items.
169220016	5	25000	fashion_dyes	1	Color compatible equipment with Dye: Rich Mustard. This offer contains 5 dye items.
169220018	5	25000	fashion_dyes	1	Color compatible equipment with Dye: Rich Olive Green. This offer contains 5 dye items.
169220005	5	25000	fashion_dyes	1	Color compatible equipment with Dye: Rich Purple. This offer contains 5 dye items.
169220012	5	25000	fashion_dyes	1	Color compatible equipment with Dye: Rich True Red. This offer contains 5 dye items.
169220011	5	25000	fashion_dyes	1	Color compatible equipment with Dye: Taegeuk Red. This offer contains 5 dye items.
169220003	5	25000	fashion_dyes	1	Color compatible equipment with Dye: True Black. This offer contains 5 dye items.
169220040	5	25000	fashion_dyes	1	Color compatible equipment with Dye: True Blue. This offer contains 5 dye items.
169220001	5	25000	fashion_dyes	1	Color compatible equipment with Dye: True Red. This offer contains 5 dye items.
169220002	5	25000	fashion_dyes	1	Color compatible equipment with Dye: True White. This offer contains 5 dye items.
169600189	1	90000	emotes	1	"Unlock the ""Can't Get Enough of Him"" Dance expression or dance for your character. Use the delivered emotion card."
169600191	1	90000	emotes	1	"Unlock the ""I Put a Spell On You"" Dance expression or dance for your character. Use the delivered emotion card."
169600188	1	90000	emotes	1	"Unlock the ""Tearful"" Dance expression or dance for your character. Use the delivered emotion card."
169600192	1	90000	emotes	1	"Unlock the ""You and I"" Dance expression or dance for your character. Use the delivered emotion card."
169600068	1	90000	emotes	1	Unlock the '2DT' Dance, Part 1 expression or dance for your character. Use the delivered emotion card.
169600069	1	90000	emotes	1	Unlock the '2DT' Dance, Part 2 expression or dance for your character. Use the delivered emotion card.
169600070	1	90000	emotes	1	Unlock the '2DT' Dance, Part 3 expression or dance for your character. Use the delivered emotion card.
169600089	1	90000	emotes	1	Unlock the 'Again Crab Leg' Dance expression or dance for your character. Use the delivered emotion card.
169600087	1	90000	emotes	1	Unlock the 'Bad Girl' Dance expression or dance for your character. Use the delivered emotion card.
169600088	1	90000	emotes	1	Unlock the 'Because of You' Dance expression or dance for your character. Use the delivered emotion card.
169600090	1	90000	emotes	1	Unlock the 'Fluttering Heart' Dance expression or dance for your character. Use the delivered emotion card.
169600091	1	90000	emotes	1	Unlock the 'Pitapat' Dance expression or dance for your character. Use the delivered emotion card.
169600004	1	90000	emotes	1	Unlock the 'Pop Legend' expression or dance for your character. Use the delivered emotion card.
169600086	1	90000	emotes	1	Unlock the 'Shut Up' Dance expression or dance for your character. Use the delivered emotion card.
169600071	1	90000	emotes	1	Unlock the 'Tell Me' Dance expression or dance for your character. Use the delivered emotion card.
169600197	1	90000	emotes	1	Unlock the Batter expression or dance for your character. Use the delivered emotion card.
169600041	1	90000	emotes	1	Unlock the Blow Bubbles expression or dance for your character. Use the delivered emotion card.
169600057	1	90000	emotes	1	Unlock the Blue Flag Up expression or dance for your character. Use the delivered emotion card.
169600036	1	90000	emotes	1	Unlock the Cancan expression or dance for your character. Use the delivered emotion card.
169600195	1	90000	emotes	1	Unlock the Catcher expression or dance for your character. Use the delivered emotion card.
169600039	1	90000	emotes	1	Unlock the Chew Bubblegum expression or dance for your character. Use the delivered emotion card.
169600202	1	90000	emotes	1	Unlock the Clumsy Kowtow expression or dance for your character. Use the delivered emotion card.
169600103	1	90000	emotes	1	Unlock the Diving expression or dance for your character. Use the delivered emotion card.
169600047	1	90000	emotes	1	Unlock the Flag 0 expression or dance for your character. Use the delivered emotion card.
169600048	1	90000	emotes	1	Unlock the Flag 1 expression or dance for your character. Use the delivered emotion card.
169600049	1	90000	emotes	1	Unlock the Flag 2 expression or dance for your character. Use the delivered emotion card.
169600050	1	90000	emotes	1	Unlock the Flag 3 expression or dance for your character. Use the delivered emotion card.
169600051	1	90000	emotes	1	Unlock the Flag 4 expression or dance for your character. Use the delivered emotion card.
169600052	1	90000	emotes	1	Unlock the Flag 5 expression or dance for your character. Use the delivered emotion card.
169600053	1	90000	emotes	1	Unlock the Flag 6 expression or dance for your character. Use the delivered emotion card.
169600054	1	90000	emotes	1	Unlock the Flag 7 expression or dance for your character. Use the delivered emotion card.
169600055	1	90000	emotes	1	Unlock the Flag 8 expression or dance for your character. Use the delivered emotion card.
169600056	1	90000	emotes	1	Unlock the Flag 9 expression or dance for your character. Use the delivered emotion card.
169600045	1	90000	emotes	1	Unlock the Flag O expression or dance for your character. Use the delivered emotion card.
169600046	1	90000	emotes	1	Unlock the Flag X expression or dance for your character. Use the delivered emotion card.
169600102	1	90000	emotes	1	Unlock the Floor Sweep expression or dance for your character. Use the delivered emotion card.
169600021	1	90000	emotes	1	Unlock the Flowers expression or dance for your character. Use the delivered emotion card.
169600023	1	90000	emotes	1	Unlock the Heart expression or dance for your character. Use the delivered emotion card.
169600040	1	90000	emotes	1	Unlock the Hug Me expression or dance for your character. Use the delivered emotion card.
169600035	1	90000	emotes	1	Unlock the Juggling expression or dance for your character. Use the delivered emotion card.
169600024	1	90000	emotes	1	Unlock the Kiss expression or dance for your character. Use the delivered emotion card.
169600201	1	90000	emotes	1	Unlock the Kowtow expression or dance for your character. Use the delivered emotion card.
169600037	1	90000	emotes	1	Unlock the Paper Airplane expression or dance for your character. Use the delivered emotion card.
169600044	1	90000	emotes	1	Unlock the Paper! expression or dance for your character. Use the delivered emotion card.
169600196	1	90000	emotes	1	Unlock the Pitcher expression or dance for your character. Use the delivered emotion card.
169600060	1	90000	emotes	1	Unlock the Play the Drum expression or dance for your character. Use the delivered emotion card.
169600063	1	90000	emotes	1	Unlock the Play the Saxophone expression or dance for your character. Use the delivered emotion card.
169600064	1	90000	emotes	1	Unlock the Playing Dead expression or dance for your character. Use the delivered emotion card.
169600030	1	90000	emotes	1	Unlock the Point Fingers expression or dance for your character. Use the delivered emotion card.
169600067	1	90000	emotes	1	Unlock the Put Both Up expression or dance for your character. Use the delivered emotion card.
169600043	1	90000	emotes	1	Unlock the Rock! expression or dance for your character. Use the delivered emotion card.
169600038	1	90000	emotes	1	Unlock the Scatter Petals expression or dance for your character. Use the delivered emotion card.
169600042	1	90000	emotes	1	Unlock the Scissors! expression or dance for your character. Use the delivered emotion card.
169600062	1	90000	emotes	1	Unlock the Serenade expression or dance for your character. Use the delivered emotion card.
169600101	1	90000	emotes	1	Unlock the Serving an Omelette expression or dance for your character. Use the delivered emotion card.
169600022	1	90000	emotes	1	Unlock the Shy Proposal expression or dance for your character. Use the delivered emotion card.
169600065	1	90000	emotes	1	Unlock the Sing expression or dance for your character. Use the delivered emotion card.
169600186	1	90000	emotes	1	"Unlock the Sing ""Good Day"" expression or dance for your character. Use the delivered emotion card."
169600187	1	90000	emotes	1	"Unlock the Sing ""You and I"" expression or dance for your character. Use the delivered emotion card."
169600194	1	90000	emotes	1	Unlock the Sing IU's Theme Song expression or dance for your character. Use the delivered emotion card.
169600206	1	90000	emotes	1	Unlock the Snowman expression or dance for your character. Use the delivered emotion card.
169600217	1	90000	emotes	1	Unlock the Summer Vacation expression or dance for your character. Use the delivered emotion card.
169600031	1	90000	emotes	1	Unlock the Surrender expression or dance for your character. Use the delivered emotion card.
169600219	1	90000	emotes	1	Unlock the The Dragon's Provoke expression or dance for your character. Use the delivered emotion card.
169600193	1	90000	emotes	1	Unlock the Wave Glowstick expression or dance for your character. Use the delivered emotion card.
169600058	1	90000	emotes	1	Unlock the White Flag Up expression or dance for your character. Use the delivered emotion card.
169600200	1	90000	emotes	1	Unlock the [Motion Card] The Dragon's Taunt expression or dance for your character. Use the delivered emotion card.
169600218	1	90000	emotes	1	Unlock the [Performance Card] Random Halloween expression or dance for your character. Use the delivered emotion card.
169600025	1	90000	emotes	1	Unlock the Birthday Celebration expression or dance for your character. Use the delivered emotion card.
169600084	1	90000	emotes	1	Unlock the Groom Pet expression or dance for your character. Use the delivered emotion card.
169600029	1	90000	emotes	1	Unlock the Hurray expression or dance for your character. Use the delivered emotion card.
169600034	1	90000	emotes	1	Unlock the Look at the Mirror expression or dance for your character. Use the delivered emotion card.
169600059	1	90000	emotes	1	Unlock the Play Guitar expression or dance for your character. Use the delivered emotion card.
169600061	1	90000	emotes	1	Unlock the Play Violin expression or dance for your character. Use the delivered emotion card.
169600083	1	90000	emotes	1	Unlock the Play with Pet expression or dance for your character. Use the delivered emotion card.
169600027	1	90000	emotes	1	Unlock the Pray expression or dance for your character. Use the delivered emotion card.
169600032	1	90000	emotes	1	Unlock the Push Up expression or dance for your character. Use the delivered emotion card.
169600066	1	90000	emotes	1	Unlock the Snuggle Pet expression or dance for your character. Use the delivered emotion card.
169600026	1	90000	emotes	1	Unlock the Toast expression or dance for your character. Use the delivered emotion card.
169600085	1	90000	emotes	1	Unlock the Train Pet expression or dance for your character. Use the delivered emotion card.
169600028	1	90000	emotes	1	Unlock the Tribute expression or dance for your character. Use the delivered emotion card.
169600033	1	90000	emotes	1	Unlock the Trust Me expression or dance for your character. Use the delivered emotion card.
160010410	5	12000	transformation_candy	40	Use Asmodian Female Empyrean Lord Transformation Candy to change your character's form and receive its listed effect. This offer contains 5 candies.
160010409	5	12000	transformation_candy	40	Use Asmodian Male Empyrean Lord Transformation Candy to change your character's form and receive its listed effect. This offer contains 5 candies.
160003526	5	12000	food_drink	20	Grants +15 Evasion for 15 min. Reuse: 5 sec. Offer contains 5 Beriti Ksellid Salad items.
160003525	5	12000	food_drink	20	Grants +30 Physical Accuracy for 15 min. Reuse: 5 sec. Offer contains 5 Beriti Rabano Curry items.
160003509	5	12000	food_drink	10	Grants +2 HP regeneration for 15 min. Reuse: 5 sec. Offer contains 5 Brax Soup items.
160003523	5	12000	food_drink	20	Grants +120 maximum HP for 15 min. Reuse: 5 sec. Offer contains 5 Broiled Beriti Frillneck items.
160003503	5	12000	food_drink	10	Grants +40 maximum HP for 15 min. Reuse: 5 sec. Offer contains 5 Broiled Brax items.
160003013	5	12000	food_drink	20	Grants +80 maximum HP for 15 min. Reuse: 5 sec. Offer contains 5 Broiled Elroco items.
160003513	5	12000	food_drink	20	Grants +80 maximum HP for 15 min. Reuse: 5 sec. Offer contains 5 Broiled Pluma items.
160003003	5	12000	food_drink	10	Grants +40 maximum HP for 15 min. Reuse: 5 sec. Offer contains 5 Broiled Qooqoo items.
160010325	5	12000	transformation_candy	40	Use Captain Harlock Form Candy to change your character's form and receive its listed effect. This offer contains 5 candies.
160010326	5	12000	transformation_candy	40	Use Captain Harlock Form Candy to change your character's form and receive its listed effect. This offer contains 5 candies.
160010274	5	12000	transformation_candy	40	Use Clever Dandi Form Candy to change your character's form and receive its listed effect. This offer contains 5 candies.
160010276	5	12000	transformation_candy	40	Use Clever Dandi Form Candy to change your character's form and receive its listed effect. This offer contains 5 candies.
160010321	5	12000	transformation_candy	40	Use Courageous Iron Cobalt Form Candy to change your character's form and receive its listed effect. This offer contains 5 candies.
160010322	5	12000	transformation_candy	40	Use Courageous Iron Cobalt Form Candy to change your character's form and receive its listed effect. This offer contains 5 candies.
160010107	5	12000	transformation_candy	50	Use Courageous Tiger Form Candy to change your character's form and receive its listed effect. This offer contains 5 candies.
160010108	5	12000	transformation_candy	50	Use Courageous Tiger Form Candy to change your character's form and receive its listed effect. This offer contains 5 candies.
160010303	5	12000	transformation_candy	40	Use Dignified Ailu Form Candy to change your character's form and receive its listed effect. This offer contains 5 candies.
160010304	5	12000	transformation_candy	40	Use Dignified Ailu Form Candy to change your character's form and receive its listed effect. This offer contains 5 candies.
160010315	5	12000	transformation_candy	40	Use Dignified Iron Cobalt Form Candy to change your character's form and receive its listed effect. This offer contains 5 candies.
160010316	5	12000	transformation_candy	40	Use Dignified Iron Cobalt Form Candy to change your character's form and receive its listed effect. This offer contains 5 candies.
160010309	5	12000	transformation_candy	40	Use Dignified Tayga Form Candy to change your character's form and receive its listed effect. This offer contains 5 candies.
160010310	5	12000	transformation_candy	40	Use Dignified Tayga Form Candy to change your character's form and receive its listed effect. This offer contains 5 candies.
160010204	5	12000	transformation_candy	40	Use Dignified Wyvern Form Candy to change your character's form and receive its listed effect. This offer contains 5 candies.
160010206	5	12000	transformation_candy	40	Use Dignified Wyvern Form Candy to change your character's form and receive its listed effect. This offer contains 5 candies.
160010408	5	12000	transformation_candy	40	Use Elyos Female Empyrean Lord Transformation Candy to change your character's form and receive its listed effect. This offer contains 5 candies.
160010407	5	12000	transformation_candy	40	Use Elyos Male Empyrean Lord Transformation Candy to change your character's form and receive its listed effect. This offer contains 5 candies.
160010109	5	12000	transformation_candy	50	Use Enamored Tiger Form Candy to change your character's form and receive its listed effect. This offer contains 5 candies.
160010110	5	12000	transformation_candy	50	Use Enamored Tiger Form Candy to change your character's form and receive its listed effect. This offer contains 5 candies.
160003562	5	12000	food_drink	60	Grants +12 Physical Attack, +60 Magic Boost for 15 min. Reuse: 5 sec. Offer contains 5 Fine Focus Agent items.
160003556	5	12000	food_drink	60	Grants +12 HP regeneration, +18 MP regeneration for 15 min. Reuse: 5 sec. Offer contains 5 Fine Rally Serum items.
160003559	5	12000	food_drink	30	Grants +6 Physical Attack, +30 Magic Boost for 15 min. Reuse: 5 sec. Offer contains 5 Focus Agent items.
160003527	5	12000	food_drink	20	Grants +15 Magical Accuracy for 15 min. Reuse: 5 sec. Offer contains 5 Fried Beriti Griffon items.
160003517	5	12000	food_drink	20	Grants +10 Magical Accuracy for 15 min. Reuse: 5 sec. Offer contains 5 Fried Mosbear items.
160003507	5	12000	food_drink	10	Grants +5 Magical Accuracy for 15 min. Reuse: 5 sec. Offer contains 5 Fried Sparkie items.
160003007	5	12000	food_drink	10	Grants +5 Magical Accuracy for 15 min. Reuse: 5 sec. Offer contains 5 Fried Sylphen items.
160003017	5	12000	food_drink	20	Grants +10 Magical Accuracy for 15 min. Reuse: 5 sec. Offer contains 5 Fried Tog items.
160010105	5	12000	transformation_candy	50	Use Fuzzy Polar Bear Form Candy to change your character's form and receive its listed effect. This offer contains 5 candies.
160010106	5	12000	transformation_candy	50	Use Fuzzy Polar Bear Form Candy to change your character's form and receive its listed effect. This offer contains 5 candies.
160010281	5	12000	transformation_candy	40	Use Gold Inquin Form Candy to change your character's form and receive its listed effect. This offer contains 5 candies.
160010282	5	12000	transformation_candy	40	Use Gold Inquin Form Candy to change your character's form and receive its listed effect. This offer contains 5 candies.
160003560	5	12000	food_drink	40	Grants +8 Physical Attack, +40 Magic Boost for 15 min. Reuse: 5 sec. Offer contains 5 Greater Focus Agent items.
160003554	5	12000	food_drink	40	Grants +8 HP regeneration, +12 MP regeneration for 15 min. Reuse: 5 sec. Offer contains 5 Greater Rally Serum items.
160010285	5	12000	transformation_candy	40	Use Green Inquin Form Candy to change your character's form and receive its listed effect. This offer contains 5 candies.
160010286	5	12000	transformation_candy	40	Use Green Inquin Form Candy to change your character's form and receive its listed effect. This offer contains 5 candies.
160010113	5	12000	transformation_candy	40	Use Harvest Revel Form Candy to change your character's form and receive its listed effect. This offer contains 5 candies.
160010114	5	12000	transformation_candy	40	Use Harvest Revel Form Candy to change your character's form and receive its listed effect. This offer contains 5 candies.
160005038	5	12000	food_drink	55	Grants +3 Physical Attack, +60 Physical Accuracy, +10 HP regeneration, +15 MP regeneration for 1 hr. Reuse: 5 sec. Offer contains 5 Hero's Dagger items.
160005040	5	12000	food_drink	55	Grants +3 Physical Attack, +60 Physical Accuracy, +10 HP regeneration, +15 MP regeneration for 1 hr. Reuse: 5 sec. Offer contains 5 Hero's Longbow items.
160005041	5	12000	food_drink	55	Grants +3 Physical Attack, +60 Physical Accuracy, +10 HP regeneration, +15 MP regeneration for 1 hr. Reuse: 5 sec. Offer contains 5 Hero's Spear items.
160005042	5	12000	food_drink	55	Grants +3 Physical Attack, +60 Physical Accuracy, +10 HP regeneration, +15 MP regeneration for 1 hr. Reuse: 5 sec. Offer contains 5 Hero's Staff items.
160005036	5	12000	food_drink	55	Grants +3 Physical Attack, +60 Physical Accuracy, +10 HP regeneration, +15 MP regeneration for 1 hr. Reuse: 5 sec. Offer contains 5 Hero's Sword items.
160005039	5	12000	food_drink	55	Grants +15 Magic Boost, +60 Magical Accuracy, +10 HP regeneration, +15 MP regeneration for 1 hr. Reuse: 5 sec. Offer contains 5 Hero's Tome items.
160005037	5	12000	food_drink	55	Grants +15 Magic Boost, +60 Magical Accuracy, +10 HP regeneration, +15 MP regeneration for 1 hr. Reuse: 5 sec. Offer contains 5 Hero's Warhammer items.
160003514	5	12000	food_drink	20	Grants +80 maximum MP for 15 min. Reuse: 5 sec. Offer contains 5 Horto Omelette items.
160010178	5	12000	transformation_candy	40	Use Invincible Gold Inquin Form Candy to change your character's form and receive its listed effect. This offer contains 5 candies.
160010179	5	12000	transformation_candy	40	Use Invincible Gold Inquin Form Candy to change your character's form and receive its listed effect. This offer contains 5 candies.
160010182	5	12000	transformation_candy	40	Use Invincible Green Inquin Form Candy to change your character's form and receive its listed effect. This offer contains 5 candies.
160010183	5	12000	transformation_candy	40	Use Invincible Green Inquin Form Candy to change your character's form and receive its listed effect. This offer contains 5 candies.
160010176	5	12000	transformation_candy	40	Use Invincible Red Inquin Form Candy to change your character's form and receive its listed effect. This offer contains 5 candies.
160010177	5	12000	transformation_candy	40	Use Invincible Red Inquin Form Candy to change your character's form and receive its listed effect. This offer contains 5 candies.
160010184	5	12000	transformation_candy	40	Use Invincible Violet Inquin Form Candy to change your character's form and receive its listed effect. This offer contains 5 candies.
160010185	5	12000	transformation_candy	40	Use Invincible Violet Inquin Form Candy to change your character's form and receive its listed effect. This offer contains 5 candies.
160010180	5	12000	transformation_candy	40	Use Invincible Yellow Inquin Form Candy to change your character's form and receive its listed effect. This offer contains 5 candies.
160010181	5	12000	transformation_candy	40	Use Invincible Yellow Inquin Form Candy to change your character's form and receive its listed effect. This offer contains 5 candies.
160010329	5	12000	transformation_candy	40	Use Kei Form Candy to change your character's form and receive its listed effect. This offer contains 5 candies.
160010330	5	12000	transformation_candy	40	Use Kei Form Candy to change your character's form and receive its listed effect. This offer contains 5 candies.
160003505	5	12000	food_drink	10	Grants +10 Physical Accuracy for 15 min. Reuse: 5 sec. Offer contains 5 Kimita Curry items.
160010103	5	12000	transformation_candy	50	Use Kind Shugo Form Candy to change your character's form and receive its listed effect. This offer contains 5 candies.
160010104	5	12000	transformation_candy	50	Use Kind Shugo Form Candy to change your character's form and receive its listed effect. This offer contains 5 candies.
160003516	5	12000	food_drink	20	Grants +10 Evasion for 15 min. Reuse: 5 sec. Offer contains 5 Krimer Salad items.
160003014	5	12000	food_drink	20	Grants +80 maximum MP for 15 min. Reuse: 5 sec. Offer contains 5 Kukuru Omelette items.
160003558	5	12000	food_drink	20	Grants +4 Physical Attack, +20 Magic Boost for 15 min. Reuse: 5 sec. Offer contains 5 Lesser Focus Agent items.
160003552	5	12000	food_drink	20	Grants +4 HP regeneration, +6 MP regeneration for 15 min. Reuse: 5 sec. Offer contains 5 Lesser Rally Serum items.
160003543	5	12000	food_drink	40	Grants +40 Physical Accuracy for 15 min. Reuse: 5 sec. Offer contains 5 Level 40 Accuracy Increase Shop Food items.
160003539	5	12000	food_drink	40	Grants +8 Physical Attack for 15 min. Reuse: 5 sec. Offer contains 5 Level 40 Attack Power Increase Shop Food items.
160003544	5	12000	food_drink	40	Grants +20 Evasion for 15 min. Reuse: 5 sec. Offer contains 5 Level 40 Evasion Increase Shop Food items.
160003547	5	12000	food_drink	40	Grants +8 HP regeneration for 15 min. Reuse: 5 sec. Offer contains 5 Level 40 HP Regeneration Shop Food items.
160003545	5	12000	food_drink	40	Grants +20 Magical Accuracy for 15 min. Reuse: 5 sec. Offer contains 5 Level 40 Magic Accuracy Increase Shop Food items.
160003540	5	12000	food_drink	40	Grants +40 Magic Boost for 15 min. Reuse: 5 sec. Offer contains 5 Level 40 Magic Boost Increase Shop Food items.
160003541	5	12000	food_drink	40	Grants +160 maximum HP for 15 min. Reuse: 5 sec. Offer contains 5 Level 40 Maximum HP Increase Shop Food items.
160003542	5	12000	food_drink	40	Grants +160 maximum MP for 15 min. Reuse: 5 sec. Offer contains 5 Level 40 Maximum MP Increase Shop Food items.
160003548	5	12000	food_drink	40	Grants +12 MP regeneration for 15 min. Reuse: 5 sec. Offer contains 5 Level 40 MP Regeneration Shop Food items.
160003546	5	12000	food_drink	40	Grants +20 Magic Resist for 15 min. Reuse: 5 sec. Offer contains 5 Level 40 Resist Magic Increase Shop Food items.
160003006	5	12000	food_drink	10	Grants +5 Evasion for 15 min. Reuse: 5 sec. Offer contains 5 Lini Salad items.
160003010	5	12000	food_drink	10	Grants +3 MP regeneration for 15 min. Reuse: 5 sec. Offer contains 5 Lisheri Juice items.
160003561	5	12000	food_drink	50	Grants +10 Physical Attack, +50 Magic Boost for 15 min. Reuse: 5 sec. Offer contains 5 Major Focus Agent items.
160003555	5	12000	food_drink	50	Grants +10 HP regeneration, +15 MP regeneration for 15 min. Reuse: 5 sec. Offer contains 5 Major Rally Serum items.
160003005	5	12000	food_drink	10	Grants +10 Physical Accuracy for 15 min. Reuse: 5 sec. Offer contains 5 Maricca Curry items.
160005001	5	12000	food_drink	20	Grants +80 maximum HP, +80 maximum MP for 30 min. Reuse: 5 sec. Offer contains 5 Meat Dumpling items.
160003020	5	12000	food_drink	20	Grants +6 MP regeneration for 15 min. Reuse: 5 sec. Offer contains 5 Mela Juice items.
160003016	5	12000	food_drink	20	Grants +10 Evasion for 15 min. Reuse: 5 sec. Offer contains 5 Mela Salad items.
160003009	5	12000	food_drink	10	Grants +2 HP regeneration for 15 min. Reuse: 5 sec. Offer contains 5 Methu Soup items.
160003557	5	12000	food_drink	10	Grants +2 Physical Attack, +10 Magic Boost for 15 min. Reuse: 5 sec. Offer contains 5 Minor Focus Agent items.
160003551	5	12000	food_drink	10	Grants +2 HP regeneration, +3 MP regeneration for 15 min. Reuse: 5 sec. Offer contains 5 Minor Rally Serum items.
160003519	5	12000	food_drink	20	Grants +4 HP regeneration for 15 min. Reuse: 5 sec. Offer contains 5 Mosbear Soup items.
160003510	5	12000	food_drink	10	Grants +3 MP regeneration for 15 min. Reuse: 5 sec. Offer contains 5 Neira Juice items.
160010307	5	12000	transformation_candy	40	Use Nimble Ailu Form Candy to change your character's form and receive its listed effect. This offer contains 5 candies.
160010308	5	12000	transformation_candy	40	Use Nimble Ailu Form Candy to change your character's form and receive its listed effect. This offer contains 5 candies.
160010319	5	12000	transformation_candy	40	Use Nimble Iron Cobalt Form Candy to change your character's form and receive its listed effect. This offer contains 5 candies.
160010320	5	12000	transformation_candy	40	Use Nimble Iron Cobalt Form Candy to change your character's form and receive its listed effect. This offer contains 5 candies.
160010313	5	12000	transformation_candy	40	Use Nimble Tayga Form Candy to change your character's form and receive its listed effect. This offer contains 5 candies.
160010314	5	12000	transformation_candy	40	Use Nimble Tayga Form Candy to change your character's form and receive its listed effect. This offer contains 5 candies.
160010051	5	12000	transformation_candy	40	Use Pirate Form Candy a to change your character's form and receive its listed effect. This offer contains 5 candies.
160010052	5	12000	transformation_candy	40	Use Pirate Form Candy a to change your character's form and receive its listed effect. This offer contains 5 candies.
160010053	5	12000	transformation_candy	40	Use Pirate Form Candy b to change your character's form and receive its listed effect. This offer contains 5 candies.
160010054	5	12000	transformation_candy	40	Use Pirate Form Candy b to change your character's form and receive its listed effect. This offer contains 5 candies.
160010055	5	12000	transformation_candy	40	Use Pirate Form Candy c to change your character's form and receive its listed effect. This offer contains 5 candies.
160010056	5	12000	transformation_candy	40	Use Pirate Form Candy c to change your character's form and receive its listed effect. This offer contains 5 candies.
160010057	5	12000	transformation_candy	40	Use Pirate Form Candy d to change your character's form and receive its listed effect. This offer contains 5 candies.
160010058	5	12000	transformation_candy	40	Use Pirate Form Candy d to change your character's form and receive its listed effect. This offer contains 5 candies.
160010059	5	12000	transformation_candy	40	Use Pirate Form Candy e to change your character's form and receive its listed effect. This offer contains 5 candies.
160010060	5	12000	transformation_candy	40	Use Pirate Form Candy e to change your character's form and receive its listed effect. This offer contains 5 candies.
160010041	5	12000	transformation_candy	40	Use Polar Bear Form Candy a to change your character's form and receive its listed effect. This offer contains 5 candies.
160010042	5	12000	transformation_candy	40	Use Polar Bear Form Candy a to change your character's form and receive its listed effect. This offer contains 5 candies.
160010043	5	12000	transformation_candy	40	Use Polar Bear Form Candy b to change your character's form and receive its listed effect. This offer contains 5 candies.
160010044	5	12000	transformation_candy	40	Use Polar Bear Form Candy b to change your character's form and receive its listed effect. This offer contains 5 candies.
160010045	5	12000	transformation_candy	40	Use Polar Bear Form Candy c to change your character's form and receive its listed effect. This offer contains 5 candies.
160010046	5	12000	transformation_candy	40	Use Polar Bear Form Candy c to change your character's form and receive its listed effect. This offer contains 5 candies.
160010047	5	12000	transformation_candy	40	Use Polar Bear Form Candy d to change your character's form and receive its listed effect. This offer contains 5 candies.
160010048	5	12000	transformation_candy	40	Use Polar Bear Form Candy d to change your character's form and receive its listed effect. This offer contains 5 candies.
160010049	5	12000	transformation_candy	40	Use Polar Bear Form Candy e to change your character's form and receive its listed effect. This offer contains 5 candies.
160010050	5	12000	transformation_candy	40	Use Polar Bear Form Candy e to change your character's form and receive its listed effect. This offer contains 5 candies.
160003019	5	12000	food_drink	20	Grants +4 HP regeneration for 15 min. Reuse: 5 sec. Offer contains 5 Potcrab Soup items.
160003506	5	12000	food_drink	10	Grants +5 Evasion for 15 min. Reuse: 5 sec. Offer contains 5 Puchida Salad items.
160005002	5	12000	food_drink	20	Grants +4 Physical Attack, +20 Magic Boost for 30 min. Reuse: 5 sec. Offer contains 5 Qooqoo Bulgogi items.
160003553	5	12000	food_drink	30	Grants +6 HP regeneration, +9 MP regeneration for 15 min. Reuse: 5 sec. Offer contains 5 Rally Serum items.
160003520	5	12000	food_drink	20	Grants +6 MP regeneration for 15 min. Reuse: 5 sec. Offer contains 5 Raydam Juice items.
160010279	5	12000	transformation_candy	40	Use Red Inquin Form Candy to change your character's form and receive its listed effect. This offer contains 5 candies.
160010280	5	12000	transformation_candy	40	Use Red Inquin Form Candy to change your character's form and receive its listed effect. This offer contains 5 candies.
160003515	5	12000	food_drink	20	Grants +20 Physical Accuracy for 15 min. Reuse: 5 sec. Offer contains 5 Ringa Curry items.
160003521	5	12000	food_drink	20	Grants +6 Physical Attack for 15 min. Reuse: 5 sec. Offer contains 5 Roast Beriti Tog items.
160003501	5	12000	food_drink	10	Grants +2 Physical Attack for 15 min. Reuse: 5 sec. Offer contains 5 Roast Brax items.
160003001	5	12000	food_drink	10	Grants +2 Physical Attack for 15 min. Reuse: 5 sec. Offer contains 5 Roast Porgus items.
160003511	5	12000	food_drink	20	Grants +4 Physical Attack for 15 min. Reuse: 5 sec. Offer contains 5 Roast Slink items.
160003011	5	12000	food_drink	20	Grants +4 Physical Attack for 15 min. Reuse: 5 sec. Offer contains 5 Roast Starcrab items.
160003015	5	12000	food_drink	20	Grants +20 Physical Accuracy for 15 min. Reuse: 5 sec. Offer contains 5 Rubus Curry items.
160003522	5	12000	food_drink	20	Grants +30 Magic Boost for 15 min. Reuse: 5 sec. Offer contains 5 Savory Beriti Fungen items.
160003002	5	12000	food_drink	10	Grants +10 Magic Boost for 15 min. Reuse: 5 sec. Offer contains 5 Savory Junia items.
160003012	5	12000	food_drink	20	Grants +20 Magic Boost for 15 min. Reuse: 5 sec. Offer contains 5 Savory Mela items.
160003502	5	12000	food_drink	10	Grants +10 Magic Boost for 15 min. Reuse: 5 sec. Offer contains 5 Savory Micory items.
160003512	5	12000	food_drink	20	Grants +20 Magic Boost for 15 min. Reuse: 5 sec. Offer contains 5 Savory Tikel items.
160003534	5	12000	food_drink	50	Grants +50 Magic Boost for 15 min. Also applies Befuddled, lowering Magical Accuracy with a chance of reduced MP regeneration. Reuse: 5 sec. Offer contains 5 Shulack Double Chili items.
160003535	5	12000	food_drink	50	Grants +200 maximum HP for 15 min. Also applies Full Stomach, lowering Evasion with a chance of reduced MP regeneration. Reuse: 5 sec. Offer contains 5 Shulack Super Duper Dumpling items.
160003533	5	12000	food_drink	50	Grants +10 Physical Attack for 15 min. Also applies Stomachache, lowering Physical Accuracy with a chance of reduced MP regeneration. Reuse: 5 sec. Offer contains 5 Shulack Whole Tub Honey Pudding items.
160010125	5	12000	transformation_candy	40	Use Solorius Inquin Form Candy to change your character's form and receive its listed effect. This offer contains 5 candies.
160010126	5	12000	transformation_candy	40	Use Solorius Inquin Form Candy to change your character's form and receive its listed effect. This offer contains 5 candies.
160010123	5	12000	transformation_candy	40	Use Solorius Polar Bear Form Candy to change your character's form and receive its listed effect. This offer contains 5 candies.
160010124	5	12000	transformation_candy	40	Use Solorius Polar Bear Form Candy to change your character's form and receive its listed effect. This offer contains 5 candies.
160010127	5	12000	transformation_candy	40	Use Solorius Tiger Form Candy to change your character's form and receive its listed effect. This offer contains 5 candies.
160010128	5	12000	transformation_candy	40	Use Solorius Tiger Form Candy to change your character's form and receive its listed effect. This offer contains 5 candies.
160003528	5	12000	food_drink	20	Grants +15 Magic Resist for 15 min. Reuse: 5 sec. Offer contains 5 Spicy Beriti Porgus items.
160003508	5	12000	food_drink	10	Grants +5 Magic Resist for 15 min. Reuse: 5 sec. Offer contains 5 Spicy Brax items.
160003018	5	12000	food_drink	20	Grants +10 Magic Resist for 15 min. Reuse: 5 sec. Offer contains 5 Spicy Potcrab items.
160003008	5	12000	food_drink	10	Grants +5 Magic Resist for 15 min. Reuse: 5 sec. Offer contains 5 Spicy Slink items.
160003518	5	12000	food_drink	20	Grants +10 Magic Resist for 15 min. Reuse: 5 sec. Offer contains 5 Spicy Tog items.
160010273	5	12000	transformation_candy	40	Use Stalwart Dandi Form Candy to change your character's form and receive its listed effect. This offer contains 5 candies.
160010275	5	12000	transformation_candy	40	Use Stalwart Dandi Form Candy to change your character's form and receive its listed effect. This offer contains 5 candies.
160003532	5	12000	transformation_candy	40	Transforms your character for 10 min. Skills and flight are unavailable in this form. Reuse: 5 sec. Offer contains 5 Steel Rake Scout Form Candy items.
160003531	5	12000	transformation_candy	40	Transforms your character for 10 min. Skills and flight are unavailable in this form. Reuse: 5 sec. Offer contains 5 Steel Rake Swabbie Form Candy items.
160010188	5	12000	transformation_candy	40	Use Strongest Gold Inquin Form Candy to change your character's form and receive its listed effect. This offer contains 5 candies.
160010189	5	12000	transformation_candy	40	Use Strongest Gold Inquin Form Candy to change your character's form and receive its listed effect. This offer contains 5 candies.
160010192	5	12000	transformation_candy	40	Use Strongest Green Inquin Form Candy to change your character's form and receive its listed effect. This offer contains 5 candies.
160010193	5	12000	transformation_candy	40	Use Strongest Green Inquin Form Candy to change your character's form and receive its listed effect. This offer contains 5 candies.
160010186	5	12000	transformation_candy	40	Use Strongest Red Inquin Form Candy to change your character's form and receive its listed effect. This offer contains 5 candies.
160010187	5	12000	transformation_candy	40	Use Strongest Red Inquin Form Candy to change your character's form and receive its listed effect. This offer contains 5 candies.
160010194	5	12000	transformation_candy	40	Use Strongest Violet Inquin Form Candy to change your character's form and receive its listed effect. This offer contains 5 candies.
160010195	5	12000	transformation_candy	40	Use Strongest Violet Inquin Form Candy to change your character's form and receive its listed effect. This offer contains 5 candies.
160010190	5	12000	transformation_candy	40	Use Strongest Yellow Inquin Form Candy to change your character's form and receive its listed effect. This offer contains 5 candies.
160010191	5	12000	transformation_candy	40	Use Strongest Yellow Inquin Form Candy to change your character's form and receive its listed effect. This offer contains 5 candies.
160010089	5	12000	transformation_candy	40	Use Summer-Loving Inquin Form Candy to change your character's form and receive its listed effect. This offer contains 5 candies.
160010090	5	12000	transformation_candy	40	Use Summer-Loving Inquin Form Candy to change your character's form and receive its listed effect. This offer contains 5 candies.
160010174	5	12000	transformation_candy	50	Use Sweet Tiger Form Candy to change your character's form and receive its listed effect. This offer contains 5 candies.
160010175	5	12000	transformation_candy	50	Use Sweet Tiger Form Candy to change your character's form and receive its listed effect. This offer contains 5 candies.
160010277	5	12000	transformation_candy	40	Use Swift Dandi Form Candy to change your character's form and receive its listed effect. This offer contains 5 candies.
160010278	5	12000	transformation_candy	40	Use Swift Dandi Form Candy to change your character's form and receive its listed effect. This offer contains 5 candies.
160010061	5	12000	transformation_candy	40	Use Tiger Form Candy A to change your character's form and receive its listed effect. This offer contains 5 candies.
160010062	5	12000	transformation_candy	40	Use Tiger Form Candy A to change your character's form and receive its listed effect. This offer contains 5 candies.
160010063	5	12000	transformation_candy	40	Use Tiger Form Candy B to change your character's form and receive its listed effect. This offer contains 5 candies.
160010064	5	12000	transformation_candy	40	Use Tiger Form Candy B to change your character's form and receive its listed effect. This offer contains 5 candies.
160010065	5	12000	transformation_candy	40	Use Tiger Form Candy C to change your character's form and receive its listed effect. This offer contains 5 candies.
160010066	5	12000	transformation_candy	40	Use Tiger Form Candy C to change your character's form and receive its listed effect. This offer contains 5 candies.
160010067	5	12000	transformation_candy	40	Use Tiger Form Candy D to change your character's form and receive its listed effect. This offer contains 5 candies.
160010068	5	12000	transformation_candy	40	Use Tiger Form Candy D to change your character's form and receive its listed effect. This offer contains 5 candies.
160010069	5	12000	transformation_candy	40	Use Tiger Form Candy E to change your character's form and receive its listed effect. This offer contains 5 candies.
160010070	5	12000	transformation_candy	40	Use Tiger Form Candy E to change your character's form and receive its listed effect. This offer contains 5 candies.
160003504	5	12000	food_drink	10	Grants +40 maximum MP for 15 min. Reuse: 5 sec. Offer contains 5 Umeru Omelette items.
160010287	5	12000	transformation_candy	40	Use Violet Inquin Form Candy to change your character's form and receive its listed effect. This offer contains 5 candies.
160010288	5	12000	transformation_candy	40	Use Violet Inquin Form Candy to change your character's form and receive its listed effect. This offer contains 5 candies.
160010305	5	12000	transformation_candy	40	Use Wise Ailu Form Candy to change your character's form and receive its listed effect. This offer contains 5 candies.
160010306	5	12000	transformation_candy	40	Use Wise Ailu Form Candy to change your character's form and receive its listed effect. This offer contains 5 candies.
160010317	5	12000	transformation_candy	40	Use Wise Iron Cobalt Form Candy to change your character's form and receive its listed effect. This offer contains 5 candies.
160010318	5	12000	transformation_candy	40	Use Wise Iron Cobalt Form Candy to change your character's form and receive its listed effect. This offer contains 5 candies.
160010311	5	12000	transformation_candy	40	Use Wise Tayga Form Candy to change your character's form and receive its listed effect. This offer contains 5 candies.
160010312	5	12000	transformation_candy	40	Use Wise Tayga Form Candy to change your character's form and receive its listed effect. This offer contains 5 candies.
160010205	5	12000	transformation_candy	40	Use Wise Wyvern Form Candy to change your character's form and receive its listed effect. This offer contains 5 candies.
160010207	5	12000	transformation_candy	40	Use Wise Wyvern Form Candy to change your character's form and receive its listed effect. This offer contains 5 candies.
160010323	5	12000	transformation_candy	40	Use Wunderkind Iron Cobalt Form Candy to change your character's form and receive its listed effect. This offer contains 5 candies.
160010324	5	12000	transformation_candy	40	Use Wunderkind Iron Cobalt Form Candy to change your character's form and receive its listed effect. This offer contains 5 candies.
160010283	5	12000	transformation_candy	40	Use Yellow Inquin Form Candy to change your character's form and receive its listed effect. This offer contains 5 candies.
160010284	5	12000	transformation_candy	40	Use Yellow Inquin Form Candy to change your character's form and receive its listed effect. This offer contains 5 candies.
110900338	1	2000000	fashion_outfits	1	Use Seraphim GM Costume to remodel compatible armor and carry its appearance into battle. One item is delivered by Black Cloud mail.
110900339	1	2000000	fashion_outfits	1	Use Shedim GM Costume to remodel compatible armor and carry its appearance into battle. One item is delivered by Black Cloud mail.
101300992	1	2000000	weapon_melee	1	Use Shedim GM Weapon to remodel compatible polearm and carry its appearance into battle. One item is delivered by Black Cloud mail.
169800157	1	200000	fashion_hair	1	A hairstyle ticket for [Hair Change Ticket] 'Nobody' Flip. Check its faction and gender requirements before buying.
169800458	1	200000	fashion_hair	1	A hairstyle ticket for [Hair Change Ticket] 'Nobody' Flip. Check its faction and gender requirements before buying.
169800154	1	200000	fashion_hair	1	A hairstyle ticket for [Hair Change Ticket] 'Tell Me' Ponytail. Check its faction and gender requirements before buying.
169800455	1	200000	fashion_hair	1	A hairstyle ticket for [Hair Change Ticket] 'Tell Me' Ponytail. Check its faction and gender requirements before buying.
169800046	1	200000	fashion_hair	1	A hairstyle ticket for [Hair Change Ticket] Jinyeong Afro. Check its faction and gender requirements before buying.
169800347	1	200000	fashion_hair	1	A hairstyle ticket for [Hair Change Ticket] Jinyeong Afro. Check its faction and gender requirements before buying.
169800156	1	200000	fashion_hair	1	A hairstyle ticket for [Hair Change Ticket] Lim Bun. Check its faction and gender requirements before buying.
169800457	1	200000	fashion_hair	1	A hairstyle ticket for [Hair Change Ticket] Lim Bun. Check its faction and gender requirements before buying.
169800052	1	200000	fashion_hair	1	A hairstyle ticket for [Hair Change Ticket] Mohawk Style. Check its faction and gender requirements before buying.
169800353	1	200000	fashion_hair	1	A hairstyle ticket for [Hair Change Ticket] Mohawk Style. Check its faction and gender requirements before buying.
169800152	1	200000	fashion_hair	1	A hairstyle ticket for [Hair Change Ticket] Sohee Pigtails. Check its faction and gender requirements before buying.
169800453	1	200000	fashion_hair	1	A hairstyle ticket for [Hair Change Ticket] Sohee Pigtails. Check its faction and gender requirements before buying.
169800151	1	200000	fashion_hair	1	A hairstyle ticket for [Hair Change Ticket] Sunye Tresses. Check its faction and gender requirements before buying.
169800452	1	200000	fashion_hair	1	A hairstyle ticket for [Hair Change Ticket] Sunye Tresses. Check its faction and gender requirements before buying.
169800470	1	200000	fashion_hair	1	A hairstyle ticket for [Hair Change Ticket] Trendy Bun Style. Check its faction and gender requirements before buying.
169800471	1	200000	fashion_hair	1	A hairstyle ticket for [Hair Change Ticket] Vivacious Bob Style. Check its faction and gender requirements before buying.
169800155	1	200000	fashion_hair	1	A hairstyle ticket for [Hair Change Ticket] Yeeun Ponytail. Check its faction and gender requirements before buying.
169800456	1	200000	fashion_hair	1	A hairstyle ticket for [Hair Change Ticket] Yeeun Ponytail. Check its faction and gender requirements before buying.
169800153	1	200000	fashion_hair	1	A hairstyle ticket for [Hair Change Ticket] Yoobin Tresses. Check its faction and gender requirements before buying.
169800454	1	200000	fashion_hair	1	A hairstyle ticket for [Hair Change Ticket] Yoobin Tresses. Check its faction and gender requirements before buying.
125045537	1	90000	fashion_headwear	1	Use Antique Headpiece to remodel compatible headgear and carry its appearance into battle. One item is delivered by Black Cloud mail.
125045242	1	90000	fashion_headwear	1	Use Aquablue Sunhat to remodel compatible headgear and carry its appearance into battle. One item is delivered by Black Cloud mail.
125040080	1	90000	fashion_headwear	1	Use Beach Hat to remodel compatible headgear and carry its appearance into battle. One item is delivered by Black Cloud mail.
125040002	1	90000	fashion_headwear	1	Bear Ear Headband is a headpiece for your character's look. Check the item details for its equipment requirements.
125040172	1	90000	fashion_headwear	1	Use Beatific Hairpin to remodel compatible headgear and carry its appearance into battle. One item is delivered by Black Cloud mail.
125045446	1	90000	fashion_headwear	1	Use Bolero Accessory to remodel compatible headgear and carry its appearance into battle. One item is delivered by Black Cloud mail.
125045445	1	90000	fashion_headwear	1	Use Bolero Topper to remodel compatible headgear and carry its appearance into battle. One item is delivered by Black Cloud mail.
125040108	1	90000	fashion_headwear	1	Use Breathe Cap to remodel compatible headgear and carry its appearance into battle. One item is delivered by Black Cloud mail.
125040247	1	90000	fashion_headwear	1	Use Brommel Hat to remodel compatible headgear and carry its appearance into battle. One item is delivered by Black Cloud mail.
125003946	1	90000	fashion_headwear	1	Use Casually Alluring Hairpin to remodel compatible headgear and carry its appearance into battle. One item is delivered by Black Cloud mail.
125003949	1	90000	fashion_headwear	1	Use Charming Kitter Mask to remodel compatible headgear and carry its appearance into battle. One item is delivered by Black Cloud mail.
125003945	1	90000	fashion_headwear	1	Use Chic Wedding Veil to remodel compatible headgear and carry its appearance into battle. One item is delivered by Black Cloud mail.
125045448	1	90000	fashion_headwear	1	Use Contemporary Headpiece to remodel compatible headgear and carry its appearance into battle. One item is delivered by Black Cloud mail.
125003948	1	90000	fashion_headwear	1	Use Cute Kitter Headgear to remodel compatible headgear and carry its appearance into battle. One item is delivered by Black Cloud mail.
125045519	1	90000	fashion_headwear	1	Use Cute Korean Costume Hat to remodel compatible headgear and carry its appearance into battle. One item is delivered by Black Cloud mail.
125040078	1	90000	fashion_headwear	1	Use Cute Swim Hat to remodel compatible headgear and carry its appearance into battle. One item is delivered by Black Cloud mail.
125004118	1	90000	fashion_headwear	1	Use Daeva's Alluring Headpiece to remodel compatible headgear and carry its appearance into battle. One item is delivered by Black Cloud mail.
125040084	1	90000	fashion_headwear	1	Use Decorated Headwrap to remodel compatible headgear and carry its appearance into battle. One item is delivered by Black Cloud mail.
125040038	1	90000	fashion_headwear	1	Use Devil Horns to remodel compatible headgear and carry its appearance into battle. One item is delivered by Black Cloud mail.
125045518	1	90000	fashion_headwear	1	Use Dignified Korean Costume Hat to remodel compatible headgear and carry its appearance into battle. One item is delivered by Black Cloud mail.
125040186	1	90000	fashion_headwear	1	Use Diving Helmet/Sexy Headband to remodel compatible headgear and carry its appearance into battle. One item is delivered by Black Cloud mail.
125040079	1	90000	fashion_headwear	1	Use Diving Helmet/Summer Headwrap to remodel compatible headgear and carry its appearance into battle. One item is delivered by Black Cloud mail.
125040107	1	90000	fashion_headwear	1	Use Edge Fedora to remodel compatible headgear and carry its appearance into battle. One item is delivered by Black Cloud mail.
125040252	1	90000	fashion_headwear	1	Use Egg Hairpin to remodel compatible headgear and carry its appearance into battle. One item is delivered by Black Cloud mail.
125040116	1	90000	fashion_headwear	1	Use Ember Spirit Hat to remodel compatible headgear and carry its appearance into battle. One item is delivered by Black Cloud mail.
125045244	1	90000	fashion_headwear	1	Use Evening Headpiece to remodel compatible headgear and carry its appearance into battle. One item is delivered by Black Cloud mail.
125040113	1	90000	fashion_headwear	1	Use Festival Hat to remodel compatible headgear and carry its appearance into battle. One item is delivered by Black Cloud mail.
125040037	1	90000	fashion_headwear	1	Use Firehead to remodel compatible headgear and carry its appearance into battle. One item is delivered by Black Cloud mail.
125045437	1	90000	fashion_headwear	1	Use Flamekissed Boarding Hat to remodel compatible headgear and carry its appearance into battle. One item is delivered by Black Cloud mail.
125045567	1	90000	fashion_headwear	1	Use Fresh Glasses to remodel compatible headgear and carry its appearance into battle. One item is delivered by Black Cloud mail.
125040077	1	90000	fashion_headwear	1	Use Goggles to remodel compatible headgear and carry its appearance into battle. One item is delivered by Black Cloud mail.
125040081	1	90000	fashion_headwear	1	Use Golden Glory Hat to remodel compatible headgear and carry its appearance into battle. One item is delivered by Black Cloud mail.
125040013	1	90000	fashion_headwear	1	Grape Hat is a headpiece for your character's look. Check the item details for its equipment requirements.
125040082	1	90000	fashion_headwear	1	Use Hair Ribbon to remodel compatible headgear and carry its appearance into battle. One item is delivered by Black Cloud mail.
125040004	1	90000	fashion_headwear	1	Heart Balloon Headband is a headpiece for your character's look. Check the item details for its equipment requirements.
125045241	1	90000	fashion_headwear	1	Use Hot Shades to remodel compatible headgear and carry its appearance into battle. One item is delivered by Black Cloud mail.
125040110	1	90000	fashion_headwear	1	Use Jack-o-lantern Hat to remodel compatible headgear and carry its appearance into battle. One item is delivered by Black Cloud mail.
125040111	1	90000	fashion_headwear	1	Use Jack-o-Sorcerer Hat to remodel compatible headgear and carry its appearance into battle. One item is delivered by Black Cloud mail.
125040007	1	90000	fashion_headwear	1	Kerub Horn Hat is a headpiece for your character's look. Check the item details for its equipment requirements.
125040008	1	90000	fashion_headwear	1	Kerubian Horn Hat is a headpiece for your character's look. Check the item details for its equipment requirements.
125040119	1	90000	fashion_headwear	1	Use Kerubiel Hat to remodel compatible headgear and carry its appearance into battle. One item is delivered by Black Cloud mail.
125040009	1	90000	fashion_headwear	1	Kerubiel Horn Hat is a headpiece for your character's look. Check the item details for its equipment requirements.
125040249	1	90000	fashion_headwear	1	Use Kiwi Hairpin to remodel compatible headgear and carry its appearance into battle. One item is delivered by Black Cloud mail.
125040250	1	90000	fashion_headwear	1	Use Lemon Hairpin to remodel compatible headgear and carry its appearance into battle. One item is delivered by Black Cloud mail.
125045521	1	90000	fashion_headwear	1	Use Luxury Outfit Feather Hat to remodel compatible headgear and carry its appearance into battle. One item is delivered by Black Cloud mail.
125045542	1	90000	fashion_headwear	1	Use Luxury Outfit Feather Hat Special to remodel compatible headgear and carry its appearance into battle. One item is delivered by Black Cloud mail.
125004095	1	90000	fashion_headwear	65	Use Malefic Bandana to remodel compatible headgear and carry its appearance into battle. One item is delivered by Black Cloud mail.
125004096	1	90000	fashion_headwear	65	Use Malefic Chain Helm to remodel compatible headgear and carry its appearance into battle. One item is delivered by Black Cloud mail.
125004094	1	90000	fashion_headwear	65	Use Malefic Hat to remodel compatible headgear and carry its appearance into battle. One item is delivered by Black Cloud mail.
125004097	1	90000	fashion_headwear	65	Use Malefic Helm to remodel compatible headgear and carry its appearance into battle. One item is delivered by Black Cloud mail.
125040182	1	90000	fashion_headwear	1	Use Marine Hat to remodel compatible headgear and carry its appearance into battle. One item is delivered by Black Cloud mail.
125003947	1	90000	fashion_headwear	1	Use Masquerade Tiara to remodel compatible headgear and carry its appearance into battle. One item is delivered by Black Cloud mail.
125040246	1	90000	fashion_headwear	1	Use Merone Hat to remodel compatible headgear and carry its appearance into battle. One item is delivered by Black Cloud mail.
125045520	1	90000	fashion_headwear	1	Use Modern Edge Look Hat to remodel compatible headgear and carry its appearance into battle. One item is delivered by Black Cloud mail.
125045541	1	90000	fashion_headwear	1	Use Modern Look Head Special to remodel compatible headgear and carry its appearance into battle. One item is delivered by Black Cloud mail.
125045539	1	90000	fashion_headwear	1	Use Moon Rabbit's Picnic - Hat to remodel compatible headgear and carry its appearance into battle. One item is delivered by Black Cloud mail.
125040120	1	90000	fashion_headwear	1	Use Moonflower Hat to remodel compatible headgear and carry its appearance into battle. One item is delivered by Black Cloud mail.
125040181	1	90000	fashion_headwear	1	Use Picnic Hat to remodel compatible headgear and carry its appearance into battle. One item is delivered by Black Cloud mail.
125045516	1	90000	fashion_headwear	1	Use Police Hat to remodel compatible headgear and carry its appearance into battle. One item is delivered by Black Cloud mail.
125040021	1	90000	fashion_headwear	1	Porgus Hood is a headpiece for your character's look. Check the item details for its equipment requirements.
125040001	1	90000	fashion_headwear	1	Pumpkin Hat is a headpiece for your character's look. Check the item details for its equipment requirements.
125040003	1	90000	fashion_headwear	1	Rabbit Ear Headband is a headpiece for your character's look. Check the item details for its equipment requirements.
125045217	1	90000	fashion_headwear	1	Use Rectangular Sushi Hair to remodel compatible headgear and carry its appearance into battle. One item is delivered by Black Cloud mail.
125040022	1	90000	fashion_headwear	1	Ribbit Hat is a headpiece for your character's look. Check the item details for its equipment requirements.
125040065	1	90000	fashion_headwear	1	Use Roast Chestnut Seller's Hat to remodel compatible headgear and carry its appearance into battle. One item is delivered by Black Cloud mail.
125040248	1	90000	fashion_headwear	1	Use Rubashi Hat to remodel compatible headgear and carry its appearance into battle. One item is delivered by Black Cloud mail.
125040245	1	90000	fashion_headwear	1	Use Rubus Hat to remodel compatible headgear and carry its appearance into battle. One item is delivered by Black Cloud mail.
125045243	1	90000	fashion_headwear	1	Use Sexy Hat to remodel compatible headgear and carry its appearance into battle. One item is delivered by Black Cloud mail.
125040127	1	90000	fashion_headwear	1	Use Siel's Solorius Beanie to remodel compatible headgear and carry its appearance into battle. One item is delivered by Black Cloud mail.
125040125	1	90000	fashion_headwear	1	Use Siel's Solorius Beret to remodel compatible headgear and carry its appearance into battle. One item is delivered by Black Cloud mail.
125040126	1	90000	fashion_headwear	1	Use Siel's Solorius Headgear to remodel compatible headgear and carry its appearance into battle. One item is delivered by Black Cloud mail.
125045517	1	90000	fashion_headwear	1	Use Simple Country Hat to remodel compatible headgear and carry its appearance into battle. One item is delivered by Black Cloud mail.
125045538	1	90000	fashion_headwear	1	Use Singer's Comfort - Hairpin to remodel compatible headgear and carry its appearance into battle. One item is delivered by Black Cloud mail.
125045436	1	90000	fashion_headwear	1	Use Snowkissed Boarding Hat to remodel compatible headgear and carry its appearance into battle. One item is delivered by Black Cloud mail.
125040028	1	90000	fashion_headwear	1	Use Solorius Beret to remodel compatible headgear and carry its appearance into battle. One item is delivered by Black Cloud mail.
125040112	1	90000	fashion_headwear	1	Use Sorcerer's Hat to remodel compatible headgear and carry its appearance into battle. One item is delivered by Black Cloud mail.
125040180	1	90000	fashion_headwear	1	Use Sports Cap to remodel compatible headgear and carry its appearance into battle. One item is delivered by Black Cloud mail.
125040010	1	90000	fashion_headwear	1	Sprigg Ear Hat is a headpiece for your character's look. Check the item details for its equipment requirements.
125040067	1	90000	fashion_headwear	1	Use Sprigg's Ear Hat to remodel compatible headgear and carry its appearance into battle. One item is delivered by Black Cloud mail.
125040011	1	90000	fashion_headwear	1	Spriggan Ear Hat is a headpiece for your character's look. Check the item details for its equipment requirements.
125040012	1	90000	fashion_headwear	1	Spriggle Ear Hat is a headpiece for your character's look. Check the item details for its equipment requirements.
125040115	1	90000	fashion_headwear	1	Use Springwater Spirit Hat to remodel compatible headgear and carry its appearance into battle. One item is delivered by Black Cloud mail.
125045218	1	90000	fashion_headwear	1	Use Star Sushi Hair to remodel compatible headgear and carry its appearance into battle. One item is delivered by Black Cloud mail.
125045540	1	90000	fashion_headwear	1	Use Steampunk Hat to remodel compatible headgear and carry its appearance into battle. One item is delivered by Black Cloud mail.
125045545	1	90000	fashion_headwear	1	Use Steampunk Hat Special to remodel compatible headgear and carry its appearance into battle. One item is delivered by Black Cloud mail.
125040076	1	90000	fashion_headwear	1	Use Summer Sunglasses to remodel compatible headgear and carry its appearance into battle. One item is delivered by Black Cloud mail.
125040005	1	90000	fashion_headwear	1	Sunflower Headband is a headpiece for your character's look. Check the item details for its equipment requirements.
125045216	1	90000	fashion_headwear	1	Use Triangular Sushi Hair to remodel compatible headgear and carry its appearance into battle. One item is delivered by Black Cloud mail.
125040006	1	90000	fashion_headwear	1	Tulip Headband is a headpiece for your character's look. Check the item details for its equipment requirements.
125040251	1	90000	fashion_headwear	1	Use Vinna Hairpin to remodel compatible headgear and carry its appearance into battle. One item is delivered by Black Cloud mail.
125040117	1	90000	fashion_headwear	1	Use Wind Spirit Hat to remodel compatible headgear and carry its appearance into battle. One item is delivered by Black Cloud mail.
125040114	1	90000	fashion_headwear	1	Use Winged Circlet to remodel compatible headgear and carry its appearance into battle. One item is delivered by Black Cloud mail.
190100010	1	750000	mounts	1	Register Blue Surfrider as a rideable mount for travel. Use the delivered mount item from your inventory.
190100000	1	750000	mounts	1	Register Cirruspeed as a rideable mount for travel. Use the delivered mount item from your inventory.
190100090	1	750000	mounts	1	Register Crimsonimbus as a rideable mount for travel. Use the delivered mount item from your inventory.
190100155	1	750000	mounts	1	Register Fast Flight Bykion as a rideable mount for travel. Use the delivered mount item from your inventory.
190100049	1	750000	mounts	1	Register Flying Crestlich as a rideable mount for travel. Use the delivered mount item from your inventory.
190100051	1	750000	mounts	1	Register Flying Pagati as a rideable mount for travel. Use the delivered mount item from your inventory.
190100078	1	750000	mounts	1	Register Goldenimbus as a rideable mount for travel. Use the delivered mount item from your inventory.
190100167	1	750000	mounts	1	Register Gusting Nimbus as a rideable mount for travel. Use the delivered mount item from your inventory.
190100048	1	750000	mounts	1	Register Honorable Legion's War Steed as a rideable mount for travel. Use the delivered mount item from your inventory.
190100046	1	750000	mounts	1	Register Hurricane Cirruspeed as a rideable mount for travel. Use the delivered mount item from your inventory.
190100042	1	750000	mounts	1	Register Legion Pagati as a rideable mount for travel. Use the delivered mount item from your inventory.
190100163	1	750000	mounts	1	Register Magnificent Clucklich as a rideable mount for travel. Use the delivered mount item from your inventory.
190100032	1	750000	mounts	1	Register Pagati Ironhide as a rideable mount for travel. Use the delivered mount item from your inventory.
190100003	1	750000	mounts	1	Register Pagati Loper as a rideable mount for travel. Use the delivered mount item from your inventory.
190100004	1	750000	mounts	1	Register Pagati Veyron as a rideable mount for travel. Use the delivered mount item from your inventory.
190100115	1	750000	mounts	1	Register Palomeno Heorn as a rideable mount for travel. Use the delivered mount item from your inventory.
190100154	1	750000	mounts	1	Register Quick Crestlich as a rideable mount for travel. Use the delivered mount item from your inventory.
190100156	1	750000	mounts	1	Register Quick Frillneck as a rideable mount for travel. Use the delivered mount item from your inventory.
190100006	1	750000	mounts	1	Register Redhot Fourgill as a rideable mount for travel. Use the delivered mount item from your inventory.
190100072	1	750000	mounts	1	Register Rosenimbus as a rideable mount for travel. Use the delivered mount item from your inventory.
190100109	1	750000	mounts	1	Register Ruddytail Heorn as a rideable mount for travel. Use the delivered mount item from your inventory.
190100037	1	750000	mounts	1	Register Sandburst Surfrider as a rideable mount for travel. Use the delivered mount item from your inventory.
190100143	1	750000	mounts	1	Register Seakissed Aetherboard as a rideable mount for travel. Use the delivered mount item from your inventory.
190100008	1	750000	mounts	1	Register Sharptooth Airspike as a rideable mount for travel. Use the delivered mount item from your inventory.
190100023	1	750000	mounts	1	Register Sharptooth Barbtail as a rideable mount for travel. Use the delivered mount item from your inventory.
190100009	1	750000	mounts	1	Register Sharptooth Bloodletter as a rideable mount for travel. Use the delivered mount item from your inventory.
190100134	1	750000	mounts	1	Register Sharptooth Lightspeed as a rideable mount for travel. Use the delivered mount item from your inventory.
190100053	1	750000	mounts	1	Register Sharptooth Mauler as a rideable mount for travel. Use the delivered mount item from your inventory.
190100052	1	750000	mounts	1	Register Sharptooth Ripper as a rideable mount for travel. Use the delivered mount item from your inventory.
190100121	1	750000	mounts	1	Register Sharptooth Steamrunner as a rideable mount for travel. Use the delivered mount item from your inventory.
190100065	1	750000	mounts	1	Register Sharptooth Voidtracer as a rideable mount for travel. Use the delivered mount item from your inventory.
190100150	1	750000	mounts	1	Register Shugo Gyrocopter as a rideable mount for travel. Use the delivered mount item from your inventory.
190100139	1	750000	mounts	1	Register Sleek Hovercycle as a rideable mount for travel. Use the delivered mount item from your inventory.
190100007	1	750000	mounts	1	Register Slickest Fourgill as a rideable mount for travel. Use the delivered mount item from your inventory.
190100108	1	750000	mounts	1	Register Snowfeather Board as a rideable mount for travel. Use the delivered mount item from your inventory.
190100128	1	750000	mounts	1	Register Snowkissed Aetherboard as a rideable mount for travel. Use the delivered mount item from your inventory.
190100157	1	750000	mounts	1	Register Steampunk Sharptooth as a rideable mount for travel. Use the delivered mount item from your inventory.
190100159	1	750000	mounts	1	Register The Afterburner as a rideable mount for travel. Use the delivered mount item from your inventory.
190100047	1	750000	mounts	1	Register Triumphant Legion's War Steed as a rideable mount for travel. Use the delivered mount item from your inventory.
190100012	1	750000	mounts	1	Register Waveform Surfrider as a rideable mount for travel. Use the delivered mount item from your inventory.
110900218	1	125000	fashion_outfits	1	Use 'I-Am-Yours' Matching T-Shirt to remodel compatible armor and carry its appearance into battle. One item is delivered by Black Cloud mail.
110900217	1	125000	fashion_outfits	1	Use 'I-Can-Hear-Only-You' Matching T-Shirt to remodel compatible armor and carry its appearance into battle. One item is delivered by Black Cloud mail.
110900213	1	125000	fashion_outfits	1	Use Beatific Outfit to remodel compatible armor and carry its appearance into battle. One item is delivered by Black Cloud mail.
110900080	1	125000	fashion_outfits	1	Caftan/Sarafan is an outfit piece for your character's look. Check the item details for its equipment requirements.
110101732	1	125000	fashion_outfits	1	Use Casually Alluring Outfit to remodel compatible armor and carry its appearance into battle. One item is delivered by Black Cloud mail.
111101567	1	125000	fashion_outfits	1	Use Charming Kitter Gloves to remodel compatible armor and carry its appearance into battle. One item is delivered by Black Cloud mail.
113101579	1	125000	fashion_outfits	1	Use Charming Kitter Pants to remodel compatible armor and carry its appearance into battle. One item is delivered by Black Cloud mail.
114101613	1	125000	fashion_outfits	1	Use Charming Kitter Shoes to remodel compatible armor and carry its appearance into battle. One item is delivered by Black Cloud mail.
112101517	1	125000	fashion_outfits	1	Use Charming Kitter Shoulderpiece to remodel compatible armor and carry its appearance into battle. One item is delivered by Black Cloud mail.
110900032	1	125000	fashion_outfits	1	Chipao/Changpao is an outfit piece for your character's look. Check the item details for its equipment requirements.
110900126	1	125000	fashion_outfits	1	Use Cinna's Leather Chic to remodel compatible armor and carry its appearance into battle. One item is delivered by Black Cloud mail.
110900767	1	125000	fashion_outfits	1	Use Classic Coat to remodel compatible armor and carry its appearance into battle. One item is delivered by Black Cloud mail.
110900764	1	125000	fashion_outfits	1	Use Contemporary Dress to remodel compatible armor and carry its appearance into battle. One item is delivered by Black Cloud mail.
110900765	1	125000	fashion_outfits	1	Use Contemporary Look to remodel compatible armor and carry its appearance into battle. One item is delivered by Black Cloud mail.
110900104	1	125000	fashion_outfits	1	Use Cool Swimsuit to remodel compatible armor and carry its appearance into battle. One item is delivered by Black Cloud mail.
110900118	1	125000	fashion_outfits	1	Use Cool Swimwear to remodel compatible armor and carry its appearance into battle. One item is delivered by Black Cloud mail.
110900215	1	125000	fashion_outfits	1	Use Couture Clothing to remodel compatible armor and carry its appearance into battle. One item is delivered by Black Cloud mail.
110900087	1	125000	fashion_outfits	1	Use Cute Denim Dress to remodel compatible armor and carry its appearance into battle. One item is delivered by Black Cloud mail.
110101734	1	125000	fashion_outfits	1	Use Cute Kitter Ensemble to remodel compatible armor and carry its appearance into battle. One item is delivered by Black Cloud mail.
111101566	1	125000	fashion_outfits	1	Use Cute Kitter Gloves to remodel compatible armor and carry its appearance into battle. One item is delivered by Black Cloud mail.
113101578	1	125000	fashion_outfits	1	Use Cute Kitter Pants to remodel compatible armor and carry its appearance into battle. One item is delivered by Black Cloud mail.
114101612	1	125000	fashion_outfits	1	Use Cute Kitter Shoes to remodel compatible armor and carry its appearance into battle. One item is delivered by Black Cloud mail.
112101516	1	125000	fashion_outfits	1	Use Cute Kitter Shoulderpiece to remodel compatible armor and carry its appearance into battle. One item is delivered by Black Cloud mail.
110900864	1	125000	fashion_outfits	1	Use Cute Korean Costume to remodel compatible armor and carry its appearance into battle. One item is delivered by Black Cloud mail.
110900103	1	125000	fashion_outfits	1	Use Cute Swimsuit to remodel compatible armor and carry its appearance into battle. One item is delivered by Black Cloud mail.
110900116	1	125000	fashion_outfits	1	Use Cute Swimwear to remodel compatible armor and carry its appearance into battle. One item is delivered by Black Cloud mail.
110101829	1	125000	fashion_outfits	1	Use Daeva's Alluring Party Dress to remodel compatible armor and carry its appearance into battle. One item is delivered by Black Cloud mail.
110900079	1	125000	fashion_outfits	1	Dandy/Bustle is an outfit piece for your character's look. Check the item details for its equipment requirements.
110900100	1	125000	fashion_outfits	1	Use Daskin's Party Outfit to remodel compatible armor and carry its appearance into battle. One item is delivered by Black Cloud mail.
110900064	1	125000	fashion_outfits	1	Use Daskin's Party Suit to remodel compatible armor and carry its appearance into battle. One item is delivered by Black Cloud mail.
110900859	1	125000	fashion_outfits	1	Use Delightful Outfit to remodel compatible armor and carry its appearance into battle. One item is delivered by Black Cloud mail.
110900863	1	125000	fashion_outfits	1	Use Dignified Korean Costume to remodel compatible armor and carry its appearance into battle. One item is delivered by Black Cloud mail.
110900772	1	125000	fashion_outfits	1	Use Duster to remodel compatible armor and carry its appearance into battle. One item is delivered by Black Cloud mail.
110900048	1	125000	fashion_outfits	1	Dynasty Heavy Armor is an outfit piece for your character's look. Check the item details for its equipment requirements.
110900049	1	125000	fashion_outfits	1	Dynasty Light Armor is an outfit piece for your character's look. Check the item details for its equipment requirements.
110900050	1	125000	fashion_outfits	1	Dynasty Robes is an outfit piece for your character's look. Check the item details for its equipment requirements.
110900027	1	125000	fashion_outfits	1	Elegant Hanbok is an outfit piece for your character's look. Check the item details for its equipment requirements.
110900554	1	125000	fashion_outfits	1	Use Evening Wear to remodel compatible armor and carry its appearance into battle. One item is delivered by Black Cloud mail.
114000015	1	125000	fashion_outfits	1	Use Festival Shoes to remodel compatible armor and carry its appearance into battle. One item is delivered by Black Cloud mail.
110900737	1	125000	fashion_outfits	1	Use Flamekissed Boarding Outfit to remodel compatible armor and carry its appearance into battle. One item is delivered by Black Cloud mail.
110900136	1	125000	fashion_outfits	1	Use Foxtail Hot Pants Outfit to remodel compatible armor and carry its appearance into battle. One item is delivered by Black Cloud mail.
110900028	1	125000	fashion_outfits	1	Fur-Lined Hanbok is an outfit piece for your character's look. Check the item details for its equipment requirements.
110900127	1	125000	fashion_outfits	1	Use Gabrez's Cocktail Scales to remodel compatible armor and carry its appearance into battle. One item is delivered by Black Cloud mail.
110900065	1	125000	fashion_outfits	1	Use Glamorous High Class Costume (Elyos) to remodel compatible armor and carry its appearance into battle. One item is delivered by Black Cloud mail.
110900223	1	125000	fashion_outfits	1	Use Gym Suit to remodel compatible armor and carry its appearance into battle. One item is delivered by Black Cloud mail.
110900866	1	125000	fashion_outfits	1	Use Halloween Pumpkin to remodel compatible armor and carry its appearance into battle. One item is delivered by Black Cloud mail.
110900059	1	125000	fashion_outfits	1	Hanbok is an outfit piece for your character's look. Check the item details for its equipment requirements.
110900068	1	125000	fashion_outfits	1	Use High Class Costume Lolita (Asmodian) to remodel compatible armor and carry its appearance into battle. One item is delivered by Black Cloud mail.
110900081	1	125000	fashion_outfits	1	Himation/Chiton is an outfit piece for your character's look. Check the item details for its equipment requirements.
110900085	1	125000	fashion_outfits	1	Use Hot Denim Dress to remodel compatible armor and carry its appearance into battle. One item is delivered by Black Cloud mail.
110900105	1	125000	fashion_outfits	1	Use Hot Swimsuit to remodel compatible armor and carry its appearance into battle. One item is delivered by Black Cloud mail.
110900117	1	125000	fashion_outfits	1	Use Hot Swimwear to remodel compatible armor and carry its appearance into battle. One item is delivered by Black Cloud mail.
110900031	1	125000	fashion_outfits	1	Imperial Chipao/Changpao is an outfit piece for your character's look. Check the item details for its equipment requirements.
110900140	1	125000	fashion_outfits	1	Use Joyful Festival Costume to remodel compatible armor and carry its appearance into battle. One item is delivered by Black Cloud mail.
110900030	1	125000	fashion_outfits	1	Kimono is an outfit piece for your character's look. Check the item details for its equipment requirements.
110900232	1	125000	fashion_outfits	1	Use Koinobori Festival Costume to remodel compatible armor and carry its appearance into battle. One item is delivered by Black Cloud mail.
110900770	1	125000	fashion_outfits	1	Use Leopard Bikini to remodel compatible armor and carry its appearance into battle. One item is delivered by Black Cloud mail.
110900769	1	125000	fashion_outfits	1	Use Leopard Mustang to remodel compatible armor and carry its appearance into battle. One item is delivered by Black Cloud mail.
110900551	1	125000	fashion_outfits	1	Use Leopard Swimsuit to remodel compatible armor and carry its appearance into battle. One item is delivered by Black Cloud mail.
110900768	1	125000	fashion_outfits	1	Use Leopard Tights to remodel compatible armor and carry its appearance into battle. One item is delivered by Black Cloud mail.
110900860	1	125000	fashion_outfits	1	Use Luxury Suit to remodel compatible armor and carry its appearance into battle. One item is delivered by Black Cloud mail.
110900963	1	125000	fashion_outfits	1	Use Majestic Banded Armor to remodel compatible armor and carry its appearance into battle. One item is delivered by Black Cloud mail.
110900964	1	125000	fashion_outfits	1	Use Majestic Stitched Armor to remodel compatible armor and carry its appearance into battle. One item is delivered by Black Cloud mail.
110900962	1	125000	fashion_outfits	1	Use Majestic Tempered Armor to remodel compatible armor and carry its appearance into battle. One item is delivered by Black Cloud mail.
114301799	1	125000	fashion_outfits	65	Use Malefic Boots to remodel compatible armor and carry its appearance into battle. One item is delivered by Black Cloud mail.
110601596	1	125000	fashion_outfits	65	Use Malefic Breastplate to remodel compatible armor and carry its appearance into battle. One item is delivered by Black Cloud mail.
113301762	1	125000	fashion_outfits	65	Use Malefic Breeches to remodel compatible armor and carry its appearance into battle. One item is delivered by Black Cloud mail.
114501716	1	125000	fashion_outfits	65	Use Malefic Brogans to remodel compatible armor and carry its appearance into battle. One item is delivered by Black Cloud mail.
113501706	1	125000	fashion_outfits	65	Use Malefic Chausses to remodel compatible armor and carry its appearance into battle. One item is delivered by Black Cloud mail.
111601559	1	125000	fashion_outfits	65	Use Malefic Gauntlets to remodel compatible armor and carry its appearance into battle. One item is delivered by Black Cloud mail.
111101630	1	125000	fashion_outfits	65	Use Malefic Gloves to remodel compatible armor and carry its appearance into battle. One item is delivered by Black Cloud mail.
113601542	1	125000	fashion_outfits	65	Use Malefic Greaves to remodel compatible armor and carry its appearance into battle. One item is delivered by Black Cloud mail.
111501688	1	125000	fashion_outfits	65	Use Malefic Handguards to remodel compatible armor and carry its appearance into battle. One item is delivered by Black Cloud mail.
110551129	1	125000	fashion_outfits	65	Use Malefic Hauberk to remodel compatible armor and carry its appearance into battle. One item is delivered by Black Cloud mail.
110301793	1	125000	fashion_outfits	65	Use Malefic Jerkin to remodel compatible armor and carry its appearance into battle. One item is delivered by Black Cloud mail.
113101642	1	125000	fashion_outfits	65	Use Malefic Leggings to remodel compatible armor and carry its appearance into battle. One item is delivered by Black Cloud mail.
112101580	1	125000	fashion_outfits	65	Use Malefic Pauldrons to remodel compatible armor and carry its appearance into battle. One item is delivered by Black Cloud mail.
114601549	1	125000	fashion_outfits	65	Use Malefic Sabatons to remodel compatible armor and carry its appearance into battle. One item is delivered by Black Cloud mail.
114101676	1	125000	fashion_outfits	65	Use Malefic Shoes to remodel compatible armor and carry its appearance into battle. One item is delivered by Black Cloud mail.
112301670	1	125000	fashion_outfits	65	Use Malefic Shoulderguards to remodel compatible armor and carry its appearance into battle. One item is delivered by Black Cloud mail.
112601541	1	125000	fashion_outfits	65	Use Malefic Shoulderplates to remodel compatible armor and carry its appearance into battle. One item is delivered by Black Cloud mail.
112501627	1	125000	fashion_outfits	65	Use Malefic Spaulders to remodel compatible armor and carry its appearance into battle. One item is delivered by Black Cloud mail.
110101812	1	125000	fashion_outfits	65	Use Malefic Tunic to remodel compatible armor and carry its appearance into battle. One item is delivered by Black Cloud mail.
111301731	1	125000	fashion_outfits	65	Use Malefic Vambrace to remodel compatible armor and carry its appearance into battle. One item is delivered by Black Cloud mail.
110900066	1	125000	fashion_outfits	1	Use Marra's Party Dress to remodel compatible armor and carry its appearance into battle. One item is delivered by Black Cloud mail.
110900101	1	125000	fashion_outfits	1	Use Marra's Party Outfit to remodel compatible armor and carry its appearance into battle. One item is delivered by Black Cloud mail.
110101733	1	125000	fashion_outfits	1	Use Masquerade Dress to remodel compatible armor and carry its appearance into battle. One item is delivered by Black Cloud mail.
110900773	1	125000	fashion_outfits	1	Use Mesmerizing Club Outfit to remodel compatible armor and carry its appearance into battle. One item is delivered by Black Cloud mail.
110900868	1	125000	fashion_outfits	1	Use Modern Edge Look to remodel compatible armor and carry its appearance into battle. One item is delivered by Black Cloud mail.
110900867	1	125000	fashion_outfits	1	Use Moon Rabbit's Picnic to remodel compatible armor and carry its appearance into battle. One item is delivered by Black Cloud mail.
110900214	1	125000	fashion_outfits	1	Use My Other Half T-Shirt to remodel compatible armor and carry its appearance into battle. One item is delivered by Black Cloud mail.
110900230	1	125000	fashion_outfits	1	Use Neat Marine Look to remodel compatible armor and carry its appearance into battle. One item is delivered by Black Cloud mail.
110900089	1	125000	fashion_outfits	1	Use Nobody Retro Dress to remodel compatible armor and carry its appearance into battle. One item is delivered by Black Cloud mail.
110900067	1	125000	fashion_outfits	1	Use Palentine's Party Dress to remodel compatible armor and carry its appearance into battle. One item is delivered by Black Cloud mail.
110900102	1	125000	fashion_outfits	1	Use Palentine's Party Outfit to remodel compatible armor and carry its appearance into battle. One item is delivered by Black Cloud mail.
110900869	1	125000	fashion_outfits	1	Use Peacock's Proposal to remodel compatible armor and carry its appearance into battle. One item is delivered by Black Cloud mail.
110900862	1	125000	fashion_outfits	1	Use Police Uniform to remodel compatible armor and carry its appearance into battle. One item is delivered by Black Cloud mail.
110900061	1	125000	fashion_outfits	1	Porgus Costume is an outfit piece for your character's look. Check the item details for its equipment requirements.
114000008	1	125000	fashion_outfits	1	Porgus Feet is an outfit piece for your character's look. Check the item details for its equipment requirements.
111000008	1	125000	fashion_outfits	1	Porgus Hooves is an outfit piece for your character's look. Check the item details for its equipment requirements.
110900128	1	125000	fashion_outfits	1	Use Portia's Formalwear to remodel compatible armor and carry its appearance into battle. One item is delivered by Black Cloud mail.
110900887	1	125000	fashion_outfits	1	Use Purple Joyful Festival Costume to remodel compatible armor and carry its appearance into battle. One item is delivered by Black Cloud mail.
110900442	1	125000	fashion_outfits	1	Use Rainbow Snake Costume to remodel compatible armor and carry its appearance into battle. One item is delivered by Black Cloud mail.
110900231	1	125000	fashion_outfits	1	Use Refreshing Marine Look to remodel compatible armor and carry its appearance into battle. One item is delivered by Black Cloud mail.
110900211	1	125000	fashion_outfits	1	Use Regal Hanbok to remodel compatible armor and carry its appearance into battle. One item is delivered by Black Cloud mail.
110900771	1	125000	fashion_outfits	1	Use Retro Club Outfit to remodel compatible armor and carry its appearance into battle. One item is delivered by Black Cloud mail.
110900062	1	125000	fashion_outfits	1	Ribbit Costume is an outfit piece for your character's look. Check the item details for its equipment requirements.
111000009	1	125000	fashion_outfits	1	Ribbit Gloves is an outfit piece for your character's look. Check the item details for its equipment requirements.
114000009	1	125000	fashion_outfits	1	Ribbit Shoes is an outfit piece for your character's look. Check the item details for its equipment requirements.
110900129	1	125000	fashion_outfits	1	Use Rillard's Celebrity Line to remodel compatible armor and carry its appearance into battle. One item is delivered by Black Cloud mail.
110900553	1	125000	fashion_outfits	1	Use Sexy Costume to remodel compatible armor and carry its appearance into battle. One item is delivered by Black Cloud mail.
110900865	1	125000	fashion_outfits	1	Use Singer's Comfort to remodel compatible armor and carry its appearance into battle. One item is delivered by Black Cloud mail.
110900738	1	125000	fashion_outfits	1	Use Snowkissed Boarding Outfit to remodel compatible armor and carry its appearance into battle. One item is delivered by Black Cloud mail.
110900026	1	125000	fashion_outfits	1	Solorius Costume is an outfit piece for your character's look. Check the item details for its equipment requirements.
110900139	1	125000	fashion_outfits	1	Use Sorcerer's Robe to remodel compatible armor and carry its appearance into battle. One item is delivered by Black Cloud mail.
110900090	1	125000	fashion_outfits	1	Use Spangled Outfit to remodel compatible armor and carry its appearance into battle. One item is delivered by Black Cloud mail.
110900441	1	125000	fashion_outfits	1	Use Spotted Snake Costume to remodel compatible armor and carry its appearance into battle. One item is delivered by Black Cloud mail.
110900033	1	125000	fashion_outfits	1	Stately Chipao/Changpao is an outfit piece for your character's look. Check the item details for its equipment requirements.
110900137	1	125000	fashion_outfits	1	Use Striped Ballet Dress to remodel compatible armor and carry its appearance into battle. One item is delivered by Black Cloud mail.
110900029	1	125000	fashion_outfits	1	Striped Hanbok is an outfit piece for your character's look. Check the item details for its equipment requirements.
110900212	1	125000	fashion_outfits	1	Use Taboo Heart Attire to remodel compatible armor and carry its appearance into battle. One item is delivered by Black Cloud mail.
110900088	1	125000	fashion_outfits	1	Use Tell Me Ensemble to remodel compatible armor and carry its appearance into battle. One item is delivered by Black Cloud mail.
110900858	1	125000	fashion_outfits	1	Use Tiamat Tee to remodel compatible armor and carry its appearance into battle. One item is delivered by Black Cloud mail.
110900443	1	125000	fashion_outfits	1	Use Turquoise Snake Costume to remodel compatible armor and carry its appearance into battle. One item is delivered by Black Cloud mail.
110900216	1	125000	fashion_outfits	1	Use Uptown Apparel to remodel compatible armor and carry its appearance into battle. One item is delivered by Black Cloud mail.
110900846	1	125000	fashion_outfits	1	Use Urban Summer Blue to remodel compatible armor and carry its appearance into battle. One item is delivered by Black Cloud mail.
110900847	1	125000	fashion_outfits	1	Use Urban Summer Lime to remodel compatible armor and carry its appearance into battle. One item is delivered by Black Cloud mail.
110900848	1	125000	fashion_outfits	1	Use Urban Summer Red to remodel compatible armor and carry its appearance into battle. One item is delivered by Black Cloud mail.
110900861	1	125000	fashion_outfits	1	Use Vintage School Clothes to remodel compatible armor and carry its appearance into battle. One item is delivered by Black Cloud mail.
110900086	1	125000	fashion_outfits	1	Use Vivacious Denim Dress to remodel compatible armor and carry its appearance into battle. One item is delivered by Black Cloud mail.
110900060	1	125000	fashion_outfits	1	Wedding Dress/Tuxedo is an outfit piece for your character's look. Check the item details for its equipment requirements.
110900138	1	125000	fashion_outfits	1	Use Wild Leather Pants and Vest to remodel compatible armor and carry its appearance into battle. One item is delivered by Black Cloud mail.
190010005	1	350000	pets	1	Adopt a companion with Azure Drakie Egg. Use the egg from your inventory after it arrives by Black Cloud mail.
190010006	1	350000	pets	1	Adopt a companion with Azure Drakie Egg. Use the egg from your inventory after it arrives by Black Cloud mail.
190000039	1	350000	pets	1	Adopt a companion with Beluslan Kitter Egg. Use the egg from your inventory after it arrives by Black Cloud mail.
190000064	1	350000	pets	1	Adopt a companion with Black Ribbit Egg. Use the egg from your inventory after it arrives by Black Cloud mail.
190020083	1	350000	pets	1	Adopt a companion with Blue Bulldozer Egg. Use the egg from your inventory after it arrives by Black Cloud mail.
190020084	1	350000	pets	1	Adopt a companion with Blue Headband Kobushka Egg. Use the egg from your inventory after it arrives by Black Cloud mail.
190020089	1	350000	pets	1	Adopt a companion with Blue Merek Egg. Use the egg from your inventory after it arrives by Black Cloud mail.
190000058	1	350000	pets	1	Adopt a companion with Blue Ribbit Egg. Use the egg from your inventory after it arrives by Black Cloud mail.
190020012	1	350000	pets	1	Adopt a companion with Bluehair Steren Egg. Use the egg from your inventory after it arrives by Black Cloud mail.
190020015	1	350000	pets	1	Adopt a companion with Bluemane Trico Egg. Use the egg from your inventory after it arrives by Black Cloud mail.
190000052	1	350000	pets	1	Adopt a companion with Border Daggie Egg. Use the egg from your inventory after it arrives by Black Cloud mail.
190020002	1	350000	pets	1	Adopt a companion with Bottlenose Tion Egg. Use the egg from your inventory after it arrives by Black Cloud mail.
190020219	1	350000	pets	1	Adopt a companion with Bottlenose Tion's Egg. Use the egg from your inventory after it arrives by Black Cloud mail.
190020078	1	350000	pets	1	Adopt a companion with Box Mimic Egg. Use the egg from your inventory after it arrives by Black Cloud mail.
190020026	1	350000	pets	1	Adopt a companion with Boxing King Kerub Egg. Use the egg from your inventory after it arrives by Black Cloud mail.
190000020	1	350000	pets	1	Adopt a companion with Button-Eye Mookie Egg. Use the egg from your inventory after it arrives by Black Cloud mail.
190000026	1	350000	pets	1	Adopt a companion with Capped Fungie Egg. Use the egg from your inventory after it arrives by Black Cloud mail.
190020070	1	350000	pets	1	Adopt a companion with Centennial Golden Saam Egg. Use the egg from your inventory after it arrives by Black Cloud mail.
190020014	1	350000	pets	1	Adopt a companion with Crescent Inquin Egg. Use the egg from your inventory after it arrives by Black Cloud mail.
190020073	1	350000	pets	1	Adopt a companion with Crewcut Fungie Egg. Use the egg from your inventory after it arrives by Black Cloud mail.
190000073	1	350000	pets	1	Adopt a companion with Crikey Kitter Egg. Use the egg from your inventory after it arrives by Black Cloud mail.
190000036	1	350000	pets	1	Adopt a companion with Crimson Kerub Egg. Use the egg from your inventory after it arrives by Black Cloud mail.
190000057	1	350000	pets	1	Adopt a companion with Croaking Ribbit Egg. Use the egg from your inventory after it arrives by Black Cloud mail.
190020050	1	350000	pets	1	Adopt a companion with Cute Team Spirit Shugo Egg. Use the egg from your inventory after it arrives by Black Cloud mail.
190020164	1	350000	pets	1	Adopt a companion with Dandi Egg. Use the egg from your inventory after it arrives by Black Cloud mail.
190020049	1	350000	pets	1	Adopt a companion with Dapper Team Spirit Shugo Egg. Use the egg from your inventory after it arrives by Black Cloud mail.
190000027	1	350000	pets	1	Adopt a companion with Desert Naeda Egg. Use the egg from your inventory after it arrives by Black Cloud mail.
190020090	1	350000	pets	1	Adopt a companion with Dragon Manduri Egg. Use the egg from your inventory after it arrives by Black Cloud mail.
190000035	1	350000	pets	1	Adopt a companion with Eager Sprigg Egg. Use the egg from your inventory after it arrives by Black Cloud mail.
190020136	1	350000	pets	1	Adopt a companion with Evolved Kungfu Manduri Egg. Use the egg from your inventory after it arrives by Black Cloud mail.
190020135	1	350000	pets	1	Adopt a companion with Evolved Speckled Ailu Egg. Use the egg from your inventory after it arrives by Black Cloud mail.
190020137	1	350000	pets	1	Adopt a companion with Evolved Teasing Jefi Egg. Use the egg from your inventory after it arrives by Black Cloud mail.
190020074	1	350000	pets	1	Adopt a companion with Flame Bogel Egg. Use the egg from your inventory after it arrives by Black Cloud mail.
190020075	1	350000	pets	1	Adopt a companion with Flash Bogel Egg. Use the egg from your inventory after it arrives by Black Cloud mail.
190020072	1	350000	pets	1	Adopt a companion with Flattop Fungie Egg. Use the egg from your inventory after it arrives by Black Cloud mail.
190000053	1	350000	pets	1	Adopt a companion with Fuzzy Elroco Egg. Use the egg from your inventory after it arrives by Black Cloud mail.
190000047	1	350000	pets	1	Adopt a companion with Golden Drakie Egg. Use the egg from your inventory after it arrives by Black Cloud mail.
190000048	1	350000	pets	1	Adopt a companion with Golden Nyanco Egg. Use the egg from your inventory after it arrives by Black Cloud mail.
190020180	1	350000	pets	1	Adopt a companion with Golden Pack Saam Egg. Use the egg from your inventory after it arrives by Black Cloud mail.
190020062	1	350000	pets	1	Adopt a companion with Golden Radama Egg. Use the egg from your inventory after it arrives by Black Cloud mail.
190000017	1	350000	pets	1	Adopt a companion with Golden Wuf Egg. Use the egg from your inventory after it arrives by Black Cloud mail.
190000019	1	350000	pets	1	Adopt a companion with Goldentail Dorion Egg. Use the egg from your inventory after it arrives by Black Cloud mail.
190020237	1	350000	pets	1	Adopt a companion with Goldfur Adventurer. Use the egg from your inventory after it arrives by Black Cloud mail.
190000046	1	350000	pets	1	Adopt a companion with Goldmane Trico Egg. Use the egg from your inventory after it arrives by Black Cloud mail.
190010000	1	350000	pets	1	Adopt a companion with Grassy Drakie Egg. Use the egg from your inventory after it arrives by Black Cloud mail.
190020087	1	350000	pets	1	Adopt a companion with Green Diabol Egg. Use the egg from your inventory after it arrives by Black Cloud mail.
190000056	1	350000	pets	1	Adopt a companion with Green Ribbit Egg. Use the egg from your inventory after it arrives by Black Cloud mail.
190020077	1	350000	pets	1	Adopt a companion with Green Shell Potcrab Egg. Use the egg from your inventory after it arrives by Black Cloud mail.
190020201	1	350000	pets	1	Adopt a companion with Harvest Saam Egg. Use the egg from your inventory after it arrives by Black Cloud mail.
190000065	1	350000	pets	1	Adopt a companion with Headstrong Poroco Egg. Use the egg from your inventory after it arrives by Black Cloud mail.
190000066	1	350000	pets	1	Adopt a companion with Headstrong Poroco Egg. Use the egg from your inventory after it arrives by Black Cloud mail.
190020023	1	350000	pets	1	Adopt a companion with Headstrong Poroco Egg. Use the egg from your inventory after it arrives by Black Cloud mail.
190000041	1	350000	pets	1	Adopt a companion with Heiron Kitter Egg. Use the egg from your inventory after it arrives by Black Cloud mail.
190020079	1	350000	pets	1	Adopt a companion with Helpful Box Mimic Egg. Use the egg from your inventory after it arrives by Black Cloud mail.
190000023	1	350000	pets	1	Adopt a companion with Hungry Porgus Egg. Use the egg from your inventory after it arrives by Black Cloud mail.
190000014	1	350000	pets	1	Adopt a companion with Indigo Ribbit Egg. Use the egg from your inventory after it arrives by Black Cloud mail.
190020006	1	350000	pets	1	Adopt a companion with Jumpy Shugo Egg. Use the egg from your inventory after it arrives by Black Cloud mail.
190000012	1	350000	pets	1	Adopt a companion with Manic Aukwi Egg. Use the egg from your inventory after it arrives by Black Cloud mail.
190020003	1	350000	pets	1	Adopt a companion with Mau Cubling Egg. Use the egg from your inventory after it arrives by Black Cloud mail.
190020022	1	350000	pets	1	Adopt a companion with Mean Poroco Egg. Use the egg from your inventory after it arrives by Black Cloud mail.
190000021	1	350000	pets	1	Adopt a companion with Mellow Ksellid Egg. Use the egg from your inventory after it arrives by Black Cloud mail.
190020082	1	350000	pets	1	Adopt a companion with Meon Bulldozer Egg. Use the egg from your inventory after it arrives by Black Cloud mail.
190020017	1	350000	pets	1	Adopt a companion with Micro MuMu Egg. Use the egg from your inventory after it arrives by Black Cloud mail.
190020235	1	350000	pets	1	Adopt a companion with Mini Hyperion Egg. Use the egg from your inventory after it arrives by Black Cloud mail.
190020018	1	350000	pets	1	Adopt a companion with Mini MuMu Egg. Use the egg from your inventory after it arrives by Black Cloud mail.
190000034	1	350000	pets	1	Adopt a companion with Mischievous Manduri Egg. Use the egg from your inventory after it arrives by Black Cloud mail.
190020059	1	350000	pets	1	Adopt a companion with Palmist Acarun Egg. Use the egg from your inventory after it arrives by Black Cloud mail.
190000033	1	350000	pets	1	Adopt a companion with Pesky Manduri Egg. Use the egg from your inventory after it arrives by Black Cloud mail.
190020028	1	350000	pets	1	Adopt a companion with Pink Griffo Egg. Use the egg from your inventory after it arrives by Black Cloud mail.
190020088	1	350000	pets	1	Adopt a companion with Pink Merek Egg. Use the egg from your inventory after it arrives by Black Cloud mail.
190000049	1	350000	pets	1	Adopt a companion with Pink Nyanco Egg. Use the egg from your inventory after it arrives by Black Cloud mail.
190020013	1	350000	pets	1	Adopt a companion with Pinkhair Steren Egg. Use the egg from your inventory after it arrives by Black Cloud mail.
190020223	1	350000	pets	1	Adopt a companion with Pinkybell's Egg. Use the egg from your inventory after it arrives by Black Cloud mail.
190020114	1	350000	pets	1	Adopt a companion with Pointy Kitter Egg. Use the egg from your inventory after it arrives by Black Cloud mail.
190000051	1	350000	pets	1	Adopt a companion with Pointyhat Sprigg Egg. Use the egg from your inventory after it arrives by Black Cloud mail.
190020060	1	350000	pets	1	Adopt a companion with Pointytail Acarun Egg. Use the egg from your inventory after it arrives by Black Cloud mail.
190070010	1	350000	pets	1	Adopt a companion with Popstar Summoning Lamp. Use the egg from your inventory after it arrives by Black Cloud mail.
190010001	1	350000	pets	1	Adopt a companion with Potbelly Inquin Egg. Use the egg from your inventory after it arrives by Black Cloud mail.
190000031	1	350000	pets	1	Adopt a companion with Pudgy Porgus Egg. Use the egg from your inventory after it arrives by Black Cloud mail.
190000055	1	350000	pets	1	Adopt a companion with Purple Ribbit Egg. Use the egg from your inventory after it arrives by Black Cloud mail.
190000011	1	350000	pets	1	Adopt a companion with Quick Kirca Egg. Use the egg from your inventory after it arrives by Black Cloud mail.
190020161	1	350000	pets	1	Adopt a companion with Red Bulldozer Egg. Use the egg from your inventory after it arrives by Black Cloud mail.
190020086	1	350000	pets	1	Adopt a companion with Red Diabol Egg. Use the egg from your inventory after it arrives by Black Cloud mail.
190000010	1	350000	pets	1	Adopt a companion with Red Eye Larail Egg. Use the egg from your inventory after it arrives by Black Cloud mail.
190000060	1	350000	pets	1	Adopt a companion with Red Ribbit Egg. Use the egg from your inventory after it arrives by Black Cloud mail.
190020076	1	350000	pets	1	Adopt a companion with Red Shell Potcrab Egg. Use the egg from your inventory after it arrives by Black Cloud mail.
190000059	1	350000	pets	1	Adopt a companion with Ribbitron Egg. Use the egg from your inventory after it arrives by Black Cloud mail.
190020063	1	350000	pets	1	Adopt a companion with Robust Ailu Egg. Use the egg from your inventory after it arrives by Black Cloud mail.
190000022	1	350000	pets	1	Adopt a companion with Rotund Ayas Egg. Use the egg from your inventory after it arrives by Black Cloud mail.
190000013	1	350000	pets	1	Adopt a companion with Rotund Methu Egg. Use the egg from your inventory after it arrives by Black Cloud mail.
190020205	1	350000	pets	1	Adopt a companion with Royal Kitter Egg. Use the egg from your inventory after it arrives by Black Cloud mail.
190000075	1	350000	pets	1	Adopt a companion with Runaway Poppy Egg. Use the egg from your inventory after it arrives by Black Cloud mail.
190020010	1	350000	pets	1	Adopt a companion with Sassy Manduri Egg. Use the egg from your inventory after it arrives by Black Cloud mail.
190000016	1	350000	pets	1	Adopt a companion with Sawteeth Rotan Egg. Use the egg from your inventory after it arrives by Black Cloud mail.
190020221	1	350000	pets	1	Adopt a companion with Shu-Ghost's Egg. Use the egg from your inventory after it arrives by Black Cloud mail.
190020170	1	350000	pets	1	Adopt a companion with Shugo Flag Bearer Egg, Argentina. Use the egg from your inventory after it arrives by Black Cloud mail.
190020168	1	350000	pets	1	Adopt a companion with Shugo Flag Bearer Egg, Australia. Use the egg from your inventory after it arrives by Black Cloud mail.
190020169	1	350000	pets	1	Adopt a companion with Shugo Flag Bearer Egg, Brazil. Use the egg from your inventory after it arrives by Black Cloud mail.
190020167	1	350000	pets	1	Adopt a companion with Shugo Flag Bearer Egg, Canada. Use the egg from your inventory after it arrives by Black Cloud mail.
190020176	1	350000	pets	1	Adopt a companion with Shugo Flag Bearer Egg, China. Use the egg from your inventory after it arrives by Black Cloud mail.
190020172	1	350000	pets	1	Adopt a companion with Shugo Flag Bearer Egg, France. Use the egg from your inventory after it arrives by Black Cloud mail.
190020171	1	350000	pets	1	Adopt a companion with Shugo Flag Bearer Egg, Germany. Use the egg from your inventory after it arrives by Black Cloud mail.
190020187	1	350000	pets	1	Adopt a companion with Shugo Flag Bearer Egg, Indonesia. Use the egg from your inventory after it arrives by Black Cloud mail.
190020181	1	350000	pets	1	Adopt a companion with Shugo Flag Bearer Egg, Italy. Use the egg from your inventory after it arrives by Black Cloud mail.
190020178	1	350000	pets	1	Adopt a companion with Shugo Flag Bearer Egg, Japan. Use the egg from your inventory after it arrives by Black Cloud mail.
190020188	1	350000	pets	1	Adopt a companion with Shugo Flag Bearer Egg, Malaysia. Use the egg from your inventory after it arrives by Black Cloud mail.
190020186	1	350000	pets	1	Adopt a companion with Shugo Flag Bearer Egg, Philippines. Use the egg from your inventory after it arrives by Black Cloud mail.
190020183	1	350000	pets	1	Adopt a companion with Shugo Flag Bearer Egg, Poland. Use the egg from your inventory after it arrives by Black Cloud mail.
190020179	1	350000	pets	1	Adopt a companion with Shugo Flag Bearer Egg, Russia. Use the egg from your inventory after it arrives by Black Cloud mail.
190020184	1	350000	pets	1	Adopt a companion with Shugo Flag Bearer Egg, Singapore. Use the egg from your inventory after it arrives by Black Cloud mail.
190020182	1	350000	pets	1	Adopt a companion with Shugo Flag Bearer Egg, Spain. Use the egg from your inventory after it arrives by Black Cloud mail.
190020177	1	350000	pets	1	Adopt a companion with Shugo Flag Bearer Egg, Taiwan. Use the egg from your inventory after it arrives by Black Cloud mail.
190020185	1	350000	pets	1	Adopt a companion with Shugo Flag Bearer Egg, Thailand. Use the egg from your inventory after it arrives by Black Cloud mail.
190020165	1	350000	pets	1	Adopt a companion with Shugo Flag Bearer Egg, Turkey. Use the egg from your inventory after it arrives by Black Cloud mail.
190020173	1	350000	pets	1	Adopt a companion with Shugo Flag Bearer Egg, UK. Use the egg from your inventory after it arrives by Black Cloud mail.
190020166	1	350000	pets	1	Adopt a companion with Shugo Flag Bearer Egg, USA. Use the egg from your inventory after it arrives by Black Cloud mail.
190020189	1	350000	pets	1	Adopt a companion with Shugo Flag Bearer Egg. Vietnam. Use the egg from your inventory after it arrives by Black Cloud mail.
190020020	1	350000	pets	1	Adopt a companion with Shugo Lad Egg. Use the egg from your inventory after it arrives by Black Cloud mail.
190020019	1	350000	pets	1	Adopt a companion with Shugo Lass Egg. Use the egg from your inventory after it arrives by Black Cloud mail.
190070017	1	350000	pets	1	Adopt a companion with Sidekick Akumu Summoning Lamp. Use the egg from your inventory after it arrives by Black Cloud mail.
190000045	1	350000	pets	1	Adopt a companion with Silver Wuf Egg. Use the egg from your inventory after it arrives by Black Cloud mail.
190000018	1	350000	pets	1	Adopt a companion with Silvertail Dorion Egg. Use the egg from your inventory after it arrives by Black Cloud mail.
190020001	1	350000	pets	1	Adopt a companion with Skullabra Krall Egg. Use the egg from your inventory after it arrives by Black Cloud mail.
190020061	1	350000	pets	1	Adopt a companion with Snowy Radama Egg. Use the egg from your inventory after it arrives by Black Cloud mail.
190020109	1	350000	pets	1	Adopt a companion with Solorinerk Egg. Use the egg from your inventory after it arrives by Black Cloud mail.
190020047	1	350000	pets	1	Adopt a companion with Speckled Ailu Egg. Use the egg from your inventory after it arrives by Black Cloud mail.
190020058	1	350000	pets	1	Adopt a companion with Spurred Crestlich Egg. Use the egg from your inventory after it arrives by Black Cloud mail.
190020230	1	350000	pets	1	Adopt a companion with Squeeble's Egg. Use the egg from your inventory after it arrives by Black Cloud mail.
190020057	1	350000	pets	1	Adopt a companion with Stately Crestlich Egg. Use the egg from your inventory after it arrives by Black Cloud mail.
190000077	1	350000	pets	1	Adopt a companion with Steel Narki Egg. Use the egg from your inventory after it arrives by Black Cloud mail.
190020138	1	350000	pets	1	Adopt a companion with Stormwing Egg. Use the egg from your inventory after it arrives by Black Cloud mail.
190000015	1	350000	pets	1	Adopt a companion with Striped Elroco Egg. Use the egg from your inventory after it arrives by Black Cloud mail.
190000067	1	350000	pets	1	Adopt a companion with Sunset Drakie Egg. Use the egg from your inventory after it arrives by Black Cloud mail.
190020234	1	350000	pets	1	Adopt a companion with Swordsman Ailu Egg. Use the egg from your inventory after it arrives by Black Cloud mail.
190020175	1	350000	pets	1	Adopt a companion with Tahabata Egg. Use the egg from your inventory after it arrives by Black Cloud mail.
190000061	1	350000	pets	1	Adopt a companion with Tangerine Ribbit Egg. Use the egg from your inventory after it arrives by Black Cloud mail.
190020030	1	350000	pets	1	Adopt a companion with Teasing Jefi Egg. Use the egg from your inventory after it arrives by Black Cloud mail.
190020071	1	350000	pets	1	Adopt a companion with Ten-Thousand-Year-Old Golden Saam Egg. Use the egg from your inventory after it arrives by Black Cloud mail.
190020228	1	350000	pets	1	Adopt a companion with Tiamat Welp's Egg. Use the egg from your inventory after it arrives by Black Cloud mail.
190020208	1	350000	pets	1	Adopt a companion with Tiamat Whelp's Egg. Use the egg from your inventory after it arrives by Black Cloud mail.
190020027	1	350000	pets	1	Adopt a companion with Tin Narky Egg. Use the egg from your inventory after it arrives by Black Cloud mail.
190020174	1	350000	pets	1	Adopt a companion with Traveling Kitter Egg. Use the egg from your inventory after it arrives by Black Cloud mail.
190000071	1	350000	pets	1	Adopt a companion with Turkish Kitter Egg. Use the egg from your inventory after it arrives by Black Cloud mail.
190010003	1	350000	pets	1	Adopt a companion with Unused Pet. Use the egg from your inventory after it arrives by Black Cloud mail.
190000062	1	350000	pets	1	Adopt a companion with Violet Ribbit Egg. Use the egg from your inventory after it arrives by Black Cloud mail.
190020064	1	350000	pets	1	Adopt a companion with Watchful Ailu Egg. Use the egg from your inventory after it arrives by Black Cloud mail.
190020081	1	350000	pets	1	Adopt a companion with Waxy Humpback Worg Egg. Use the egg from your inventory after it arrives by Black Cloud mail.
190000025	1	350000	pets	1	Adopt a companion with White Dagg Egg. Use the egg from your inventory after it arrives by Black Cloud mail.
190000050	1	350000	pets	1	Adopt a companion with Whitebeard Manduri Egg. Use the egg from your inventory after it arrives by Black Cloud mail.
190000024	1	350000	pets	1	Adopt a companion with Wild Kitter Egg. Use the egg from your inventory after it arrives by Black Cloud mail.
190000078	1	350000	pets	1	Adopt a companion with Woodkeeper Ailu Egg. Use the egg from your inventory after it arrives by Black Cloud mail.
190020080	1	350000	pets	1	Adopt a companion with Worg of the Dead Egg. Use the egg from your inventory after it arrives by Black Cloud mail.
190020198	1	350000	pets	1	Adopt a companion with Yongsam's Egg. Use the egg from your inventory after it arrives by Black Cloud mail.
162000030	5	15000	recovery	1	Restores 37 HP immediately. Then restores 37 HP every 2 sec for 20 sec. Reuse: 30 sec. Offer contains 5 Aion Launch 1 Year Anniversary Potion items.
162000090	5	15000	recovery	40	Restores 930 HP immediately. Reuse: 1 min. Offer contains 5 Greater Panacea of Life items.
162000096	5	15000	recovery	40	Restores 1090 MP immediately. Reuse: 1 min. Offer contains 5 Greater Panacea of Mana items.
162000088	5	15000	recovery	20	Restores 490 HP immediately. Reuse: 1 min. Offer contains 5 Lesser Panacea of Life items.
162000094	5	15000	recovery	20	Restores 720 MP immediately. Reuse: 1 min. Offer contains 5 Lesser Panacea of Mana items.
162000087	5	15000	recovery	10	Restores 270 HP immediately. Reuse: 1 min. Offer contains 5 Minor Panacea of Life items.
162000093	5	15000	recovery	10	Restores 440 MP immediately. Reuse: 1 min. Offer contains 5 Minor Panacea of Mana items.
162000089	5	15000	recovery	30	Restores 720 HP immediately. Reuse: 1 min. Offer contains 5 Panacea of Life items.
162000095	5	15000	recovery	30	Restores 940 MP immediately. Reuse: 1 min. Offer contains 5 Panacea of Mana items.
169630004	1	400000	storage	1	Expand your character's cube inventory with this ticket. Check your current cube tier before use.
169610010	1	180000	titles	1	Add the 'Destiny Ascendant' title to your character. Use the delivered title card to learn it.
169610000	1	180000	titles	1	Add the 'Settler of Aion' title to your character. Use the delivered title card to learn it.
169610032	1	180000	titles	1	Add the Munificent title to your character. Use the delivered title card to learn it.
169610031	1	180000	titles	1	Add the Sage of Aion title to your character. Use the delivered title card to learn it.
169610030	1	180000	titles	1	Add the Shining Intellectual title to your character. Use the delivered title card to learn it.
169610092	1	180000	titles	1	Add the The Pinnacle of Beauty title to your character. Use the delivered title card to learn it.
169610093	1	180000	titles	1	Add the Top Gun title to your character. Use the delivered title card to learn it.
169610145	1	180000	titles	1	Add the Ultimate Duo title to your character. Use the delivered title card to learn it.
169610158	1	180000	titles	1	Add the AION Executor title to your character. Use the delivered title card to learn it.
169610102	1	180000	titles	1	Add the Alabaster Eye title to your character. Use the delivered title card to learn it.
169610103	1	180000	titles	1	Add the Alabaster Hand title to your character. Use the delivered title card to learn it.
169610101	1	180000	titles	1	Add the Alabaster Wing title to your character. Use the delivered title card to learn it.
169610304	1	180000	titles	1	Add the Blood Champion title to your character. Use the delivered title card to learn it.
169610306	1	180000	titles	1	Add the Blood Conqueror title to your character. Use the delivered title card to learn it.
169610307	1	180000	titles	1	Add the Blood Phalanx title to your character. Use the delivered title card to learn it.
169610305	1	180000	titles	1	Add the Blood Sentinel title to your character. Use the delivered title card to learn it.
169610133	1	180000	titles	1	Add the Broken Heart Guru title to your character. Use the delivered title card to learn it.
169610333	1	180000	titles	1	Add the Chamberlain of Dukar title to your character. Use the delivered title card to learn it.
169610311	1	180000	titles	1	Add the Daemon title to your character. Use the delivered title card to learn it.
169610344	1	180000	titles	1	Add the Dragonslayer's Resistance title to your character. Use the delivered title card to learn it.
169610332	1	180000	titles	1	Add the Elim Messenger title to your character. Use the delivered title card to learn it.
169610132	1	180000	titles	1	Add the Eulogist title to your character. Use the delivered title card to learn it.
169610336	1	180000	titles	1	Add the Factotum title to your character. Use the delivered title card to learn it.
169610302	1	180000	titles	1	Add the Field Agent title to your character. Use the delivered title card to learn it.
169610303	1	180000	titles	1	Add the Field Director title to your character. Use the delivered title card to learn it.
169610301	1	180000	titles	1	Add the Field Warden title to your character. Use the delivered title card to learn it.
169610154	1	180000	titles	1	Add the First Champion title to your character. Use the delivered title card to learn it.
169610308	1	180000	titles	1	Add the Fixer title to your character. Use the delivered title card to learn it.
169610342	1	180000	titles	1	Add the Forgotten Conqueror title to your character. Use the delivered title card to learn it.
169610343	1	180000	titles	1	Add the Forgotten Hero title to your character. Use the delivered title card to learn it.
169610341	1	180000	titles	1	Add the Forgotten Ruler title to your character. Use the delivered title card to learn it.
169610111	1	180000	titles	1	Add the Fortuneer title to your character. Use the delivered title card to learn it.
169610157	1	180000	titles	1	Add the Fourth Champion title to your character. Use the delivered title card to learn it.
169610310	1	180000	titles	1	Add the Handler title to your character. Use the delivered title card to learn it.
169610110	1	180000	titles	1	Add the Hunter title to your character. Use the delivered title card to learn it.
169610150	1	180000	titles	1	Add the Kaldor Champion title to your character. Use the delivered title card to learn it.
169610347	1	180000	titles	1	Add the Katalam Detachment's Hero title to your character. Use the delivered title card to learn it.
169610348	1	180000	titles	1	Add the Katalam Punitive Force's Hero title to your character. Use the delivered title card to learn it.
169610337	1	180000	titles	1	Add the Katalam' s Hope title to your character. Use the delivered title card to learn it.
169610338	1	180000	titles	1	Add the Katalam's Light title to your character. Use the delivered title card to learn it.
169610131	1	180000	titles	1	Add the Key Master title to your character. Use the delivered title card to learn it.
169610128	1	180000	titles	1	Add the Kind Counsel title to your character. Use the delivered title card to learn it.
169610334	1	180000	titles	1	Add the Krall Killing Veteran title to your character. Use the delivered title card to learn it.
169610099	1	180000	titles	1	Add the Magical Phenom title to your character. Use the delivered title card to learn it.
169610340	1	180000	titles	1	Add the Nature's Friend title to your character. Use the delivered title card to learn it.
169610098	1	180000	titles	1	Add the Nimble Fingers title to your character. Use the delivered title card to learn it.
169610309	1	180000	titles	1	Add the Operator title to your character. Use the delivered title card to learn it.
169610136	1	180000	titles	1	Add the Pro Fisher title to your character. Use the delivered title card to learn it.
169610106	1	180000	titles	1	Add the Radiant Blade title to your character. Use the delivered title card to learn it.
169610104	1	180000	titles	1	Add the Radiant Fist title to your character. Use the delivered title card to learn it.
169610105	1	180000	titles	1	Add the Radiant Shield title to your character. Use the delivered title card to learn it.
169610107	1	180000	titles	1	Add the Radiant Shroud title to your character. Use the delivered title card to learn it.
169610127	1	180000	titles	1	Add the Sage Counsel title to your character. Use the delivered title card to learn it.
169610155	1	180000	titles	1	Add the Second Champion title to your character. Use the delivered title card to learn it.
169610108	1	180000	titles	1	Add the Seeker title to your character. Use the delivered title card to learn it.
169610327	1	180000	titles	1	Add the Shrewd Counsel title to your character. Use the delivered title card to learn it.
169610328	1	180000	titles	1	Add the Superb Counsel title to your character. Use the delivered title card to learn it.
169610097	1	180000	titles	1	Add the Swift-Footed title to your character. Use the delivered title card to learn it.
169610033	1	180000	titles	1	Add the Taegeuk Hero title to your character. Use the delivered title card to learn it.
169610135	1	180000	titles	1	Add the Tenacious Pursuer title to your character. Use the delivered title card to learn it.
169610331	1	180000	titles	1	Add the The Circle Leader title to your character. Use the delivered title card to learn it.
169610156	1	180000	titles	1	Add the Third Champion title to your character. Use the delivered title card to learn it.
169610109	1	180000	titles	1	Add the Tracker title to your character. Use the delivered title card to learn it.
169610335	1	180000	titles	1	Add the Uneventful Elysea title to your character. Use the delivered title card to learn it.
169610112	1	180000	titles	1	Add the Vanquisher of Mastarius title to your character. Use the delivered title card to learn it.
169610312	1	180000	titles	1	Add the Vanquisher of Veille title to your character. Use the delivered title card to learn it.
169610339	1	180000	titles	1	Add the Watcher of the Forest title to your character. Use the delivered title card to learn it.
169610134	1	180000	titles	1	Add the Yellow Arm title to your character. Use the delivered title card to learn it.
100201567	1	175000	weapon_melee	1	Use Ashucream's Delicacy to remodel compatible dagger and carry its appearance into battle. One item is delivered by Black Cloud mail.
102001279	1	175000	weapon_arcane	1	Use Butterple's Baton to remodel compatible harp and carry its appearance into battle. One item is delivered by Black Cloud mail.
100900681	1	175000	weapon_melee	1	Cataclysm's Jaws is a greatsword with a distinctive weapon appearance. Check its class, level, and attributes before buying.
115001835	1	175000	weapon_melee	1	Use Crystal of Nuhun to remodel compatible shield and carry its appearance into battle. One item is delivered by Black Cloud mail.
102101001	1	175000	weapon_arcane	50	Use Daru Cipher-Blade to remodel compatible keyblade and carry its appearance into battle. One item is delivered by Black Cloud mail.
101501411	1	175000	weapon_melee	1	Use Dember's Toy to remodel compatible staff and carry its appearance into battle. One item is delivered by Black Cloud mail.
102101062	1	175000	weapon_arcane	65	Use Feline Cipher-Blade to remodel compatible keyblade and carry its appearance into battle. One item is delivered by Black Cloud mail.
101701427	1	175000	weapon_ranged	1	Use Festive Hanger to remodel compatible bow and carry its appearance into battle. One item is delivered by Black Cloud mail.
100501371	1	175000	weapon_arcane	1	Use Florid Christmas Wreath to remodel compatible orb and carry its appearance into battle. One item is delivered by Black Cloud mail.
115001866	1	175000	weapon_melee	1	Use Frosting Snowman to remodel compatible shield and carry its appearance into battle. One item is delivered by Black Cloud mail.
100001806	1	175000	weapon_melee	1	Use Jenai's Lighting to remodel compatible sword and carry its appearance into battle. One item is delivered by Black Cloud mail.
100501359	1	175000	weapon_arcane	1	Use Kitz's Sundial to remodel compatible orb and carry its appearance into battle. One item is delivered by Black Cloud mail.
101300652	1	175000	weapon_melee	1	Lux's Glow is a polearm with a distinctive weapon appearance. Check its class, level, and attributes before buying.
101901105	1	175000	weapon_ranged	65	Use Malefic Aethercannon to remodel compatible cannon and carry its appearance into battle. One item is delivered by Black Cloud mail.
101701344	1	175000	weapon_ranged	65	Use Malefic Bow to remodel compatible bow and carry its appearance into battle. One item is delivered by Black Cloud mail.
102101038	1	175000	weapon_arcane	65	Use Malefic Cipher-Blade to remodel compatible keyblade and carry its appearance into battle. One item is delivered by Black Cloud mail.
100201479	1	175000	weapon_melee	65	Use Malefic Dagger to remodel compatible dagger and carry its appearance into battle. One item is delivered by Black Cloud mail.
102001222	1	175000	weapon_arcane	65	Use Malefic Harp to remodel compatible harp and carry its appearance into battle. One item is delivered by Black Cloud mail.
100101307	1	175000	weapon_melee	65	Use Malefic Mace to remodel compatible mace and carry its appearance into battle. One item is delivered by Black Cloud mail.
100501293	1	175000	weapon_arcane	65	Use Malefic Orb to remodel compatible orb and carry its appearance into battle. One item is delivered by Black Cloud mail.
101801194	1	175000	weapon_ranged	65	Use Malefic Pistol to remodel compatible gun and carry its appearance into battle. One item is delivered by Black Cloud mail.
101301245	1	175000	weapon_melee	65	Use Malefic Polearm to remodel compatible polearm and carry its appearance into battle. One item is delivered by Black Cloud mail.
115001733	1	175000	weapon_melee	65	Use Malefic Shield to remodel compatible shield and carry its appearance into battle. One item is delivered by Black Cloud mail.
101501336	1	175000	weapon_melee	65	Use Malefic Staff to remodel compatible staff and carry its appearance into battle. One item is delivered by Black Cloud mail.
100001708	1	175000	weapon_melee	65	Use Malefic Sword to remodel compatible sword and carry its appearance into battle. One item is delivered by Black Cloud mail.
100901342	1	175000	weapon_melee	65	Use Malefic Two-handed Sword to remodel compatible greatsword and carry its appearance into battle. One item is delivered by Black Cloud mail.
100200803	1	175000	weapon_melee	1	Mellin's Treat is a dagger with a distinctive weapon appearance. Check its class, level, and attributes before buying.
100901428	1	175000	weapon_melee	1	Use Mooshu's Tool to remodel compatible greatsword and carry its appearance into battle. One item is delivered by Black Cloud mail.
102101004	1	175000	weapon_arcane	50	Use Pink Ailu Cipher-Blade to remodel compatible keyblade and carry its appearance into battle. One item is delivered by Black Cloud mail.
101300817	1	175000	weapon_melee	1	Use Polar Star to remodel compatible polearm and carry its appearance into battle. One item is delivered by Black Cloud mail.
100101411	1	175000	weapon_melee	1	Use Resonant Silver Bell to remodel compatible mace and carry its appearance into battle. One item is delivered by Black Cloud mail.
101700892	1	175000	weapon_ranged	1	Use Ribbons and Bow to remodel compatible bow and carry its appearance into battle. One item is delivered by Black Cloud mail.
100100613	1	175000	weapon_melee	1	Sartuan's Snack is a mace with a distinctive weapon appearance. Check its class, level, and attributes before buying.
102101096	1	175000	weapon_arcane	1	Use Shugo's Key to remodel compatible keyblade and carry its appearance into battle. One item is delivered by Black Cloud mail.
100500695	1	175000	weapon_arcane	1	Siel's Timepiece is a orb with a distinctive weapon appearance. Check its class, level, and attributes before buying.
100100853	1	175000	weapon_melee	1	Use Silver Bell to remodel compatible mace and carry its appearance into battle. One item is delivered by Black Cloud mail.
100200982	1	175000	weapon_melee	1	Use Snowcicle to remodel compatible dagger and carry its appearance into battle. One item is delivered by Black Cloud mail.
101300991	1	175000	weapon_melee	1	Use Snowy Polar Star to remodel compatible polearm and carry its appearance into battle. One item is delivered by Black Cloud mail.
100101035	1	175000	weapon_melee	1	Use Snowy Silver Bell to remodel compatible mace and carry its appearance into battle. One item is delivered by Black Cloud mail.
100201205	1	175000	weapon_melee	1	Use Snowy Snowcicle to remodel compatible dagger and carry its appearance into battle. One item is delivered by Black Cloud mail.
101501065	1	175000	weapon_melee	1	Use Snowy Solorius Baton to remodel compatible staff and carry its appearance into battle. One item is delivered by Black Cloud mail.
101701074	1	175000	weapon_ranged	1	Use Snowy Solorius Hanger to remodel compatible bow and carry its appearance into battle. One item is delivered by Black Cloud mail.
115001409	1	175000	weapon_melee	1	Use Snowy Solorius Snowman to remodel compatible shield and carry its appearance into battle. One item is delivered by Black Cloud mail.
100901049	1	175000	weapon_melee	1	Use Snowy Solorius Tree to remodel compatible greatsword and carry its appearance into battle. One item is delivered by Black Cloud mail.
100501048	1	175000	weapon_arcane	1	Use Snowy Solorius Wreath to remodel compatible orb and carry its appearance into battle. One item is delivered by Black Cloud mail.
100001357	1	175000	weapon_melee	1	Use Snowy Sweet Candy Cane to remodel compatible sword and carry its appearance into battle. One item is delivered by Black Cloud mail.
101501426	1	175000	weapon_melee	1	Use Solorius Baton to remodel compatible staff and carry its appearance into battle. One item is delivered by Black Cloud mail.
115001186	1	175000	weapon_melee	1	Use Solorius Snowman to remodel compatible shield and carry its appearance into battle. One item is delivered by Black Cloud mail.
100900850	1	175000	weapon_melee	1	Use Solorius Tree to remodel compatible greatsword and carry its appearance into battle. One item is delivered by Black Cloud mail.
100500867	1	175000	weapon_arcane	1	Use Solorius Wreath to remodel compatible orb and carry its appearance into battle. One item is delivered by Black Cloud mail.
101701412	1	175000	weapon_ranged	1	Use Stuffed Sasrum to remodel compatible bow and carry its appearance into battle. One item is delivered by Black Cloud mail.
100001114	1	175000	weapon_melee	1	Use Sweet Candy Cane to remodel compatible sword and carry its appearance into battle. One item is delivered by Black Cloud mail.
100001826	1	175000	weapon_melee	1	Use Tart Lollipop to remodel compatible sword and carry its appearance into battle. One item is delivered by Black Cloud mail.
101301332	1	175000	weapon_melee	1	Use Twinkling Polaris to remodel compatible polearm and carry its appearance into battle. One item is delivered by Black Cloud mail.
101801253	1	175000	weapon_ranged	1	Use Tyraano's Iron Armor to remodel compatible gun and carry its appearance into battle. One item is delivered by Black Cloud mail.
102100899	1	175000	weapon_arcane	1	Xenai's Cipher-Blade is a keyblade with a distinctive weapon appearance. Check its class, level, and attributes before buying.
101301318	1	175000	weapon_melee	1	Use Yuintian's Tool to remodel compatible polearm and carry its appearance into battle. One item is delivered by Black Cloud mail.
101500876	1	175000	weapon_melee	1	Use Yule Staff to remodel compatible staff and carry its appearance into battle. One item is delivered by Black Cloud mail.
187060013	1	600000	wing_permanent	50	Equip Brilliance Wings in the wing slot for its listed flight attributes and appearance. Check its level requirement before purchase.
187050029	1	600000	wing_skins	60	Equip Ghostly Angel Wing Skin in the wing slot for its listed flight attributes and appearance. Check its level requirement before purchase.
187060012	1	600000	wing_permanent	50	Equip Gossamer Wings in the wing slot for its listed flight attributes and appearance. Check its level requirement before purchase.
187060009	1	600000	wing_permanent	30	Equip Javirunerk's Black Cloud Wings in the wing slot for its listed flight attributes and appearance. Check its level requirement before purchase.
187060008	1	600000	wing_permanent	40	Equip Lolarinerk's Black Cloud Wings in the wing slot for its listed flight attributes and appearance. Check its level requirement before purchase.
187060011	1	600000	wing_permanent	55	Equip Lucky Wings in the wing slot for its listed flight attributes and appearance. Check its level requirement before purchase.
187060000	1	600000	wing_permanent	40	Equip Majestic Black Cloud Wings in the wing slot for its listed flight attributes and appearance. Check its level requirement before purchase.
187050028	1	600000	wing_skins	60	Equip Red Angel Wing Skin in the wing slot for its listed flight attributes and appearance. Check its level requirement before purchase.
187050026	1	600000	wing_permanent	60	Equip Splendid Light's Wings in the wing slot for its listed flight attributes and appearance. Check its level requirement before purchase.
187050030	1	600000	wing_skins	60	Equip White Angel Wing Skin in the wing slot for its listed flight attributes and appearance. Check its level requirement before purchase.
110900069	1	125000	fashion_outfits	1	Use Raiments of Mastery to remodel compatible torso armor and carry its appearance into battle. One item is delivered by Black Cloud mail.
110900110	1	125000	fashion_outfits	1	Use Truelove Outfit to remodel compatible torso armor and carry its appearance into battle. One item is delivered by Black Cloud mail.
110900112	1	125000	fashion_outfits	1	Use Jester Tunic to remodel compatible torso armor and carry its appearance into battle. One item is delivered by Black Cloud mail.
110900340	1	125000	fashion_outfits	1	Use Sweet Couples' Costume to remodel compatible torso armor and carry its appearance into battle. One item is delivered by Black Cloud mail.
110900341	1	125000	fashion_outfits	1	Use Proud Single's Costume to remodel compatible torso armor and carry its appearance into battle. One item is delivered by Black Cloud mail.
110900342	1	125000	fashion_outfits	1	Use Happy Couples' Outfit to remodel compatible torso armor and carry its appearance into battle. One item is delivered by Black Cloud mail.
110900343	1	125000	fashion_outfits	1	Use Trendy Single's Outfit to remodel compatible torso armor and carry its appearance into battle. One item is delivered by Black Cloud mail.
110900344	1	125000	fashion_outfits	1	Use Snappy Marine Look to remodel compatible torso armor and carry its appearance into battle. One item is delivered by Black Cloud mail.
110900353	1	125000	fashion_outfits	1	Use Staff Formal to remodel compatible torso armor and carry its appearance into battle. One item is delivered by Black Cloud mail.
110900357	1	125000	fashion_outfits	1	Use Tavern Trendwear to remodel compatible torso armor and carry its appearance into battle. One item is delivered by Black Cloud mail.
110900368	1	125000	fashion_outfits	1	Use Deepsea Diving Suit to remodel compatible torso armor and carry its appearance into battle. One item is delivered by Black Cloud mail.
110900384	1	125000	fashion_outfits	1	Use Shadow Wraith Armor to remodel compatible torso armor and carry its appearance into battle. One item is delivered by Black Cloud mail.
110900385	1	125000	fashion_outfits	1	Use Shadow Wraith Gi to remodel compatible torso armor and carry its appearance into battle. One item is delivered by Black Cloud mail.
110900396	1	125000	fashion_outfits	1	Use Cat Suit to remodel compatible torso armor and carry its appearance into battle. One item is delivered by Black Cloud mail.
110900397	1	125000	fashion_outfits	1	Use Rabbit Suit to remodel compatible torso armor and carry its appearance into battle. One item is delivered by Black Cloud mail.
110900398	1	125000	fashion_outfits	1	Use Raccoon Suit to remodel compatible torso armor and carry its appearance into battle. One item is delivered by Black Cloud mail.
110900399	1	125000	fashion_outfits	1	Use Voidtrace Armor Suit to remodel compatible torso armor and carry its appearance into battle. One item is delivered by Black Cloud mail.
110900400	1	125000	fashion_outfits	1	Use Majestic Heavy Armor to remodel compatible torso armor and carry its appearance into battle. One item is delivered by Black Cloud mail.
110900401	1	125000	fashion_outfits	1	Use Majestic Light Armor to remodel compatible torso armor and carry its appearance into battle. One item is delivered by Black Cloud mail.
110900402	1	125000	fashion_outfits	1	Use Majestic Cloth to remodel compatible torso armor and carry its appearance into battle. One item is delivered by Black Cloud mail.
110900403	1	125000	fashion_outfits	1	Use Golden Armor to remodel compatible torso armor and carry its appearance into battle. One item is delivered by Black Cloud mail.
110900404	1	125000	fashion_outfits	1	Use Cool Cat Outfit to remodel compatible torso armor and carry its appearance into battle. One item is delivered by Black Cloud mail.
110900405	1	125000	fashion_outfits	1	Use Code Red to remodel compatible torso armor and carry its appearance into battle. One item is delivered by Black Cloud mail.
110900406	1	125000	fashion_outfits	1	Use Code Blue to remodel compatible torso armor and carry its appearance into battle. One item is delivered by Black Cloud mail.
110900407	1	125000	fashion_outfits	1	Use Emergency Ensemble to remodel compatible torso armor and carry its appearance into battle. One item is delivered by Black Cloud mail.
110900408	1	125000	fashion_outfits	1	Use Spiffy Winter Look to remodel compatible torso armor and carry its appearance into battle. One item is delivered by Black Cloud mail.
110900413	1	125000	fashion_outfits	1	Use Raksha Tee to remodel compatible torso armor and carry its appearance into battle. One item is delivered by Black Cloud mail.
110900414	1	125000	fashion_outfits	1	Use Mau Tee to remodel compatible torso armor and carry its appearance into battle. One item is delivered by Black Cloud mail.
110900420	1	125000	fashion_outfits	1	Use Cool Summer Look to remodel compatible torso armor and carry its appearance into battle. One item is delivered by Black Cloud mail.
110900440	1	125000	fashion_outfits	1	Use Stage Costume to remodel compatible torso armor and carry its appearance into battle. One item is delivered by Black Cloud mail.
110900447	1	125000	fashion_outfits	1	Use Spotted Beachwear to remodel compatible torso armor and carry its appearance into battle. One item is delivered by Black Cloud mail.
110900448	1	125000	fashion_outfits	1	Use Spotted One Piece to remodel compatible torso armor and carry its appearance into battle. One item is delivered by Black Cloud mail.
110900508	1	125000	fashion_outfits	1	Use Frosted Ensemble to remodel compatible torso armor and carry its appearance into battle. One item is delivered by Black Cloud mail.
110900509	1	125000	fashion_outfits	1	Use Shimmery Party Duds to remodel compatible torso armor and carry its appearance into battle. One item is delivered by Black Cloud mail.
110900537	1	125000	fashion_outfits	1	Use Summer Leopard Duds to remodel compatible torso armor and carry its appearance into battle. One item is delivered by Black Cloud mail.
110900538	1	125000	fashion_outfits	1	Use Winter Leopard Duds to remodel compatible torso armor and carry its appearance into battle. One item is delivered by Black Cloud mail.
110900569	1	125000	fashion_outfits	1	Use Regent Garb to remodel compatible torso armor and carry its appearance into battle. One item is delivered by Black Cloud mail.
110900680	1	125000	fashion_outfits	1	Use Snowman Skin to remodel compatible torso armor and carry its appearance into battle. One item is delivered by Black Cloud mail.
110900778	1	125000	fashion_outfits	1	Use Night's Dress to remodel compatible torso armor and carry its appearance into battle. One item is delivered by Black Cloud mail.
110900781	1	125000	fashion_outfits	1	Use Vintage Denim Jacket to remodel compatible torso armor and carry its appearance into battle. One item is delivered by Black Cloud mail.
110900784	1	125000	fashion_outfits	1	Use Stylish Training Suit to remodel compatible torso armor and carry its appearance into battle. One item is delivered by Black Cloud mail.
110900787	1	125000	fashion_outfits	1	Use Little Slugger's Uniform to remodel compatible torso armor and carry its appearance into battle. One item is delivered by Black Cloud mail.
110900821	1	125000	fashion_outfits	1	Use Black Swan Costume to remodel compatible torso armor and carry its appearance into battle. One item is delivered by Black Cloud mail.
110900824	1	125000	fashion_outfits	1	Use Inked-Up Swimsuit to remodel compatible torso armor and carry its appearance into battle. One item is delivered by Black Cloud mail.
110900830	1	125000	fashion_outfits	1	Use Astronaut's Costume to remodel compatible torso armor and carry its appearance into battle. One item is delivered by Black Cloud mail.
110900833	1	125000	fashion_outfits	1	Use The Dragon's Kung Fu Suit to remodel compatible torso armor and carry its appearance into battle. One item is delivered by Black Cloud mail.
110900836	1	125000	fashion_outfits	1	Use Stylish Bathrobe to remodel compatible torso armor and carry its appearance into battle. One item is delivered by Black Cloud mail.
110900839	1	125000	fashion_outfits	1	Use Mad Biker Costume to remodel compatible torso armor and carry its appearance into battle. One item is delivered by Black Cloud mail.
110900842	1	125000	fashion_outfits	1	Use Stylish Maid Outfit to remodel compatible torso armor and carry its appearance into battle. One item is delivered by Black Cloud mail.
110900855	1	125000	fashion_outfits	1	Use Dress of Light to remodel compatible torso armor and carry its appearance into battle. One item is delivered by Black Cloud mail.
110900870	1	125000	fashion_outfits	1	Use Burlesque Bunny to remodel compatible torso armor and carry its appearance into battle. One item is delivered by Black Cloud mail.
110900873	1	125000	fashion_outfits	1	Use Silkwoven Scandal to remodel compatible torso armor and carry its appearance into battle. One item is delivered by Black Cloud mail.
110900876	1	125000	fashion_outfits	1	Use Nyerkcarrier to remodel compatible torso armor and carry its appearance into battle. One item is delivered by Black Cloud mail.
110900879	1	125000	fashion_outfits	1	Use Empyrean Ink to remodel compatible torso armor and carry its appearance into battle. One item is delivered by Black Cloud mail.
110900882	1	125000	fashion_outfits	1	Use Immortal Knight's Armor to remodel compatible torso armor and carry its appearance into battle. One item is delivered by Black Cloud mail.
110900920	1	125000	fashion_outfits	1	Use Honor Guard Uniform to remodel compatible torso armor and carry its appearance into battle. One item is delivered by Black Cloud mail.
110900923	1	125000	fashion_outfits	1	Use Dashing Suit to remodel compatible torso armor and carry its appearance into battle. One item is delivered by Black Cloud mail.
110900926	1	125000	fashion_outfits	1	Use Dashing Uniform to remodel compatible torso armor and carry its appearance into battle. One item is delivered by Black Cloud mail.
110900929	1	125000	fashion_outfits	1	Use Dashing Wedding Costume to remodel compatible torso armor and carry its appearance into battle. One item is delivered by Black Cloud mail.
110900932	1	125000	fashion_outfits	1	Use Dashing Solorius Costume to remodel compatible torso armor and carry its appearance into battle. One item is delivered by Black Cloud mail.
110900949	1	125000	fashion_outfits	1	Use Breezy Summer Outfit to remodel compatible torso armor and carry its appearance into battle. One item is delivered by Black Cloud mail.
110900952	1	125000	fashion_outfits	1	Use Matador's Trappings to remodel compatible torso armor and carry its appearance into battle. One item is delivered by Black Cloud mail.
110900955	1	125000	fashion_outfits	1	Use Suave Outfit to remodel compatible torso armor and carry its appearance into battle. One item is delivered by Black Cloud mail.
110900958	1	125000	fashion_outfits	1	Use Stormbringer's Regalia to remodel compatible torso armor and carry its appearance into battle. One item is delivered by Black Cloud mail.
110900965	1	125000	fashion_outfits	1	Use Outlaw Outfit to remodel compatible torso armor and carry its appearance into battle. One item is delivered by Black Cloud mail.
110900968	1	125000	fashion_outfits	1	Use Stylish Party Outfit to remodel compatible torso armor and carry its appearance into battle. One item is delivered by Black Cloud mail.
110900971	1	125000	fashion_outfits	1	Use Ornate Butterfly Outfit to remodel compatible torso armor and carry its appearance into battle. One item is delivered by Black Cloud mail.
125040053	1	90000	fashion_headwear	1	Use Truelove Accessory to remodel compatible headgear and carry its appearance into battle. One item is delivered by Black Cloud mail.
125040054	1	90000	fashion_headwear	1	Use Truelove Waltz Hat to remodel compatible headgear and carry its appearance into battle. One item is delivered by Black Cloud mail.
125040055	1	90000	fashion_headwear	1	Use Truelove Headwear to remodel compatible headgear and carry its appearance into battle. One item is delivered by Black Cloud mail.
125040056	1	90000	fashion_headwear	1	Use Beatific Crown to remodel compatible headgear and carry its appearance into battle. One item is delivered by Black Cloud mail.
125040057	1	90000	fashion_headwear	1	Use Beatific Halo to remodel compatible headgear and carry its appearance into battle. One item is delivered by Black Cloud mail.
125040058	1	90000	fashion_headwear	1	Use Beatific Headpiece to remodel compatible headgear and carry its appearance into battle. One item is delivered by Black Cloud mail.
125040059	1	90000	fashion_headwear	1	Use Jester Hat to remodel compatible headgear and carry its appearance into battle. One item is delivered by Black Cloud mail.
125040095	1	90000	fashion_headwear	1	Use Trickster's Worg Hat to remodel compatible headgear and carry its appearance into battle. One item is delivered by Black Cloud mail.
125040096	1	90000	fashion_headwear	1	Use Trickster's Viking Helmet to remodel compatible headgear and carry its appearance into battle. One item is delivered by Black Cloud mail.
125040098	1	90000	fashion_headwear	1	Use Trickster's Airon Hat to remodel compatible headgear and carry its appearance into battle. One item is delivered by Black Cloud mail.
125040099	1	90000	fashion_headwear	1	Use Trickster's Abex Hat to remodel compatible headgear and carry its appearance into battle. One item is delivered by Black Cloud mail.
125040101	1	90000	fashion_headwear	1	Use Trickster's Daru Hat to remodel compatible headgear and carry its appearance into battle. One item is delivered by Black Cloud mail.
125040102	1	90000	fashion_headwear	1	Use Trickster's Sylphen Hat to remodel compatible headgear and carry its appearance into battle. One item is delivered by Black Cloud mail.
125040103	1	90000	fashion_headwear	1	Use Trickster's Frillneck Hat to remodel compatible headgear and carry its appearance into battle. One item is delivered by Black Cloud mail.
125040104	1	90000	fashion_headwear	1	Use Trickster's Fungie Hat to remodel compatible headgear and carry its appearance into battle. One item is delivered by Black Cloud mail.
125040105	1	90000	fashion_headwear	1	Use Trickster's Sparkie Hat to remodel compatible headgear and carry its appearance into battle. One item is delivered by Black Cloud mail.
125040106	1	90000	fashion_headwear	1	Use Trickster's Elroco Hat to remodel compatible headgear and carry its appearance into battle. One item is delivered by Black Cloud mail.
187060103	1	600000	wing_permanent	65	Equip Prestige Wings in the wing slot for its listed flight attributes and appearance. Check its level requirement before purchase.
187060136	1	600000	wing_permanent	30	Equip Gilded Steampunk Wings in the wing slot for its listed flight attributes and appearance. Check its level requirement before purchase.
187060142	1	600000	wing_permanent	30	Equip Precious Steampunk Wings in the wing slot for its listed flight attributes and appearance. Check its level requirement before purchase.
187060148	1	600000	wing_permanent	30	Equip Silvered Steampunk Wings in the wing slot for its listed flight attributes and appearance. Check its level requirement before purchase.
187060154	1	600000	wing_permanent	30	Equip Blitzbolt Wings in the wing slot for its listed flight attributes and appearance. Check its level requirement before purchase.
187060162	1	600000	wing_permanent	65	Equip Wings of Agony in the wing slot for its listed flight attributes and appearance. Check its level requirement before purchase.
187060166	1	600000	wing_permanent	65	Equip Trillirunerk's Ice Flame Feather in the wing slot for its listed flight attributes and appearance. Check its level requirement before purchase.
187060170	1	600000	wing_permanent	65	Equip Trillirunerk's Blue Flame Feather in the wing slot for its listed flight attributes and appearance. Check its level requirement before purchase.
187060176	1	600000	wing_permanent	65	Equip Strengthened Glider in the wing slot for its listed flight attributes and appearance. Check its level requirement before purchase.
164000085	1	30000	travel	1	Use Sanctum Scroll to travel to its listed return destination. Check faction, location, and any duration requirements in the item details before buying.
164000086	1	30000	travel	1	Use Verteron Citadel Scroll to travel to its listed return destination. Check faction, location, and any duration requirements in the item details before buying.
164000087	1	30000	travel	1	Use Eltnen Fortress Scroll to travel to its listed return destination. Check faction, location, and any duration requirements in the item details before buying.
164000088	1	30000	travel	1	Use New Heiron Gate Scroll to travel to its listed return destination. Check faction, location, and any duration requirements in the item details before buying.
164000089	1	30000	travel	1	Use Pandaemonium Scroll to travel to its listed return destination. Check faction, location, and any duration requirements in the item details before buying.
164000090	1	30000	travel	1	Use Altgard Fortress Scroll to travel to its listed return destination. Check faction, location, and any duration requirements in the item details before buying.
164000091	1	30000	travel	1	Use Morheim Fortress Scroll to travel to its listed return destination. Check faction, location, and any duration requirements in the item details before buying.
164000092	1	30000	travel	1	Use Beluslan Fortress Scroll to travel to its listed return destination. Check faction, location, and any duration requirements in the item details before buying.
164000093	1	30000	travel	1	Use Observatory Orb of Returning to travel to its listed return destination. Check faction, location, and any duration requirements in the item details before buying.
164000094	1	30000	travel	1	Use Orb of Return to Baltasar Hill Village to travel to its listed return destination. Check faction, location, and any duration requirements in the item details before buying.
164000097	1	30000	travel	25	Use Teminon Fortress Scroll to travel to its listed return destination. Check faction, location, and any duration requirements in the item details before buying.
164000098	1	30000	travel	25	Use Primum Fortress Scroll to travel to its listed return destination. Check faction, location, and any duration requirements in the item details before buying.
164000106	1	30000	travel	50	Use Inggison Illusion Fortress Scroll to travel to its listed return destination. Check faction, location, and any duration requirements in the item details before buying.
164000107	1	30000	travel	50	Use Gelkmaros Fortress Scroll to travel to its listed return destination. Check faction, location, and any duration requirements in the item details before buying.
164000152	1	30000	travel	1	Use Kaisinel Academy Teleport to travel to its listed return destination. Check faction, location, and any duration requirements in the item details before buying.
164000153	1	30000	travel	1	Use Marchutan Priory Teleport to travel to its listed return destination. Check faction, location, and any duration requirements in the item details before buying.
164000184	1	30000	travel	1	Use Oriel Scroll to travel to its listed return destination. Check faction, location, and any duration requirements in the item details before buying.
164000185	1	30000	travel	1	Use Pernon Scroll to travel to its listed return destination. Check faction, location, and any duration requirements in the item details before buying.
164000250	1	30000	travel	1	Use [Event] Quick-return Scroll to travel to its listed return destination. Check faction, location, and any duration requirements in the item details before buying.
164000317	1	30000	travel	1	Use Lumewillow Glade Scout Base Return Scroll to travel to its listed return destination. Check faction, location, and any duration requirements in the item details before buying.
164000318	1	30000	travel	1	Use Pinnacle Cataract Outpost Return Scroll to travel to its listed return destination. Check faction, location, and any duration requirements in the item details before buying.
164000335	1	30000	travel	10	Use Abbey Return Stone (30 days) to travel to its listed return destination. Check faction, location, and any duration requirements in the item details before buying.
164000336	1	30000	travel	10	Use Abbey Return Stone (30 days) to travel to its listed return destination. Check faction, location, and any duration requirements in the item details before buying.
164000343	1	30000	travel	1	Use Aequis Expedition Headquarters Return Scroll to travel to its listed return destination. Check faction, location, and any duration requirements in the item details before buying.
164000344	1	30000	travel	1	Use Dragonrest Temple Return Scroll to travel to its listed return destination. Check faction, location, and any duration requirements in the item details before buying.
164001006	1	30000	travel	1	Use [Legion Reward] Sanctum Scroll to travel to its listed return destination. Check faction, location, and any duration requirements in the item details before buying.
164001007	1	30000	travel	1	Use [Legion Reward] Pandaemonium Scroll to travel to its listed return destination. Check faction, location, and any duration requirements in the item details before buying.
164002007	1	30000	travel	1	Use [Event] Sanctum Scroll to travel to its listed return destination. Check faction, location, and any duration requirements in the item details before buying.
164002008	1	30000	travel	1	Use [Event] Pandaemonium Scroll to travel to its listed return destination. Check faction, location, and any duration requirements in the item details before buying.
164002020	1	30000	travel	1	Use [Event] Sanctum Scroll to travel to its listed return destination. Check faction, location, and any duration requirements in the item details before buying.
164002021	1	30000	travel	1	Use [Event] Pandaemonium Scroll to travel to its listed return destination. Check faction, location, and any duration requirements in the item details before buying.
164002039	1	150000	character_services	1	Activate Administrator's Boon – 3-Day Pass for the service duration in its name. Review the item details for the exact benefits and level restrictions.
164002040	1	300000	character_services	1	Activate Administrator's Boon – 7-Day Pass for the service duration in its name. Review the item details for the exact benefits and level restrictions.
164002041	1	500000	character_services	1	Activate Administrator's Boon – 15-Day Pass for the service duration in its name. Review the item details for the exact benefits and level restrictions.
164002042	1	30000	travel	1	Use [Event] Verteron Citadel Scroll to travel to its listed return destination. Check faction, location, and any duration requirements in the item details before buying.
164002043	1	30000	travel	1	Use [Event] Altgard Fortress Scroll to travel to its listed return destination. Check faction, location, and any duration requirements in the item details before buying.
164002050	1	30000	travel	1	Use [Event] Eltnen Fortress Scroll to travel to its listed return destination. Check faction, location, and any duration requirements in the item details before buying.
164002051	1	30000	travel	1	Use [Event] New Heiron Gate Scroll to travel to its listed return destination. Check faction, location, and any duration requirements in the item details before buying.
164002052	1	30000	travel	1	Use [Event] Observatory Orb of Returning to travel to its listed return destination. Check faction, location, and any duration requirements in the item details before buying.
164002053	1	30000	travel	1	Use [Event] Morheim Fortress Scroll to travel to its listed return destination. Check faction, location, and any duration requirements in the item details before buying.
164002054	1	30000	travel	1	Use [Event] Beluslan Fortress Scroll to travel to its listed return destination. Check faction, location, and any duration requirements in the item details before buying.
164002055	1	30000	travel	1	Use [Event] Baltasar Hill Village Return Orb to travel to its listed return destination. Check faction, location, and any duration requirements in the item details before buying.
164002182	1	30000	travel	1	Use Sanctum Instant Scroll to travel to its listed return destination. Check faction, location, and any duration requirements in the item details before buying.
164002183	1	30000	travel	1	Use Pandaemonium Instant Scroll to travel to its listed return destination. Check faction, location, and any duration requirements in the item details before buying.
164002186	1	500000	character_services	1	Activate Administrator's Boon – 30-Day Pass for the service duration in its name. Review the item details for the exact benefits and level restrictions.
164002273	1	30000	travel	1	Use Instant Return Scroll to travel to its listed return destination. Check faction, location, and any duration requirements in the item details before buying.
164002279	1	30000	travel	1	Use Lumewillow Glade Scout Base Return Scroll to travel to its listed return destination. Check faction, location, and any duration requirements in the item details before buying.
164002280	1	30000	travel	1	Use Pinnacle Cataract Outpost Return Scroll to travel to its listed return destination. Check faction, location, and any duration requirements in the item details before buying.
164020005	1	30000	travel	50	Use Return Scroll to travel to its listed return destination. Check faction, location, and any duration requirements in the item details before buying.
164020006	1	30000	travel	50	Use Return Scroll to travel to its listed return destination. Check faction, location, and any duration requirements in the item details before buying.
169630001	1	400000	storage	1	Expand your cube inventory with [Event] Expand Cube Ticket (lvl 1). The ticket applies to the tier shown in its name; check your current expansion tier before buying.
169630005	1	400000	storage	1	Expand your cube inventory with [Expand Card] Expand Cube Ticket (lvl 3). The ticket applies to the tier shown in its name; check your current expansion tier before buying.
169630008	1	400000	storage	1	Expand your cube inventory with [Expand Card] Expand Cube Ticket (lvl 4). The ticket applies to the tier shown in its name; check your current expansion tier before buying.
169640001	1	400000	storage	1	Expand your warehouse storage with [Event] Expand Warehouse Ticket (lvl 1). The ticket applies to the tier shown in its name; check your current expansion tier before buying.
169640003	1	400000	storage	1	Expand your warehouse storage with [Expand Card] Expand Warehouse Ticket (lvl 2). The ticket applies to the tier shown in its name; check your current expansion tier before buying.
169640005	1	400000	storage	1	Expand your warehouse storage with [Expand Card] Expand Warehouse Ticket (lvl 3). The ticket applies to the tier shown in its name; check your current expansion tier before buying.
169640007	1	400000	storage	1	Expand your warehouse storage with [Expand Card] Expand Warehouse Ticket (lvl 4). The ticket applies to the tier shown in its name; check your current expansion tier before buying.
169650000	1	950000	character_services	1	A Plastic Surgery Ticket for the character appearance editor. Use it when changing your character’s look; one ticket is delivered by Black Cloud mail.
169650002	1	950000	character_services	1	A Plastic Surgery Ticket for the character appearance editor. Use it when changing your character’s look; one ticket is delivered by Black Cloud mail.
169650003	1	950000	character_services	1	A Plastic Surgery Ticket for the character appearance editor. Use it when changing your character’s look; one ticket is delivered by Black Cloud mail.
169660000	1	1400000	character_services	1	A Gender Switch Ticket for the character appearance editor. One ticket is delivered by Black Cloud mail.
169661000	1	600000	character_services	1	Use Palace Exterior Remodeling Ticket to change the exterior of the matching house type. Check your house type before buying this ticket.
169661001	1	600000	character_services	1	Use Estate Exterior Remodeling Ticket to change the exterior of the matching house type. Check your house type before buying this ticket.
169661002	1	600000	character_services	1	Use Mansion Exterior Remodeling Ticket to change the exterior of the matching house type. Check your house type before buying this ticket.
169661003	1	600000	character_services	1	Use House Exterior Remodeling Ticket to change the exterior of the matching house type. Check your house type before buying this ticket.
169661004	1	600000	character_services	1	Use Palace Exterior Remodeling Ticket to change the exterior of the matching house type. Check your house type before buying this ticket.
169661005	1	600000	character_services	1	Use Estate Exterior Remodeling Ticket to change the exterior of the matching house type. Check your house type before buying this ticket.
169661006	1	600000	character_services	1	Use Mansion Exterior Remodeling Ticket to change the exterior of the matching house type. Check your house type before buying this ticket.
169661007	1	600000	character_services	1	Use House Exterior Remodeling Ticket to change the exterior of the matching house type. Check your house type before buying this ticket.
169670000	1	1400000	character_services	1	A Name Change Ticket for renaming your character through the supported name change flow. One ticket is delivered by Black Cloud mail.
169840203	1	45000	character_services	1	Apply Hair Dye: White to change your character's hair color. Check your faction and appearance options before buying.
169840204	1	45000	character_services	1	Apply Hair Dye: Black to change your character's hair color. Check your faction and appearance options before buying.
169840205	1	45000	character_services	1	Apply Hair Dye: Dark Pink to change your character's hair color. Check your faction and appearance options before buying.
169840206	1	45000	character_services	1	Apply Hair Dye: Cream to change your character's hair color. Check your faction and appearance options before buying.
169840207	1	45000	character_services	1	Apply Hair Dye: Dusty Pink to change your character's hair color. Check your faction and appearance options before buying.
169840208	1	45000	character_services	1	Apply Hair Dye: Light Yellow to change your character's hair color. Check your faction and appearance options before buying.
169840209	1	45000	character_services	1	Apply Hair Dye: Pale Green to change your character's hair color. Check your faction and appearance options before buying.
169840210	1	45000	character_services	1	Apply Hair Dye: Olive Green to change your character's hair color. Check your faction and appearance options before buying.
169840211	1	45000	character_services	1	Apply Hair Dye: Lilac to change your character's hair color. Check your faction and appearance options before buying.
169840212	1	45000	character_services	1	Apply Hair Dye: Silver to change your character's hair color. Check your faction and appearance options before buying.
169840213	1	45000	character_services	1	Apply Hair Dye: Gray to change your character's hair color. Check your faction and appearance options before buying.
169840214	1	45000	character_services	1	Apply Hair Dye: Brown to change your character's hair color. Check your faction and appearance options before buying.
169840215	1	45000	character_services	1	Apply Hair Dye: Hazy Blue to change your character's hair color. Check your faction and appearance options before buying.
169840216	1	45000	character_services	1	Apply Hair Dye: Indigo to change your character's hair color. Check your faction and appearance options before buying.
169840217	1	45000	character_services	1	Apply Hair Dye: Copper to change your character's hair color. Check your faction and appearance options before buying.
169840218	1	45000	character_services	1	Apply Hair Dye: Mauve to change your character's hair color. Check your faction and appearance options before buying.
169840219	1	45000	character_services	1	Apply Hair Dye: Maroon to change your character's hair color. Check your faction and appearance options before buying.
169840220	1	45000	character_services	1	Apply Hair Dye: Violet to change your character's hair color. Check your faction and appearance options before buying.
169840503	1	45000	character_services	1	Apply Hair Dye: White to change your character's hair color. Check your faction and appearance options before buying.
169840504	1	45000	character_services	1	Apply Hair Dye: Black to change your character's hair color. Check your faction and appearance options before buying.
169840505	1	45000	character_services	1	Apply Hair Dye: Dusky Violet to change your character's hair color. Check your faction and appearance options before buying.
169840506	1	45000	character_services	1	Apply Hair Dye: Black Violet to change your character's hair color. Check your faction and appearance options before buying.
169840507	1	45000	character_services	1	Apply Hair Dye: Dusky Maroon to change your character's hair color. Check your faction and appearance options before buying.
169840508	1	45000	character_services	1	Apply Hair Dye: Blond to change your character's hair color. Check your faction and appearance options before buying.
169840509	1	45000	character_services	1	Apply Hair Dye: True Violet to change your character's hair color. Check your faction and appearance options before buying.
169840510	1	45000	character_services	1	Apply Hair Dye: Olive Green to change your character's hair color. Check your faction and appearance options before buying.
169840511	1	45000	character_services	1	Apply Hair Dye: Lilac to change your character's hair color. Check your faction and appearance options before buying.
169840512	1	45000	character_services	1	Apply Hair Dye: Silver to change your character's hair color. Check your faction and appearance options before buying.
169840513	1	45000	character_services	1	Apply Hair Dye: Gray to change your character's hair color. Check your faction and appearance options before buying.
169840514	1	45000	character_services	1	Apply Hair Dye: Brown to change your character's hair color. Check your faction and appearance options before buying.
169840515	1	45000	character_services	1	Apply Hair Dye: Pink to change your character's hair color. Check your faction and appearance options before buying.
169840516	1	45000	character_services	1	Apply Hair Dye: Hazy Blue to change your character's hair color. Check your faction and appearance options before buying.
169840517	1	45000	character_services	1	Apply Hair Dye: Pale Blond to change your character's hair color. Check your faction and appearance options before buying.
169840518	1	45000	character_services	1	Apply Hair Dye: Copper to change your character's hair color. Check your faction and appearance options before buying.
169840519	1	45000	character_services	1	Apply Hair Dye: Dusky Indigo to change your character's hair color. Check your faction and appearance options before buying.
169840520	1	45000	character_services	1	Apply Hair Dye: Yellow to change your character's hair color. Check your faction and appearance options before buying.
169850203	1	45000	character_services	1	Apply Color Spray No. 28 to change your character's face paint color. Check your faction and appearance options before buying.
169850204	1	45000	character_services	1	Apply Color Spray No. 38 to change your character's face paint color. Check your faction and appearance options before buying.
169850205	1	45000	character_services	1	Apply Color Spray No. 17 to change your character's face paint color. Check your faction and appearance options before buying.
169850206	1	45000	character_services	1	Apply Color Spray No. 88 to change your character's face paint color. Check your faction and appearance options before buying.
169850207	1	45000	character_services	1	Apply Color Spray No. 9 to change your character's face paint color. Check your faction and appearance options before buying.
169850208	1	45000	character_services	1	Apply Color Spray No. 8 to change your character's face paint color. Check your faction and appearance options before buying.
169850209	1	45000	character_services	1	Apply Color Spray No. 5 to change your character's face paint color. Check your faction and appearance options before buying.
169850210	1	45000	character_services	1	Apply Color Spray No. 63 to change your character's face paint color. Check your faction and appearance options before buying.
169850211	1	45000	character_services	1	Apply Color Spray No. 82 to change your character's face paint color. Check your faction and appearance options before buying.
169850212	1	45000	character_services	1	Apply Color Spray No. 75 to change your character's face paint color. Check your faction and appearance options before buying.
169850213	1	45000	character_services	1	Apply Color Spray No. 44 to change your character's face paint color. Check your faction and appearance options before buying.
169850214	1	45000	character_services	1	Apply Color Spray No. 53 to change your character's face paint color. Check your faction and appearance options before buying.
169850503	1	45000	character_services	1	Apply Color Spray No. 78 to change your character's face paint color. Check your faction and appearance options before buying.
169850504	1	45000	character_services	1	Apply Color Spray No. 89 to change your character's face paint color. Check your faction and appearance options before buying.
169850505	1	45000	character_services	1	Apply Color Spray No. 79 to change your character's face paint color. Check your faction and appearance options before buying.
169850506	1	45000	character_services	1	Apply Color Spray No. 29 to change your character's face paint color. Check your faction and appearance options before buying.
169850507	1	45000	character_services	1	Apply Color Spray No. 6 to change your character's face paint color. Check your faction and appearance options before buying.
169850508	1	45000	character_services	1	Apply Color Spray No. 28 to change your character's face paint color. Check your faction and appearance options before buying.
169850509	1	45000	character_services	1	Apply Color Spray No. 2 to change your character's face paint color. Check your faction and appearance options before buying.
169850510	1	45000	character_services	1	Apply Color Spray No. 3 to change your character's face paint color. Check your faction and appearance options before buying.
169850511	1	45000	character_services	1	Apply Color Spray No. 84 to change your character's face paint color. Check your faction and appearance options before buying.
169850512	1	45000	character_services	1	Apply Color Spray No. 13 to change your character's face paint color. Check your faction and appearance options before buying.
169850513	1	45000	character_services	1	Apply Color Spray No. 12 to change your character's face paint color. Check your faction and appearance options before buying.
169850514	1	45000	character_services	1	Apply Color Spray No. 44 to change your character's face paint color. Check your faction and appearance options before buying.
187000000	1	850000	wing_permanent	30	Equip Darrinerk's Wing Feather in your wing slot. Its flight attributes and required character level appear in the item details; one permanent wing item is delivered.
187000001	1	850000	wing_permanent	40	Equip Tashunerk's Wing Feather in your wing slot. Its flight attributes and required character level appear in the item details; one permanent wing item is delivered.
187000002	1	850000	wing_permanent	30	Equip Midnight Wing Feather in your wing slot. Its flight attributes and required character level appear in the item details; one permanent wing item is delivered.
187000003	1	850000	wing_permanent	40	Equip Abyssal Wing Feather in your wing slot. Its flight attributes and required character level appear in the item details; one permanent wing item is delivered.
187000006	1	1450000	wing_permanent	50	Equip Nestor's Wing Feather in your wing slot. Its flight attributes and required character level appear in the item details; one permanent wing item is delivered.
187000007	1	1450000	wing_permanent	50	Equip Sigyn's Wing Feather in your wing slot. Its flight attributes and required character level appear in the item details; one permanent wing item is delivered.
187000008	1	1450000	wing_permanent	50	Equip Haroshunerk's Wing Feather in your wing slot. Its flight attributes and required character level appear in the item details; one permanent wing item is delivered.
187000009	1	1450000	wing_permanent	50	Equip Agony Wing Feather in your wing slot. Its flight attributes and required character level appear in the item details; one permanent wing item is delivered.
187000010	1	1450000	wing_permanent	50	Equip Haroshunerk's Noble Wing Feather in your wing slot. Its flight attributes and required character level appear in the item details; one permanent wing item is delivered.
187000011	1	1450000	wing_permanent	50	Equip Noble Agony Wing Feather in your wing slot. Its flight attributes and required character level appear in the item details; one permanent wing item is delivered.
187000012	1	850000	wing_permanent	40	Equip Daloshunerk's Noble Wing Feather in your wing slot. Its flight attributes and required character level appear in the item details; one permanent wing item is delivered.
187000013	1	850000	wing_permanent	40	Equip Noble Abyssal Wing Feather in your wing slot. Its flight attributes and required character level appear in the item details; one permanent wing item is delivered.
187000014	1	850000	wing_permanent	30	Equip Chantinerk's Wing Feather in your wing slot. Its flight attributes and required character level appear in the item details; one permanent wing item is delivered.
187000015	1	850000	wing_permanent	30	Equip Despair Wing Feather in your wing slot. Its flight attributes and required character level appear in the item details; one permanent wing item is delivered.
187000016	1	850000	wing_permanent	30	Equip Chantinerk's Noble Wing Feather in your wing slot. Its flight attributes and required character level appear in the item details; one permanent wing item is delivered.
187000017	1	850000	wing_permanent	30	Equip Noble Despair Wing Feather in your wing slot. Its flight attributes and required character level appear in the item details; one permanent wing item is delivered.
187000019	1	850000	wing_permanent	40	Equip Operative's Wings in your wing slot. Its flight attributes and required character level appear in the item details; one permanent wing item is delivered.
187000020	1	1450000	wing_permanent	50	Equip Chief Operative's Wings in your wing slot. Its flight attributes and required character level appear in the item details; one permanent wing item is delivered.
187000021	1	850000	wing_permanent	40	Equip Crusader's Wings in your wing slot. Its flight attributes and required character level appear in the item details; one permanent wing item is delivered.
187000022	1	1450000	wing_permanent	50	Equip Chief Crusader's Wings in your wing slot. Its flight attributes and required character level appear in the item details; one permanent wing item is delivered.
187000023	1	850000	wing_permanent	40	Equip Noble Operative's Wings in your wing slot. Its flight attributes and required character level appear in the item details; one permanent wing item is delivered.
187000024	1	1450000	wing_permanent	50	Equip Noble Chief Operative's Wings in your wing slot. Its flight attributes and required character level appear in the item details; one permanent wing item is delivered.
187000025	1	850000	wing_permanent	40	Equip Noble Crusader's Wings in your wing slot. Its flight attributes and required character level appear in the item details; one permanent wing item is delivered.
187000026	1	1450000	wing_permanent	50	Equip Noble Chief Crusader's Wings in your wing slot. Its flight attributes and required character level appear in the item details; one permanent wing item is delivered.
187000027	1	850000	wing_permanent	40	Equip Bold Operative's Wings in your wing slot. Its flight attributes and required character level appear in the item details; one permanent wing item is delivered.
187000028	1	1450000	wing_permanent	50	Equip Bold Chief Operative's Wings in your wing slot. Its flight attributes and required character level appear in the item details; one permanent wing item is delivered.
187000029	1	850000	wing_permanent	40	Equip Bold Crusader's Wings in your wing slot. Its flight attributes and required character level appear in the item details; one permanent wing item is delivered.
187000030	1	1450000	wing_permanent	50	Equip Bold Chief Crusader's Wings in your wing slot. Its flight attributes and required character level appear in the item details; one permanent wing item is delivered.
187000031	1	1450000	wing_permanent	50	Equip Orichalcum Key Wings in your wing slot. Its flight attributes and required character level appear in the item details; one permanent wing item is delivered.
187000032	1	1450000	wing_permanent	50	Equip Wings of The Circle in your wing slot. Its flight attributes and required character level appear in the item details; one permanent wing item is delivered.
187000033	1	1450000	wing_permanent	50	Equip Wings of The Circle in your wing slot. Its flight attributes and required character level appear in the item details; one permanent wing item is delivered.
187000034	1	1450000	wing_permanent	50	Equip Wings of The Circle in your wing slot. Its flight attributes and required character level appear in the item details; one permanent wing item is delivered.
187000035	1	850000	wing_permanent	45	Equip Yuditio's Wing Feather in your wing slot. Its flight attributes and required character level appear in the item details; one permanent wing item is delivered.
187000036	1	850000	wing_permanent	45	Equip Munin's Wing Feather in your wing slot. Its flight attributes and required character level appear in the item details; one permanent wing item is delivered.
187000037	1	1450000	wing_permanent	55	Equip Lucky Wings in your wing slot. Its flight attributes and required character level appear in the item details; one permanent wing item is delivered.
187000038	1	1450000	wing_permanent	55	Equip Lucky Wings in your wing slot. Its flight attributes and required character level appear in the item details; one permanent wing item is delivered.
187000056	1	1450000	wing_permanent	60	Equip Reian Elite Soldier's Wing in your wing slot. Its flight attributes and required character level appear in the item details; one permanent wing item is delivered.
187000057	1	1450000	wing_permanent	60	Equip Kahrun's Wing in your wing slot. Its flight attributes and required character level appear in the item details; one permanent wing item is delivered.
187000058	1	1450000	wing_permanent	60	Equip Ancient Spirit's Wings in your wing slot. Its flight attributes and required character level appear in the item details; one permanent wing item is delivered.
187000062	1	850000	wing_permanent	30	Equip Oriel Wings of Peace in your wing slot. Its flight attributes and required character level appear in the item details; one permanent wing item is delivered.
187000063	1	850000	wing_permanent	40	Equip Oriel Wings of Glory in your wing slot. Its flight attributes and required character level appear in the item details; one permanent wing item is delivered.
187000064	1	1450000	wing_permanent	50	Equip Oriel Wings of Victory in your wing slot. Its flight attributes and required character level appear in the item details; one permanent wing item is delivered.
187000065	1	1450000	wing_permanent	60	Equip Noble Oriel's Wing in your wing slot. Its flight attributes and required character level appear in the item details; one permanent wing item is delivered.
187000066	1	850000	wing_permanent	20	Equip Darina's Wing in your wing slot. Its flight attributes and required character level appear in the item details; one permanent wing item is delivered.
187000067	1	850000	wing_permanent	30	Equip Pernon Wings of Peace in your wing slot. Its flight attributes and required character level appear in the item details; one permanent wing item is delivered.
187000068	1	850000	wing_permanent	40	Equip Pernon Wings of Glory in your wing slot. Its flight attributes and required character level appear in the item details; one permanent wing item is delivered.
187000069	1	1450000	wing_permanent	50	Equip Pernon Wings of Victory in your wing slot. Its flight attributes and required character level appear in the item details; one permanent wing item is delivered.
187000070	1	1450000	wing_permanent	60	Equip Noble Pernon's Wing in your wing slot. Its flight attributes and required character level appear in the item details; one permanent wing item is delivered.
187000071	1	1450000	wing_permanent	60	Equip Ancanus' Wing Feather in your wing slot. Its flight attributes and required character level appear in the item details; one permanent wing item is delivered.
187000072	1	1450000	wing_permanent	60	Equip Skafir's Wing Feather in your wing slot. Its flight attributes and required character level appear in the item details; one permanent wing item is delivered.
187000073	1	1450000	wing_permanent	60	Equip Wing Feather of Magic in your wing slot. Its flight attributes and required character level appear in the item details; one permanent wing item is delivered.
187000074	1	1450000	wing_permanent	60	Equip Wing Feather of Fallen Angel in your wing slot. Its flight attributes and required character level appear in the item details; one permanent wing item is delivered.
187000079	1	1450000	wing_permanent	60	Equip NPC Tiamat Eternal Wings in your wing slot. Its flight attributes and required character level appear in the item details; one permanent wing item is delivered.
187000080	1	1450000	wing_permanent	60	Equip NPC Legion Fabled Wings in your wing slot. Its flight attributes and required character level appear in the item details; one permanent wing item is delivered.
187000081	1	850000	wing_permanent	30	Equip NPC Wings for Growth Support in your wing slot. Its flight attributes and required character level appear in the item details; one permanent wing item is delivered.
187000088	1	1450000	wing_permanent	50	Equip Triumphant Legion's Wings in your wing slot. Its flight attributes and required character level appear in the item details; one permanent wing item is delivered.
187000089	1	1450000	wing_permanent	50	Equip Honorable Legion's Wings in your wing slot. Its flight attributes and required character level appear in the item details; one permanent wing item is delivered.
187000090	1	1450000	wing_permanent	60	Equip Tiamat's Spectral Wings in your wing slot. Its flight attributes and required character level appear in the item details; one permanent wing item is delivered.
187000094	1	1450000	wing_permanent	60	Equip Ancient Spirit's Wings in your wing slot. Its flight attributes and required character level appear in the item details; one permanent wing item is delivered.
187000103	1	850000	wing_permanent	40	Equip APTest_Wing_C_40lv in your wing slot. Its flight attributes and required character level appear in the item details; one permanent wing item is delivered.
187000104	1	1450000	wing_permanent	60	Equip APTest_Wing_E_60lv in your wing slot. Its flight attributes and required character level appear in the item details; one permanent wing item is delivered.
187000105	1	1450000	wing_permanent	65	Equip APTest_Wing_M_65lv in your wing slot. Its flight attributes and required character level appear in the item details; one permanent wing item is delivered.
187000107	1	1450000	wing_permanent	60	Equip NPC Goldrinerk Daily Wings in your wing slot. Its flight attributes and required character level appear in the item details; one permanent wing item is delivered.
187000108	1	1450000	wing_permanent	60	Equip NPC Environment Daily Wings in your wing slot. Its flight attributes and required character level appear in the item details; one permanent wing item is delivered.
187000109	1	1450000	wing_permanent	65	Equip Courageous Silverine Wings in your wing slot. Its flight attributes and required character level appear in the item details; one permanent wing item is delivered.
187000110	1	1450000	wing_permanent	65	Equip Wise Silverine Wings in your wing slot. Its flight attributes and required character level appear in the item details; one permanent wing item is delivered.
187000113	1	1450000	wing_permanent	65	Equip Courageous Greenkeeper's Wings in your wing slot. Its flight attributes and required character level appear in the item details; one permanent wing item is delivered.
187000114	1	1450000	wing_permanent	65	Equip Wise Greenkeeper's Wings in your wing slot. Its flight attributes and required character level appear in the item details; one permanent wing item is delivered.
187000115	1	1450000	wing_permanent	65	Equip Noble Greenkeeper's Wings in your wing slot. Its flight attributes and required character level appear in the item details; one permanent wing item is delivered.
187000116	1	1450000	wing_permanent	65	Equip Smart Greenkeeper's Wings in your wing slot. Its flight attributes and required character level appear in the item details; one permanent wing item is delivered.
187000117	1	1450000	wing_permanent	60	Equip NPC Fortress Castle Lord Wings in your wing slot. Its flight attributes and required character level appear in the item details; one permanent wing item is delivered.
187000118	1	180000	wing_skins	65	A wing appearance for the wing slot. Check Silona Lord's Pinions (7 days) for its duration and flight attributes in the item details before buying.
187000120	1	1450000	wing_permanent	60	Equip NPC IU Wing in your wing slot. Its flight attributes and required character level appear in the item details; one permanent wing item is delivered.
187000121	1	1450000	wing_permanent	65	Equip Hyperion Wings in your wing slot. Its flight attributes and required character level appear in the item details; one permanent wing item is delivered.
187000122	1	1450000	wing_permanent	60	Equip NPC_Hyperion_Wing_01A in your wing slot. Its flight attributes and required character level appear in the item details; one permanent wing item is delivered.
187000123	1	1450000	wing_permanent	60	Equip NPC_Test Booster_Wing_01A in your wing slot. Its flight attributes and required character level appear in the item details; one permanent wing item is delivered.
187000126	1	850000	wing_permanent	1	Equip NPC Defense Instanced Dungeon Mythic Wings in your wing slot. Its flight attributes and required character level appear in the item details; one permanent wing item is delivered.
187000127	1	850000	wing_permanent	1	Equip NPC Defense Instanced Dungeon Hero Wings in your wing slot. Its flight attributes and required character level appear in the item details; one permanent wing item is delivered.
187000129	1	1450000	wing_permanent	65	Equip Brazen Bulwark Burster in your wing slot. Its flight attributes and required character level appear in the item details; one permanent wing item is delivered.
187000130	1	1450000	wing_permanent	65	Equip Bulwark Burster in your wing slot. Its flight attributes and required character level appear in the item details; one permanent wing item is delivered.
187000137	1	1450000	wing_permanent	60	Equip NPC Level 54 Mobile Reward Wings in your wing slot. Its flight attributes and required character level appear in the item details; one permanent wing item is delivered.
187000138	1	1450000	wing_permanent	60	Equip NPC Level 64 Mobile Reward Wings in your wing slot. Its flight attributes and required character level appear in the item details; one permanent wing item is delivered.
187000139	1	1450000	wing_permanent	60	Equip NPC General's Gallery Wings in your wing slot. Its flight attributes and required character level appear in the item details; one permanent wing item is delivered.
187000140	1	1450000	wing_permanent	60	Equip NPC Abyss Officer Wings in your wing slot. Its flight attributes and required character level appear in the item details; one permanent wing item is delivered.
187000142	1	1450000	wing_permanent	65	Equip Brilliant Gilded Feather in your wing slot. Its flight attributes and required character level appear in the item details; one permanent wing item is delivered.
187000143	1	1450000	wing_permanent	65	Equip Pure Dynatoum's Radiant Wing Feather in your wing slot. Its flight attributes and required character level appear in the item details; one permanent wing item is delivered.
187000144	1	1450000	wing_permanent	65	Equip Elite Principal's Divine Wing Feather in your wing slot. Its flight attributes and required character level appear in the item details; one permanent wing item is delivered.
187000145	1	1450000	wing_permanent	65	Equip Elite Controller's Divine Wing Feather in your wing slot. Its flight attributes and required character level appear in the item details; one permanent wing item is delivered.
187000147	1	1450000	wing_permanent	65	Equip Special Elite Emissary's Divine Wings in your wing slot. Its flight attributes and required character level appear in the item details; one permanent wing item is delivered.
187000148	1	1450000	wing_permanent	65	Equip Special Elite Ambassador's Divine Wings in your wing slot. Its flight attributes and required character level appear in the item details; one permanent wing item is delivered.
187000149	1	1450000	wing_permanent	55	Equip Wing Feather of Allure in your wing slot. Its flight attributes and required character level appear in the item details; one permanent wing item is delivered.
187000150	1	1450000	wing_permanent	60	Equip Golden Wing Feather of Allure in your wing slot. Its flight attributes and required character level appear in the item details; one permanent wing item is delivered.
187000151	1	1450000	wing_permanent	60	Equip Bright Wing Feather of Allure in your wing slot. Its flight attributes and required character level appear in the item details; one permanent wing item is delivered.
187000152	1	1450000	wing_permanent	55	Equip NPC_BeritraInstancedDungeon_WingFeather_01 in your wing slot. Its flight attributes and required character level appear in the item details; one permanent wing item is delivered.
187000153	1	1450000	wing_permanent	60	Equip NPC_RentusHard_WingFeather_01 in your wing slot. Its flight attributes and required character level appear in the item details; one permanent wing item is delivered.
187000154	1	1450000	wing_permanent	60	Equip NPC_BalaurLordHard_WingFeather_01 in your wing slot. Its flight attributes and required character level appear in the item details; one permanent wing item is delivered.
187000155	1	1450000	wing_permanent	65	Equip Brigade General Vasharti's Wings in your wing slot. Its flight attributes and required character level appear in the item details; one permanent wing item is delivered.
187000156	1	1450000	wing_permanent	65	Equip Glimmering Wing Feather of Balaur Lord in your wing slot. Its flight attributes and required character level appear in the item details; one permanent wing item is delivered.
187000157	1	1450000	wing_permanent	65	Equip Beritra's Phantom Wings in your wing slot. Its flight attributes and required character level appear in the item details; one permanent wing item is delivered.
187000158	1	1450000	wing_permanent	60	Equip Wing Feather of Rentus Recovery Squad in your wing slot. Its flight attributes and required character level appear in the item details; one permanent wing item is delivered.
187000159	1	1450000	wing_permanent	65	Equip Courageous Silverine's Wings in your wing slot. Its flight attributes and required character level appear in the item details; one permanent wing item is delivered.
187000160	1	1450000	wing_permanent	65	Equip Wise Silverine's Wings in your wing slot. Its flight attributes and required character level appear in the item details; one permanent wing item is delivered.
187000161	1	1450000	wing_permanent	65	Equip Shining Silverine's Wings in your wing slot. Its flight attributes and required character level appear in the item details; one permanent wing item is delivered.
187000162	1	1450000	wing_permanent	65	Equip Smart Silverine's Wings in your wing slot. Its flight attributes and required character level appear in the item details; one permanent wing item is delivered.
187000163	1	1450000	wing_permanent	65	Equip Courageous Wings of Purification in your wing slot. Its flight attributes and required character level appear in the item details; one permanent wing item is delivered.
187000164	1	1450000	wing_permanent	65	Equip Wise Wings of Purification in your wing slot. Its flight attributes and required character level appear in the item details; one permanent wing item is delivered.
187000165	1	1450000	wing_permanent	65	Equip Shining Wings of Purification in your wing slot. Its flight attributes and required character level appear in the item details; one permanent wing item is delivered.
187000166	1	1450000	wing_permanent	65	Equip Smart Wings of Purification in your wing slot. Its flight attributes and required character level appear in the item details; one permanent wing item is delivered.
187000167	1	1450000	wing_permanent	60	Equip NPC_Rentus_Hero_WingFeather_01 in your wing slot. Its flight attributes and required character level appear in the item details; one permanent wing item is delivered.
187000168	1	1450000	wing_permanent	65	Equip Courageous Silverine's Wings in your wing slot. Its flight attributes and required character level appear in the item details; one permanent wing item is delivered.
187000169	1	1450000	wing_permanent	65	Equip Wise Silverine's Wings in your wing slot. Its flight attributes and required character level appear in the item details; one permanent wing item is delivered.
187000170	1	1450000	wing_permanent	65	Equip Shining Silverine's Wings in your wing slot. Its flight attributes and required character level appear in the item details; one permanent wing item is delivered.
187000171	1	1450000	wing_permanent	65	Equip Smart Silverine's Wings in your wing slot. Its flight attributes and required character level appear in the item details; one permanent wing item is delivered.
187000172	1	1450000	wing_permanent	65	Equip Courageous Purity Wings in your wing slot. Its flight attributes and required character level appear in the item details; one permanent wing item is delivered.
187000173	1	1450000	wing_permanent	65	Equip Wise Purity Wings in your wing slot. Its flight attributes and required character level appear in the item details; one permanent wing item is delivered.
187000174	1	1450000	wing_permanent	65	Equip Noble Purity Wings in your wing slot. Its flight attributes and required character level appear in the item details; one permanent wing item is delivered.
187000175	1	1450000	wing_permanent	65	Equip Mind Purity Wings in your wing slot. Its flight attributes and required character level appear in the item details; one permanent wing item is delivered.
187050001	1	850000	wing_permanent	30	Equip [Event] Wing in your wing slot. Its flight attributes and required character level appear in the item details; one permanent wing item is delivered.
187050002	1	850000	wing_permanent	40	Equip [Event] Tashunerk's Bright Wing Feather in your wing slot. Its flight attributes and required character level appear in the item details; one permanent wing item is delivered.
187050003	1	850000	wing_permanent	40	Equip [Event] Dark Abyssal Wing Feather in your wing slot. Its flight attributes and required character level appear in the item details; one permanent wing item is delivered.
187050004	1	850000	wing_permanent	30	Equip [Event] Glorious Black Cloud Wing Feather in your wing slot. Its flight attributes and required character level appear in the item details; one permanent wing item is delivered.
187050005	1	850000	wing_permanent	40	Equip [Event] Tashunerk's Glowing Wing Feather in your wing slot. Its flight attributes and required character level appear in the item details; one permanent wing item is delivered.
187050006	1	850000	wing_permanent	40	Equip [Event] Shaded Abyssal Wing Feather in your wing slot. Its flight attributes and required character level appear in the item details; one permanent wing item is delivered.
187050009	1	850000	wing_permanent	40	Equip Wing Feather of Birth in your wing slot. Its flight attributes and required character level appear in the item details; one permanent wing item is delivered.
187050010	1	850000	wing_permanent	40	Equip [Event] Jet Abyssal Wing Feather in your wing slot. Its flight attributes and required character level appear in the item details; one permanent wing item is delivered.
187050013	1	850000	wing_permanent	30	Equip [Event] Soaring Wing Feather in your wing slot. Its flight attributes and required character level appear in the item details; one permanent wing item is delivered.
187050014	1	850000	wing_permanent	30	Equip [Event] Black Cloud Wing Feather V303 in your wing slot. Its flight attributes and required character level appear in the item details; one permanent wing item is delivered.
187050015	1	850000	wing_permanent	30	Equip [Event] Black Cloud Wings in your wing slot. Its flight attributes and required character level appear in the item details; one permanent wing item is delivered.
187050016	1	1450000	wing_permanent	60	Equip Glorious White Wings in your wing slot. Its flight attributes and required character level appear in the item details; one permanent wing item is delivered.
187050017	1	1450000	wing_permanent	60	Equip Invincible Black Wings in your wing slot. Its flight attributes and required character level appear in the item details; one permanent wing item is delivered.
187050018	1	1450000	wing_permanent	60	Equip Tiamat's Spectral Wings in your wing slot. Its flight attributes and required character level appear in the item details; one permanent wing item is delivered.
187050019	1	1450000	wing_permanent	60	Equip Popstar Wing Feather in your wing slot. Its flight attributes and required character level appear in the item details; one permanent wing item is delivered.
187050020	1	1450000	wing_permanent	60	Equip [Event] Dramata's Bone Wing in your wing slot. Its flight attributes and required character level appear in the item details; one permanent wing item is delivered.
187050021	1	1450000	wing_permanent	60	Equip [Event] Dramata Wings in your wing slot. Its flight attributes and required character level appear in the item details; one permanent wing item is delivered.
187050022	1	1450000	wing_permanent	60	Equip [Event] Black Angel Wings in your wing slot. Its flight attributes and required character level appear in the item details; one permanent wing item is delivered.
187050023	1	1450000	wing_permanent	60	Equip [Event] Red Angel Wings in your wing slot. Its flight attributes and required character level appear in the item details; one permanent wing item is delivered.
187050024	1	1450000	wing_permanent	60	Equip [Event] Ghostly Angel Wings in your wing slot. Its flight attributes and required character level appear in the item details; one permanent wing item is delivered.
187050025	1	1450000	wing_permanent	60	Equip [Event] White Angel Wings in your wing slot. Its flight attributes and required character level appear in the item details; one permanent wing item is delivered.
187060014	1	180000	wing_skins	30	A wing appearance for the wing slot. Check Chantinerk's Wing Feather Skin (7 days) for its duration and flight attributes in the item details before buying.
187060015	1	180000	wing_skins	30	A wing appearance for the wing slot. Check Tashunerk's Wing Feather Skin (7 days) for its duration and flight attributes in the item details before buying.
187060016	1	180000	wing_skins	30	A wing appearance for the wing slot. Check Nestor's Wing Feather Skin (7 days) for its duration and flight attributes in the item details before buying.
187060017	1	180000	wing_skins	30	A wing appearance for the wing slot. Check Noble Oriel's Wing Skin (7 days) for its duration and flight attributes in the item details before buying.
187060018	1	180000	wing_skins	30	A wing appearance for the wing slot. Check Orichalcum Key Wing Skin (7 days) for its duration and flight attributes in the item details before buying.
187060019	1	180000	wing_skins	30	A wing appearance for the wing slot. Check Ancanus' Wing Feather Skin (7 days) for its duration and flight attributes in the item details before buying.
187060020	1	180000	wing_skins	30	A wing appearance for the wing slot. Check Oriel Wings of Victory Skin (7 days) for its duration and flight attributes in the item details before buying.
187060021	1	180000	wing_skins	30	A wing appearance for the wing slot. Check Yuditio's Wing Feather Skin (7 days) for its duration and flight attributes in the item details before buying.
187060022	1	180000	wing_skins	30	A wing appearance for the wing slot. Check Haroshunerk's Wing Feather Skin (7 days) for its duration and flight attributes in the item details before buying.
187060023	1	180000	wing_skins	30	A wing appearance for the wing slot. Check Chief Operative's Wing Skin (7 days) for its duration and flight attributes in the item details before buying.
187060024	1	180000	wing_skins	30	A wing appearance for the wing slot. Check Wing Feather of Magic Skin (7 days) for its duration and flight attributes in the item details before buying.
187060025	1	180000	wing_skins	30	A wing appearance for the wing slot. Check Despair Wing Feather Skin (7 days) for its duration and flight attributes in the item details before buying.
187060026	1	180000	wing_skins	30	A wing appearance for the wing slot. Check Abyssal Wing Feather Skin (7 days) for its duration and flight attributes in the item details before buying.
187060027	1	180000	wing_skins	30	A wing appearance for the wing slot. Check Sigyn's Wing Feather Skin (7 days) for its duration and flight attributes in the item details before buying.
187060028	1	180000	wing_skins	30	A wing appearance for the wing slot. Check Noble Pernon's Wing Skin (7 days) for its duration and flight attributes in the item details before buying.
187060029	1	180000	wing_skins	30	A wing appearance for the wing slot. Check Wings of The Circle Skin (7 days) for its duration and flight attributes in the item details before buying.
187060030	1	180000	wing_skins	30	A wing appearance for the wing slot. Check Skafir's Wing Feather Skin (7 days) for its duration and flight attributes in the item details before buying.
187060031	1	180000	wing_skins	30	A wing appearance for the wing slot. Check Pernon Wings of Victory Skin (7 days) for its duration and flight attributes in the item details before buying.
187060032	1	180000	wing_skins	30	A wing appearance for the wing slot. Check Munin's Wing Feather Skin (7 days) for its duration and flight attributes in the item details before buying.
187060033	1	180000	wing_skins	30	A wing appearance for the wing slot. Check Agony Wing Feather Skin (7 days) for its duration and flight attributes in the item details before buying.
187060034	1	180000	wing_skins	30	A wing appearance for the wing slot. Check Chief Crusader's Wing Skin (7 days) for its duration and flight attributes in the item details before buying.
187060035	1	180000	wing_skins	30	A wing appearance for the wing slot. Check Wing Feather of Fallen Angel Skin (7 days) for its duration and flight attributes in the item details before buying.
187060036	1	180000	wing_skins	30	A wing appearance for the wing slot. Check Black Angel Wing Skin (7 days) for its duration and flight attributes in the item details before buying.
187060037	1	180000	wing_skins	30	A wing appearance for the wing slot. Check Red Angel Wing Skin (7 days) for its duration and flight attributes in the item details before buying.
187060038	1	180000	wing_skins	30	A wing appearance for the wing slot. Check Ghostly Angel Wing Skin (7 days) for its duration and flight attributes in the item details before buying.
187060039	1	180000	wing_skins	30	A wing appearance for the wing slot. Check White Angel Wing Skin (7 days) for its duration and flight attributes in the item details before buying.
187060040	1	180000	wing_skins	30	A wing appearance for the wing slot. Check Javirunerk's Black Cloud Wing Skin (7 days) for its duration and flight attributes in the item details before buying.
187060041	1	180000	wing_skins	30	A wing appearance for the wing slot. Check Lolarinerk's Black Cloud Wing Skin (7 days) for its duration and flight attributes in the item details before buying.
187060042	1	180000	wing_skins	30	A wing appearance for the wing slot. Check Garkbinerk's Black Cloud Wing Skin (7 days) for its duration and flight attributes in the item details before buying.
187060043	1	180000	wing_skins	30	A wing appearance for the wing slot. Check Storm Wing Skin (7 days) for its duration and flight attributes in the item details before buying.
187060044	1	180000	wing_skins	30	A wing appearance for the wing slot. Check Ancient Spirit's Wing Skin (7 days) for its duration and flight attributes in the item details before buying.
187060045	1	180000	wing_skins	30	A wing appearance for the wing slot. Check Kahrun's Wing Skin (7 days) for its duration and flight attributes in the item details before buying.
187060046	1	350000	wing_skins	30	A wing appearance for the wing slot. Check Chantinerk's Wing Feather Skin (30 days) for its duration and flight attributes in the item details before buying.
187060047	1	350000	wing_skins	30	A wing appearance for the wing slot. Check Tashunerk's Wing Feather Skin (30 days) for its duration and flight attributes in the item details before buying.
187060048	1	350000	wing_skins	30	A wing appearance for the wing slot. Check Nestor's Wing Feather Skin (30 days) for its duration and flight attributes in the item details before buying.
187060049	1	350000	wing_skins	30	A wing appearance for the wing slot. Check Noble Oriel's Wing Skin (30 days) for its duration and flight attributes in the item details before buying.
187060050	1	350000	wing_skins	30	A wing appearance for the wing slot. Check Orichalcum Key Wing Skin (30 days) for its duration and flight attributes in the item details before buying.
187060051	1	350000	wing_skins	30	A wing appearance for the wing slot. Check Ancanus' Wing Feather Skin (30 days) for its duration and flight attributes in the item details before buying.
187060052	1	350000	wing_skins	30	A wing appearance for the wing slot. Check Oriel Wings of Victory Skin (30 days) for its duration and flight attributes in the item details before buying.
187060053	1	350000	wing_skins	30	A wing appearance for the wing slot. Check Yuditio's Wing Feather Skin (30 days) for its duration and flight attributes in the item details before buying.
187060054	1	350000	wing_skins	30	A wing appearance for the wing slot. Check Haroshunerk's Wing Feather Skin (30 days) for its duration and flight attributes in the item details before buying.
187060055	1	350000	wing_skins	30	A wing appearance for the wing slot. Check Chief Operative's Wing Skin (30 days) for its duration and flight attributes in the item details before buying.
187060056	1	350000	wing_skins	30	A wing appearance for the wing slot. Check Wing Feather of Magic Skin (30 days) for its duration and flight attributes in the item details before buying.
187060057	1	350000	wing_skins	30	A wing appearance for the wing slot. Check Despair Wing Feather Skin (30 days) for its duration and flight attributes in the item details before buying.
187060058	1	350000	wing_skins	30	A wing appearance for the wing slot. Check Abyssal Wing Feather Skin (30 days) for its duration and flight attributes in the item details before buying.
187060059	1	350000	wing_skins	30	A wing appearance for the wing slot. Check Sigyn's Wing Feather Skin (30 days) for its duration and flight attributes in the item details before buying.
187060060	1	350000	wing_skins	30	A wing appearance for the wing slot. Check Noble Pernon's Wing Skin (30 days) for its duration and flight attributes in the item details before buying.
187060061	1	350000	wing_skins	30	A wing appearance for the wing slot. Check Wings of The Circle Skin (30 days) for its duration and flight attributes in the item details before buying.
187060062	1	350000	wing_skins	30	A wing appearance for the wing slot. Check Skafir's Wing Feather Skin (30 days) for its duration and flight attributes in the item details before buying.
187060063	1	350000	wing_skins	30	A wing appearance for the wing slot. Check Pernon Wings of Victory Skin (30 days) for its duration and flight attributes in the item details before buying.
187060064	1	350000	wing_skins	30	A wing appearance for the wing slot. Check Munin's Wing Feather Skin (30 days) for its duration and flight attributes in the item details before buying.
187060065	1	350000	wing_skins	30	A wing appearance for the wing slot. Check Agony Wing Feather Skin (30 days) for its duration and flight attributes in the item details before buying.
187060066	1	350000	wing_skins	30	A wing appearance for the wing slot. Check Chief Crusader's Wing Skin (30 days) for its duration and flight attributes in the item details before buying.
187060067	1	350000	wing_skins	30	A wing appearance for the wing slot. Check Wing Feather of Fallen Angel Skin (30 days) for its duration and flight attributes in the item details before buying.
187060068	1	350000	wing_skins	30	A wing appearance for the wing slot. Check Black Angel Wing Skin (30 days) for its duration and flight attributes in the item details before buying.
187060069	1	350000	wing_skins	30	A wing appearance for the wing slot. Check Red Angel Wing Skin (30 days) for its duration and flight attributes in the item details before buying.
187060070	1	350000	wing_skins	30	A wing appearance for the wing slot. Check Ghostly Angel Wing Skin (30 days) for its duration and flight attributes in the item details before buying.
187060071	1	350000	wing_skins	30	A wing appearance for the wing slot. Check White Angel Wing Skin (30 days) for its duration and flight attributes in the item details before buying.
187060072	1	350000	wing_skins	30	A wing appearance for the wing slot. Check Javirunerk's Black Cloud Wing Skin (30 days) for its duration and flight attributes in the item details before buying.
187060073	1	350000	wing_skins	30	A wing appearance for the wing slot. Check Lolarinerk's Black Cloud Wing Skin (30 days) for its duration and flight attributes in the item details before buying.
187060074	1	350000	wing_skins	30	A wing appearance for the wing slot. Check Garkbinerk's Black Cloud Wing Skin (30 days) for its duration and flight attributes in the item details before buying.
187060075	1	350000	wing_skins	30	A wing appearance for the wing slot. Check Storm Wing Skin (30 days) for its duration and flight attributes in the item details before buying.
187060076	1	350000	wing_skins	30	A wing appearance for the wing slot. Check Ancient Spirit's Wing Skin (30 days) for its duration and flight attributes in the item details before buying.
187060077	1	350000	wing_skins	30	A wing appearance for the wing slot. Check Kahrun's Wing Skin (30 days) for its duration and flight attributes in the item details before buying.
187060078	1	850000	wing_permanent	30	Equip Dramata's Wing in your wing slot. Its flight attributes and required character level appear in the item details; one permanent wing item is delivered.
187060079	1	180000	wing_skins	30	A wing appearance for the wing slot. Check Dramata's Wing Skin (7 days) for its duration and flight attributes in the item details before buying.
187060080	1	350000	wing_skins	30	A wing appearance for the wing slot. Check Dramata's Wing Skin (30 days) for its duration and flight attributes in the item details before buying.
187060081	1	850000	wing_permanent	30	Equip Dramata's Bone Wing in your wing slot. Its flight attributes and required character level appear in the item details; one permanent wing item is delivered.
187060082	1	180000	wing_skins	30	A wing appearance for the wing slot. Check Dramata's Bone Wing Skin (7 days) for its duration and flight attributes in the item details before buying.
187060083	1	350000	wing_skins	30	A wing appearance for the wing slot. Check Dramata's Bone Wing Skin (30 days) for its duration and flight attributes in the item details before buying.
187060084	1	1450000	wing_permanent	60	Equip Dramata's Wing in your wing slot. Its flight attributes and required character level appear in the item details; one permanent wing item is delivered.
187060085	1	1450000	wing_permanent	60	Equip Dramata's Bone Wing in your wing slot. Its flight attributes and required character level appear in the item details; one permanent wing item is delivered.
187060086	1	1450000	wing_permanent	60	Equip Yume's Faerie Feather in your wing slot. Its flight attributes and required character level appear in the item details; one permanent wing item is delivered.
187060087	1	1450000	wing_permanent	65	Equip Yume's Empowered Faerie Feather in your wing slot. Its flight attributes and required character level appear in the item details; one permanent wing item is delivered.
187060088	1	180000	wing_skins	10	A wing appearance for the wing slot. Check [Event] Lucky Wing Skin (7 days) for its duration and flight attributes in the item details before buying.
187060089	1	180000	wing_skins	10	A wing appearance for the wing slot. Check [Event] Unlikely Wing Skin (7 days) for its duration and flight attributes in the item details before buying.
187060090	1	180000	wing_skins	10	A wing appearance for the wing slot. Check [Event] Implausible Wing Skin (7 days) for its duration and flight attributes in the item details before buying.
187060091	1	850000	wing_permanent	30	Equip Shining Light's Wings in your wing slot. Its flight attributes and required character level appear in the item details; one permanent wing item is delivered.
187060092	1	180000	wing_skins	30	A wing appearance for the wing slot. Check Illuminated Wing Skin (7 days) for its duration and flight attributes in the item details before buying.
187060093	1	350000	wing_skins	30	A wing appearance for the wing slot. Check Illuminated Wing Skin (30 days) for its duration and flight attributes in the item details before buying.
187060094	1	850000	wing_permanent	30	Equip Splendid Light's Wings in your wing slot. Its flight attributes and required character level appear in the item details; one permanent wing item is delivered.
187060095	1	180000	wing_skins	30	A wing appearance for the wing slot. Check Craggy Azureal Wing Skin (7 days) for its duration and flight attributes in the item details before buying.
187060096	1	350000	wing_skins	30	A wing appearance for the wing slot. Check Craggy Azureal Wing Skin (30 days) for its duration and flight attributes in the item details before buying.
187060097	1	110000	wing_skins	30	A wing appearance for the wing slot. Check Splendid Light's Wings (5 hour) for its duration and flight attributes in the item details before buying.
187060098	1	110000	wing_skins	30	A wing appearance for the wing slot. Check Splendid Light's Wings (1 day) for its duration and flight attributes in the item details before buying.
187060099	1	110000	wing_skins	30	A wing appearance for the wing slot. Check Splendid Light's Wings (15 day) for its duration and flight attributes in the item details before buying.
187060100	1	110000	wing_skins	30	A wing appearance for the wing slot. Check Splendid Light's Wings (5 hour) for its duration and flight attributes in the item details before buying.
187060101	1	110000	wing_skins	30	A wing appearance for the wing slot. Check Splendid Light's Wings (1 day) for its duration and flight attributes in the item details before buying.
187060102	1	110000	wing_skins	30	A wing appearance for the wing slot. Check Splendid Light's Wings (15 day) for its duration and flight attributes in the item details before buying.
187060104	1	850000	wing_permanent	30	Equip Chantinerk's Wing Feather in your wing slot. Its flight attributes and required character level appear in the item details; one permanent wing item is delivered.
187060105	1	850000	wing_permanent	30	Equip Tashunerk's Wing Feather in your wing slot. Its flight attributes and required character level appear in the item details; one permanent wing item is delivered.
187060106	1	850000	wing_permanent	30	Equip Nestor's Wing Feather in your wing slot. Its flight attributes and required character level appear in the item details; one permanent wing item is delivered.
187060107	1	110000	wing_skins	30	A wing appearance for the wing slot. Check Noble Oriel's Wing Skin for its duration and flight attributes in the item details before buying.
187060108	1	850000	wing_permanent	30	Equip Orichalcum Key Wings in your wing slot. Its flight attributes and required character level appear in the item details; one permanent wing item is delivered.
187060109	1	850000	wing_permanent	30	Equip Ancanus' Wing Feather in your wing slot. Its flight attributes and required character level appear in the item details; one permanent wing item is delivered.
187060110	1	850000	wing_permanent	30	Equip Oriel Wings of Victory in your wing slot. Its flight attributes and required character level appear in the item details; one permanent wing item is delivered.
187060111	1	850000	wing_permanent	30	Equip Yuditio's Wing Feather in your wing slot. Its flight attributes and required character level appear in the item details; one permanent wing item is delivered.
187060112	1	850000	wing_permanent	30	Equip Haroshunerk's Wing Feather in your wing slot. Its flight attributes and required character level appear in the item details; one permanent wing item is delivered.
187060113	1	850000	wing_permanent	30	Equip Chief Operative's Wings in your wing slot. Its flight attributes and required character level appear in the item details; one permanent wing item is delivered.
187060114	1	850000	wing_permanent	30	Equip Wing Feather of Magic in your wing slot. Its flight attributes and required character level appear in the item details; one permanent wing item is delivered.
187060115	1	850000	wing_permanent	30	Equip Despair Wing Feather in your wing slot. Its flight attributes and required character level appear in the item details; one permanent wing item is delivered.
187060116	1	850000	wing_permanent	30	Equip Abyssal Wing Feather in your wing slot. Its flight attributes and required character level appear in the item details; one permanent wing item is delivered.
187060117	1	850000	wing_permanent	30	Equip Sigyn's Wing Feather in your wing slot. Its flight attributes and required character level appear in the item details; one permanent wing item is delivered.
187060118	1	850000	wing_permanent	30	Equip Noble Pernon's Wings in your wing slot. Its flight attributes and required character level appear in the item details; one permanent wing item is delivered.
187060119	1	850000	wing_permanent	30	Equip Wings of the Circle in your wing slot. Its flight attributes and required character level appear in the item details; one permanent wing item is delivered.
187060120	1	850000	wing_permanent	30	Equip Skafir's Wing Feather in your wing slot. Its flight attributes and required character level appear in the item details; one permanent wing item is delivered.
187060121	1	850000	wing_permanent	30	Equip Pernon Wings of Victory in your wing slot. Its flight attributes and required character level appear in the item details; one permanent wing item is delivered.
187060122	1	850000	wing_permanent	30	Equip Munin's Wing Feather in your wing slot. Its flight attributes and required character level appear in the item details; one permanent wing item is delivered.
187060123	1	850000	wing_permanent	30	Equip Agony Wing Feather in your wing slot. Its flight attributes and required character level appear in the item details; one permanent wing item is delivered.
187060124	1	850000	wing_permanent	30	Equip Chief Crusader's Wings in your wing slot. Its flight attributes and required character level appear in the item details; one permanent wing item is delivered.
187060125	1	850000	wing_permanent	30	Equip Wing Feather of the Fallen Angel in your wing slot. Its flight attributes and required character level appear in the item details; one permanent wing item is delivered.
187060126	1	850000	wing_permanent	30	Equip Black Angel Wings in your wing slot. Its flight attributes and required character level appear in the item details; one permanent wing item is delivered.
187060127	1	850000	wing_permanent	30	Equip Red Angel Wings in your wing slot. Its flight attributes and required character level appear in the item details; one permanent wing item is delivered.
187060128	1	850000	wing_permanent	30	Equip Ghostly Angel Wings in your wing slot. Its flight attributes and required character level appear in the item details; one permanent wing item is delivered.
187060129	1	850000	wing_permanent	30	Equip White Angel Wings in your wing slot. Its flight attributes and required character level appear in the item details; one permanent wing item is delivered.
187060130	1	850000	wing_permanent	30	Equip Javirunerk's Black Cloud Wings in your wing slot. Its flight attributes and required character level appear in the item details; one permanent wing item is delivered.
187060131	1	850000	wing_permanent	30	Equip Majestic Black Cloud Wings in your wing slot. Its flight attributes and required character level appear in the item details; one permanent wing item is delivered.
187060132	1	850000	wing_permanent	30	Equip Glorious Black Cloud Wings in your wing slot. Its flight attributes and required character level appear in the item details; one permanent wing item is delivered.
187060133	1	850000	wing_permanent	30	Equip Storm Wing Feather in your wing slot. Its flight attributes and required character level appear in the item details; one permanent wing item is delivered.
187060134	1	850000	wing_permanent	30	Equip Ancient Spirit's Wings in your wing slot. Its flight attributes and required character level appear in the item details; one permanent wing item is delivered.
187060135	1	850000	wing_permanent	30	Equip Kahrun's Wing in your wing slot. Its flight attributes and required character level appear in the item details; one permanent wing item is delivered.
187060137	1	110000	wing_skins	30	A wing appearance for the wing slot. Check Gilded Steampunk Wings (5 hours) for its duration and flight attributes in the item details before buying.
187060138	1	110000	wing_skins	30	A wing appearance for the wing slot. Check Gilded Steampunk Wings (1 day) for its duration and flight attributes in the item details before buying.
187060139	1	180000	wing_skins	30	A wing appearance for the wing slot. Check Gilded Steampunk Wings (7 days) for its duration and flight attributes in the item details before buying.
187060140	1	110000	wing_skins	30	A wing appearance for the wing slot. Check Gilded Steampunk Wings (15 days) for its duration and flight attributes in the item details before buying.
187060141	1	350000	wing_skins	30	A wing appearance for the wing slot. Check Gilded Steampunk Wings (30 days) for its duration and flight attributes in the item details before buying.
187060143	1	110000	wing_skins	30	A wing appearance for the wing slot. Check Precious Steampunk Wings (5 hours) for its duration and flight attributes in the item details before buying.
187060144	1	110000	wing_skins	30	A wing appearance for the wing slot. Check Precious Steampunk Wings (1 day) for its duration and flight attributes in the item details before buying.
187060145	1	180000	wing_skins	30	A wing appearance for the wing slot. Check Precious Steampunk Wings (7 days) for its duration and flight attributes in the item details before buying.
187060146	1	110000	wing_skins	30	A wing appearance for the wing slot. Check Precious Steampunk Wings (15 days) for its duration and flight attributes in the item details before buying.
187060147	1	350000	wing_skins	30	A wing appearance for the wing slot. Check Precious Steampunk Wings (30 days) for its duration and flight attributes in the item details before buying.
187060149	1	110000	wing_skins	30	A wing appearance for the wing slot. Check Silvered Steampunk Wings (5 hours) for its duration and flight attributes in the item details before buying.
187060150	1	110000	wing_skins	30	A wing appearance for the wing slot. Check Silvered Steampunk Wings (1 day) for its duration and flight attributes in the item details before buying.
187060151	1	180000	wing_skins	30	A wing appearance for the wing slot. Check Silvered Steampunk Wings (7 days) for its duration and flight attributes in the item details before buying.
187060152	1	110000	wing_skins	30	A wing appearance for the wing slot. Check Silvered Steampunk Wings (15 days) for its duration and flight attributes in the item details before buying.
187060153	1	350000	wing_skins	30	A wing appearance for the wing slot. Check Silvered Steampunk Wings (30 days) for its duration and flight attributes in the item details before buying.
187060156	1	110000	wing_skins	30	A wing appearance for the wing slot. Check Blitzbolt Wings (1 Day) for its duration and flight attributes in the item details before buying.
187060161	1	1450000	wing_permanent	65	Equip Blitzbolt Wings in your wing slot. Its flight attributes and required character level appear in the item details; one permanent wing item is delivered.
187060177	1	1450000	wing_permanent	65	Equip Aether Glider in your wing slot. Its flight attributes and required character level appear in the item details; one permanent wing item is delivered.
187060179	1	110000	wing_skins	30	A wing appearance for the wing slot. Check Aether Glider (1 day) for its duration and flight attributes in the item details before buying.
187060181	1	1450000	wing_permanent	65	Equip [Event] Yume's Faerie Feather in your wing slot. Its flight attributes and required character level appear in the item details; one permanent wing item is delivered.
187060182	1	850000	wing_permanent	40	Equip [Event] Yume's Sparkling Feather in your wing slot. Its flight attributes and required character level appear in the item details; one permanent wing item is delivered.
188600003	1	140000	entry_scrolls	30	Use Sulfur Tree Nest Bonus Entry Scroll to clear the matching instance entry cooldown. It grants another entry only when that instance and its entry rules are available to your character.
188600004	1	140000	entry_scrolls	30	Use Right Wing Chamber Bonus Entry Scroll to clear the matching instance entry cooldown. It grants another entry only when that instance and its entry rules are available to your character.
188600005	1	140000	entry_scrolls	30	Use Left Wing Chamber Bonus Entry Scroll to clear the matching instance entry cooldown. It grants another entry only when that instance and its entry rules are available to your character.
188600006	1	140000	entry_scrolls	40	Use Asteria Chamber Bonus Entry Scroll to clear the matching instance entry cooldown. It grants another entry only when that instance and its entry rules are available to your character.
188600007	1	140000	entry_scrolls	40	Use Chamber of Roah Bonus Entry Scroll to clear the matching instance entry cooldown. It grants another entry only when that instance and its entry rules are available to your character.
188600008	1	140000	entry_scrolls	40	Use Krotan Barracks Bonus Entry Scroll to clear the matching instance entry cooldown. It grants another entry only when that instance and its entry rules are available to your character.
188600009	1	140000	entry_scrolls	40	Use Kysis Barracks Bonus Entry Scroll to clear the matching instance entry cooldown. It grants another entry only when that instance and its entry rules are available to your character.
188600010	1	140000	entry_scrolls	40	Use Miren Barracks Bonus Entry Scroll to clear the matching instance entry cooldown. It grants another entry only when that instance and its entry rules are available to your character.
188600011	1	140000	entry_scrolls	50	Use Abyssal Splinter Bonus Entry Scroll to clear the matching instance entry cooldown. It grants another entry only when that instance and its entry rules are available to your character.
188600012	1	140000	entry_scrolls	16	Use Haramel Bonus Entry Scroll to clear the matching instance entry cooldown. It grants another entry only when that instance and its entry rules are available to your character.
188600013	1	140000	entry_scrolls	37	Use Kromede's Trial Bonus Entry Scroll to clear the matching instance entry cooldown. It grants another entry only when that instance and its entry rules are available to your character.
188600014	1	140000	entry_scrolls	51	Use Taloc's Hollow Bonus Entry Scroll to clear the matching instance entry cooldown. It grants another entry only when that instance and its entry rules are available to your character.
188600015	1	140000	entry_scrolls	25	Use Nochsana Training Camp Bonus Entry Scroll to clear the matching instance entry cooldown. It grants another entry only when that instance and its entry rules are available to your character.
188600016	1	140000	entry_scrolls	39	Use Draupnir Cave Bonus Entry Scroll to clear the matching instance entry cooldown. It grants another entry only when that instance and its entry rules are available to your character.
188600017	1	140000	entry_scrolls	40	Use Steel Rake Bonus Entry Scroll to clear the matching instance entry cooldown. It grants another entry only when that instance and its entry rules are available to your character.
188600018	1	140000	entry_scrolls	41	Use Indratu Fortress Bonus Entry Scroll to clear the matching instance entry cooldown. It grants another entry only when that instance and its entry rules are available to your character.
188600019	1	140000	entry_scrolls	46	Use Theobomos Lab Bonus Entry Scroll to clear the matching instance entry cooldown. It grants another entry only when that instance and its entry rules are available to your character.
188600020	1	140000	entry_scrolls	46	Use Adma Stronghold Bonus Entry Scroll to clear the matching instance entry cooldown. It grants another entry only when that instance and its entry rules are available to your character.
188600021	1	140000	entry_scrolls	50	Use Dark Poeta Bonus Entry Scroll to clear the matching instance entry cooldown. It grants another entry only when that instance and its entry rules are available to your character.
188600022	1	140000	entry_scrolls	51	Use Udas Temple Bonus Entry Scroll to clear the matching instance entry cooldown. It grants another entry only when that instance and its entry rules are available to your character.
188600023	1	140000	entry_scrolls	51	Use Lower Udas Temple Bonus Entry Scroll to clear the matching instance entry cooldown. It grants another entry only when that instance and its entry rules are available to your character.
188600024	1	140000	entry_scrolls	53	Use Beshmundir Temple Bonus Entry Scroll to clear the matching instance entry cooldown. It grants another entry only when that instance and its entry rules are available to your character.
188600050	1	140000	entry_scrolls	1	Use Esoterrace Bonus Entry Scroll to clear the matching instance entry cooldown. It grants another entry only when that instance and its entry rules are available to your character.
188600051	1	140000	entry_scrolls	1	Use Empyrean Crucible Bonus Entry Scroll to clear the matching instance entry cooldown. It grants another entry only when that instance and its entry rules are available to your character.
188600052	1	140000	entry_scrolls	1	Use Crucible Challenge Bonus Entry Scroll to clear the matching instance entry cooldown. It grants another entry only when that instance and its entry rules are available to your character.
188600053	1	140000	entry_scrolls	1	Use Crucible Coliseum: Arena of Chaos Bonus Entry Scroll to clear the matching instance entry cooldown. It grants another entry only when that instance and its entry rules are available to your character.
188600054	1	140000	entry_scrolls	1	Use Crucible Coliseum: Arena of Discipline Bonus Entry Scroll to clear the matching instance entry cooldown. It grants another entry only when that instance and its entry rules are available to your character.
188600055	1	140000	entry_scrolls	1	Use Fire Temple Bonus Entry Scroll to clear the matching instance entry cooldown. It grants another entry only when that instance and its entry rules are available to your character.
188600059	1	140000	entry_scrolls	40	Use Steel Rake Cabin Bonus Entry Scroll to clear the matching instance entry cooldown. It grants another entry only when that instance and its entry rules are available to your character.
188600071	1	140000	entry_scrolls	57	Use Elementis Forest Bonus Entry Scroll to clear the matching instance entry cooldown. It grants another entry only when that instance and its entry rules are available to your character.
188600072	1	140000	entry_scrolls	57	Use Argent Manor Bonus Entry Scroll to clear the matching instance entry cooldown. It grants another entry only when that instance and its entry rules are available to your character.
188600073	1	140000	entry_scrolls	59	Use Rentus Base Bonus Entry Scroll to clear the matching instance entry cooldown. It grants another entry only when that instance and its entry rules are available to your character.
188600074	1	140000	entry_scrolls	55	Use Aturam Sky Fortress Bonus Entry Scroll to clear the matching instance entry cooldown. It grants another entry only when that instance and its entry rules are available to your character.
188600075	1	140000	entry_scrolls	56	Use Raksang Bonus Entry Scroll to clear the matching instance entry cooldown. It grants another entry only when that instance and its entry rules are available to your character.
188600076	1	140000	entry_scrolls	57	Use Muada's Trencher Bonus Entry Scroll to clear the matching instance entry cooldown. It grants another entry only when that instance and its entry rules are available to your character.
188600077	1	140000	entry_scrolls	56	Use Terath Dredgion Bonus Entry Scroll to clear the matching instance entry cooldown. It grants another entry only when that instance and its entry rules are available to your character.
188600091	1	140000	entry_scrolls	55	Use Padmarashka's Cave Bonus Entry Scroll to clear the matching instance entry cooldown. It grants another entry only when that instance and its entry rules are available to your character.
188600093	1	140000	entry_scrolls	46	Use Dredgion Bonus Entry Scroll to clear the matching instance entry cooldown. It grants another entry only when that instance and its entry rules are available to your character.
188600094	1	140000	entry_scrolls	51	Use Chantra Dredgion Bonus Entry Scroll to clear the matching instance entry cooldown. It grants another entry only when that instance and its entry rules are available to your character.
188600184	1	140000	entry_scrolls	16	Use Special Haramel Bonus Entry Scroll to clear the matching instance entry cooldown. It grants another entry only when that instance and its entry rules are available to your character.
188600185	1	140000	entry_scrolls	25	Use Special Nochsana Training Camp Bonus Entry Scroll to clear the matching instance entry cooldown. It grants another entry only when that instance and its entry rules are available to your character.
188600186	1	140000	entry_scrolls	37	Use Special Kromede's Trial Bonus Entry Scroll to clear the matching instance entry cooldown. It grants another entry only when that instance and its entry rules are available to your character.
188600187	1	140000	entry_scrolls	40	Use Special Steel Rake Bonus Entry Scroll to clear the matching instance entry cooldown. It grants another entry only when that instance and its entry rules are available to your character.
188600188	1	140000	entry_scrolls	39	Use Special Draupnir Cave Bonus Entry Scroll to clear the matching instance entry cooldown. It grants another entry only when that instance and its entry rules are available to your character.
188600189	1	140000	entry_scrolls	48	Use Special Dark Poeta Bonus Entry Scroll to clear the matching instance entry cooldown. It grants another entry only when that instance and its entry rules are available to your character.
188600190	1	140000	entry_scrolls	46	Use Special Theobomos Lab Bonus Entry Scroll to clear the matching instance entry cooldown. It grants another entry only when that instance and its entry rules are available to your character.
188600191	1	140000	entry_scrolls	46	Use Special Adma Stronghold Bonus Entry Scroll to clear the matching instance entry cooldown. It grants another entry only when that instance and its entry rules are available to your character.
188600192	1	140000	entry_scrolls	40	Use Special Steel Rake Cabin Bonus Entry Scroll to clear the matching instance entry cooldown. It grants another entry only when that instance and its entry rules are available to your character.
188600193	1	140000	entry_scrolls	16	Use Lv. 16 - 40 Optional Bonus Entry Scroll to clear the matching instance entry cooldown. It grants another entry only when that instance and its entry rules are available to your character.
188600194	1	140000	entry_scrolls	41	Use Lv. 41 - 50 Optional Bonus Entry Scroll to clear the matching instance entry cooldown. It grants another entry only when that instance and its entry rules are available to your character.
188600195	1	140000	entry_scrolls	51	Use Lv. 51 - 55 Optional Bonus Entry Scroll to clear the matching instance entry cooldown. It grants another entry only when that instance and its entry rules are available to your character.
188600196	1	140000	entry_scrolls	56	Use Lv. 56 - 60 Optional Bonus Entry Scroll to clear the matching instance entry cooldown. It grants another entry only when that instance and its entry rules are available to your character.
188600197	1	140000	entry_scrolls	30	Use Optional Bonus Entry Scroll for the Novice's Treasure Room to clear the matching instance entry cooldown. It grants another entry only when that instance and its entry rules are available to your character.
188600198	1	140000	entry_scrolls	40	Use Optional Bonus Entry Scroll for the Expert's Treasure Room to clear the matching instance entry cooldown. It grants another entry only when that instance and its entry rules are available to your character.
188600199	1	140000	entry_scrolls	55	Use Shugo Imperial Tomb Bonus Entry Scroll to clear the matching instance entry cooldown. It grants another entry only when that instance and its entry rules are available to your character.
188600200	1	140000	entry_scrolls	60	Use Tiamat Stronghold Bonus Entry Scroll to clear the matching instance entry cooldown. It grants another entry only when that instance and its entry rules are available to your character.
188600202	1	140000	entry_scrolls	60	Use Dragon Lord's Refuge Bonus Entry Scroll to clear the matching instance entry cooldown. It grants another entry only when that instance and its entry rules are available to your character.
188600204	1	140000	entry_scrolls	60	Use Unstable Abyssal Splinter Bonus Entry Scroll to clear the matching instance entry cooldown. It grants another entry only when that instance and its entry rules are available to your character.
188600206	1	140000	entry_scrolls	60	Use Rukibuki Circus Troupe Bonus Entry Scroll to clear the matching instance entry cooldown. It grants another entry only when that instance and its entry rules are available to your character.
188600235	1	140000	entry_scrolls	60	Use Danuar Reliquary Bonus Entry Scroll to clear the matching instance entry cooldown. It grants another entry only when that instance and its entry rules are available to your character.
188600237	1	140000	entry_scrolls	60	Use Infinity Shard Bonus Entry Scroll to clear the matching instance entry cooldown. It grants another entry only when that instance and its entry rules are available to your character.
188600241	1	140000	entry_scrolls	60	Use Nightmare Circus Bonus Entry Scroll to clear the matching instance entry cooldown. It grants another entry only when that instance and its entry rules are available to your character.
188600244	1	140000	entry_scrolls	65	Use Danuar Sanctuary Bonus Entry Scroll to clear the matching instance entry cooldown. It grants another entry only when that instance and its entry rules are available to your character.
188600246	1	140000	entry_scrolls	65	Use Ophidan Bridge Bonus Entry Scroll to clear the matching instance entry cooldown. It grants another entry only when that instance and its entry rules are available to your character.
188600248	1	140000	entry_scrolls	65	Use The Eternal Bastion Bonus Entry Scroll to clear the matching instance entry cooldown. It grants another entry only when that instance and its entry rules are available to your character.
188600250	1	140000	entry_scrolls	65	Use Sauro Supply Base Bonus Entry Scroll to clear the matching instance entry cooldown. It grants another entry only when that instance and its entry rules are available to your character.
188600252	1	140000	entry_scrolls	51	Use Level 51 - 60 General Bonus Entry Scroll to clear the matching instance entry cooldown. It grants another entry only when that instance and its entry rules are available to your character.
188600253	1	140000	entry_scrolls	16	Use Level 16 - 50 General Bonus Entry Scroll to clear the matching instance entry cooldown. It grants another entry only when that instance and its entry rules are available to your character.
188600254	1	140000	entry_scrolls	30	Use Novice's Treasure Room Bonus Entry Scroll to clear the matching instance entry cooldown. It grants another entry only when that instance and its entry rules are available to your character.
188600255	1	140000	entry_scrolls	40	Use Expert's Treasure Room Bonus Entry Scroll to clear the matching instance entry cooldown. It grants another entry only when that instance and its entry rules are available to your character.
188600267	1	140000	entry_scrolls	65	Use Illuminary Obelisk Bonus Entry Scroll to clear the matching instance entry cooldown. It grants another entry only when that instance and its entry rules are available to your character.
188600283	1	140000	entry_scrolls	60	Use Danuar Mysticarium Bonus Entry Scroll to clear the matching instance entry cooldown. It grants another entry only when that instance and its entry rules are available to your character.
188600284	1	140000	entry_scrolls	60	Use Void Cube Bonus Entry Scroll to clear the matching instance entry cooldown. It grants another entry only when that instance and its entry rules are available to your character.
188600285	1	140000	entry_scrolls	60	Use Idgel Research Center Bonus Entry Scroll to clear the matching instance entry cooldown. It grants another entry only when that instance and its entry rules are available to your character.
188600291	1	140000	entry_scrolls	65	Use Linkgate Foundry Bonus Entry Scroll to clear the matching instance entry cooldown. It grants another entry only when that instance and its entry rules are available to your character.
188600295	1	140000	entry_scrolls	65	Use Idgel Dome Bonus Entry Scroll to clear the matching instance entry cooldown. It grants another entry only when that instance and its entry rules are available to your character.
188600306	1	140000	entry_scrolls	65	Use Eternal Bastion Bonus Entry Scroll to clear the matching instance entry cooldown. It grants another entry only when that instance and its entry rules are available to your character.
188600308	1	140000	entry_scrolls	40	Use Shugo Emperor's Vault Bonus Entry Scroll to clear the matching instance entry cooldown. It grants another entry only when that instance and its entry rules are available to your character.
188600312	1	140000	entry_scrolls	65	Use Seized Danuar Sanctuary Bonus Entry Scroll to clear the matching instance entry cooldown. It grants another entry only when that instance and its entry rules are available to your character.
188600320	1	140000	entry_scrolls	65	Use Drakenspire Depths Bonus Entry Scroll to clear the matching instance entry cooldown. It grants another entry only when that instance and its entry rules are available to your character.
188600324	1	140000	entry_scrolls	60	Use Raksang Ruins Bonus Entry Scroll to clear the matching instance entry cooldown. It grants another entry only when that instance and its entry rules are available to your character.
188600328	1	140000	entry_scrolls	65	Use Occupied Rentus Base Bonus Entry Scroll to clear the matching instance entry cooldown. It grants another entry only when that instance and its entry rules are available to your character.
188600332	1	140000	entry_scrolls	65	Use Stonespear Siege Bonus Entry Scroll to clear the matching instance entry cooldown. It grants another entry only when that instance and its entry rules are available to your character.
188600336	1	140000	entry_scrolls	65	Use Anguished Dragon Lord's Refuge Bonus Entry Scroll to clear the matching instance entry cooldown. It grants another entry only when that instance and its entry rules are available to your character.
164002192	1	250000	summoned_npcs	1	Use on the ground to summon a trade broker for your character for 5 minutes. Elyos item. One summoning stone is delivered.
164002193	1	350000	summoned_npcs	1	Use on the ground to summon a trade broker for your group for 5 minutes. Elyos item. One summoning stone is delivered.
164002194	1	250000	summoned_npcs	1	Use on the ground to summon a trade broker for your character for 5 minutes. Asmodian item. One summoning stone is delivered.
164002195	1	350000	summoned_npcs	1	Use on the ground to summon a trade broker for your group for 5 minutes. Asmodian item. One summoning stone is delivered.
164002196	1	250000	summoned_npcs	1	Use on the ground to summon a general goods merchant for your character for 5 minutes. Elyos item. One summoning stone is delivered.
164002197	1	350000	summoned_npcs	1	Use on the ground to summon a general goods merchant for your group for 5 minutes. Elyos item. One summoning stone is delivered.
164002198	1	250000	summoned_npcs	1	Use on the ground to summon a general goods merchant for your character for 5 minutes. Asmodian item. One summoning stone is delivered.
164002199	1	350000	summoned_npcs	1	Use on the ground to summon a general goods merchant for your group for 5 minutes. Asmodian item. One summoning stone is delivered.
164002201	1	350000	summoned_npcs	1	Use on the ground to summon a warehouse manager for your group for 5 minutes. One summoning stone is delivered.
166000001	5	1000	upgrade_stones	1	Use L1 Enchantment Stone to attempt an enchantment on compatible equipment. Success depends on the target and server rates; it is not guaranteed. 5 stones per offer.
166000002	5	1000	upgrade_stones	1	Use L2 Enchantment Stone to attempt an enchantment on compatible equipment. Success depends on the target and server rates; it is not guaranteed. 5 stones per offer.
166000003	5	1000	upgrade_stones	1	Use L3 Enchantment Stone to attempt an enchantment on compatible equipment. Success depends on the target and server rates; it is not guaranteed. 5 stones per offer.
166000004	5	1000	upgrade_stones	1	Use L4 Enchantment Stone to attempt an enchantment on compatible equipment. Success depends on the target and server rates; it is not guaranteed. 5 stones per offer.
166000005	5	1000	upgrade_stones	1	Use L5 Enchantment Stone to attempt an enchantment on compatible equipment. Success depends on the target and server rates; it is not guaranteed. 5 stones per offer.
166000006	5	1000	upgrade_stones	1	Use L6 Enchantment Stone to attempt an enchantment on compatible equipment. Success depends on the target and server rates; it is not guaranteed. 5 stones per offer.
166000007	5	1000	upgrade_stones	1	Use L7 Enchantment Stone to attempt an enchantment on compatible equipment. Success depends on the target and server rates; it is not guaranteed. 5 stones per offer.
166000008	5	1000	upgrade_stones	1	Use L8 Enchantment Stone to attempt an enchantment on compatible equipment. Success depends on the target and server rates; it is not guaranteed. 5 stones per offer.
166000009	5	1000	upgrade_stones	1	Use L9 Enchantment Stone to attempt an enchantment on compatible equipment. Success depends on the target and server rates; it is not guaranteed. 5 stones per offer.
166000010	5	1000	upgrade_stones	1	Use L10 Enchantment Stone to attempt an enchantment on compatible equipment. Success depends on the target and server rates; it is not guaranteed. 5 stones per offer.
166000011	5	1000	upgrade_stones	1	Use L11 Enchantment Stone to attempt an enchantment on compatible equipment. Success depends on the target and server rates; it is not guaranteed. 5 stones per offer.
166000012	5	5000	upgrade_stones	1	Use L12 Enchantment Stone to attempt an enchantment on compatible equipment. Success depends on the target and server rates; it is not guaranteed. 5 stones per offer.
166000013	5	5000	upgrade_stones	1	Use L13 Enchantment Stone to attempt an enchantment on compatible equipment. Success depends on the target and server rates; it is not guaranteed. 5 stones per offer.
166000014	5	5000	upgrade_stones	1	Use L14 Enchantment Stone to attempt an enchantment on compatible equipment. Success depends on the target and server rates; it is not guaranteed. 5 stones per offer.
166000015	5	5000	upgrade_stones	1	Use L15 Enchantment Stone to attempt an enchantment on compatible equipment. Success depends on the target and server rates; it is not guaranteed. 5 stones per offer.
166000016	5	5000	upgrade_stones	1	Use L16 Enchantment Stone to attempt an enchantment on compatible equipment. Success depends on the target and server rates; it is not guaranteed. 5 stones per offer.
166000017	5	10000	upgrade_stones	1	Use L17 Enchantment Stone to attempt an enchantment on compatible equipment. Success depends on the target and server rates; it is not guaranteed. 5 stones per offer.
166000018	5	10000	upgrade_stones	1	Use L18 Enchantment Stone to attempt an enchantment on compatible equipment. Success depends on the target and server rates; it is not guaranteed. 5 stones per offer.
166000019	5	10000	upgrade_stones	1	Use L19 Enchantment Stone to attempt an enchantment on compatible equipment. Success depends on the target and server rates; it is not guaranteed. 5 stones per offer.
166000020	5	15000	upgrade_stones	1	Use L20 Enchantment Stone to attempt an enchantment on compatible equipment. Success depends on the target and server rates; it is not guaranteed. 5 stones per offer.
166000021	5	15000	upgrade_stones	1	Use L21 Enchantment Stone to attempt an enchantment on compatible equipment. Success depends on the target and server rates; it is not guaranteed. 5 stones per offer.
166000022	5	15000	upgrade_stones	2	Use L22 Enchantment Stone to attempt an enchantment on compatible equipment. Success depends on the target and server rates; it is not guaranteed. 5 stones per offer.
166000023	5	20000	upgrade_stones	3	Use L23 Enchantment Stone to attempt an enchantment on compatible equipment. Success depends on the target and server rates; it is not guaranteed. 5 stones per offer.
166000024	5	20000	upgrade_stones	4	Use L24 Enchantment Stone to attempt an enchantment on compatible equipment. Success depends on the target and server rates; it is not guaranteed. 5 stones per offer.
166000025	5	25000	upgrade_stones	5	Use L25 Enchantment Stone to attempt an enchantment on compatible equipment. Success depends on the target and server rates; it is not guaranteed. 5 stones per offer.
166000026	5	30000	upgrade_stones	6	Use L26 Enchantment Stone to attempt an enchantment on compatible equipment. Success depends on the target and server rates; it is not guaranteed. 5 stones per offer.
166000027	5	30000	upgrade_stones	7	Use L27 Enchantment Stone to attempt an enchantment on compatible equipment. Success depends on the target and server rates; it is not guaranteed. 5 stones per offer.
166000028	5	35000	upgrade_stones	8	Use L28 Enchantment Stone to attempt an enchantment on compatible equipment. Success depends on the target and server rates; it is not guaranteed. 5 stones per offer.
166000029	5	40000	upgrade_stones	9	Use L29 Enchantment Stone to attempt an enchantment on compatible equipment. Success depends on the target and server rates; it is not guaranteed. 5 stones per offer.
166000030	5	45000	upgrade_stones	10	Use L30 Enchantment Stone to attempt an enchantment on compatible equipment. Success depends on the target and server rates; it is not guaranteed. 5 stones per offer.
166000031	5	50000	upgrade_stones	11	Use L31 Enchantment Stone to attempt an enchantment on compatible equipment. Success depends on the target and server rates; it is not guaranteed. 5 stones per offer.
166000032	5	50000	upgrade_stones	12	Use L32 Enchantment Stone to attempt an enchantment on compatible equipment. Success depends on the target and server rates; it is not guaranteed. 5 stones per offer.
166000033	5	55000	upgrade_stones	13	Use L33 Enchantment Stone to attempt an enchantment on compatible equipment. Success depends on the target and server rates; it is not guaranteed. 5 stones per offer.
166000034	5	65000	upgrade_stones	14	Use L34 Enchantment Stone to attempt an enchantment on compatible equipment. Success depends on the target and server rates; it is not guaranteed. 5 stones per offer.
166000035	5	70000	upgrade_stones	15	Use L35 Enchantment Stone to attempt an enchantment on compatible equipment. Success depends on the target and server rates; it is not guaranteed. 5 stones per offer.
166000036	5	75000	upgrade_stones	16	Use L36 Enchantment Stone to attempt an enchantment on compatible equipment. Success depends on the target and server rates; it is not guaranteed. 5 stones per offer.
166000037	5	80000	upgrade_stones	17	Use L37 Enchantment Stone to attempt an enchantment on compatible equipment. Success depends on the target and server rates; it is not guaranteed. 5 stones per offer.
166000038	5	90000	upgrade_stones	18	Use L38 Enchantment Stone to attempt an enchantment on compatible equipment. Success depends on the target and server rates; it is not guaranteed. 5 stones per offer.
166000039	5	95000	upgrade_stones	19	Use L39 Enchantment Stone to attempt an enchantment on compatible equipment. Success depends on the target and server rates; it is not guaranteed. 5 stones per offer.
166000040	5	100000	upgrade_stones	20	Use L40 Enchantment Stone to attempt an enchantment on compatible equipment. Success depends on the target and server rates; it is not guaranteed. 5 stones per offer.
166000041	5	110000	upgrade_stones	21	Use L41 Enchantment Stone to attempt an enchantment on compatible equipment. Success depends on the target and server rates; it is not guaranteed. 5 stones per offer.
166000042	5	120000	upgrade_stones	22	Use L42 Enchantment Stone to attempt an enchantment on compatible equipment. Success depends on the target and server rates; it is not guaranteed. 5 stones per offer.
166000043	5	125000	upgrade_stones	23	Use L43 Enchantment Stone to attempt an enchantment on compatible equipment. Success depends on the target and server rates; it is not guaranteed. 5 stones per offer.
166000044	5	135000	upgrade_stones	24	Use L44 Enchantment Stone to attempt an enchantment on compatible equipment. Success depends on the target and server rates; it is not guaranteed. 5 stones per offer.
166000045	5	145000	upgrade_stones	25	Use L45 Enchantment Stone to attempt an enchantment on compatible equipment. Success depends on the target and server rates; it is not guaranteed. 5 stones per offer.
166000046	5	155000	upgrade_stones	26	Use L46 Enchantment Stone to attempt an enchantment on compatible equipment. Success depends on the target and server rates; it is not guaranteed. 5 stones per offer.
166000047	5	165000	upgrade_stones	27	Use L47 Enchantment Stone to attempt an enchantment on compatible equipment. Success depends on the target and server rates; it is not guaranteed. 5 stones per offer.
166000048	5	175000	upgrade_stones	28	Use L48 Enchantment Stone to attempt an enchantment on compatible equipment. Success depends on the target and server rates; it is not guaranteed. 5 stones per offer.
166000049	5	190000	upgrade_stones	29	Use L49 Enchantment Stone to attempt an enchantment on compatible equipment. Success depends on the target and server rates; it is not guaranteed. 5 stones per offer.
166000051	5	210000	upgrade_stones	31	Use L51 Enchantment Stone to attempt an enchantment on compatible equipment. Success depends on the target and server rates; it is not guaranteed. 5 stones per offer.
166000052	5	225000	upgrade_stones	32	Use L52 Enchantment Stone to attempt an enchantment on compatible equipment. Success depends on the target and server rates; it is not guaranteed. 5 stones per offer.
166000053	5	240000	upgrade_stones	33	Use L53 Enchantment Stone to attempt an enchantment on compatible equipment. Success depends on the target and server rates; it is not guaranteed. 5 stones per offer.
166000054	5	250000	upgrade_stones	34	Use L54 Enchantment Stone to attempt an enchantment on compatible equipment. Success depends on the target and server rates; it is not guaranteed. 5 stones per offer.
166000055	5	265000	upgrade_stones	35	Use L55 Enchantment Stone to attempt an enchantment on compatible equipment. Success depends on the target and server rates; it is not guaranteed. 5 stones per offer.
166000056	5	280000	upgrade_stones	36	Use L56 Enchantment Stone to attempt an enchantment on compatible equipment. Success depends on the target and server rates; it is not guaranteed. 5 stones per offer.
166000057	5	295000	upgrade_stones	37	Use L57 Enchantment Stone to attempt an enchantment on compatible equipment. Success depends on the target and server rates; it is not guaranteed. 5 stones per offer.
166000058	5	310000	upgrade_stones	38	Use L58 Enchantment Stone to attempt an enchantment on compatible equipment. Success depends on the target and server rates; it is not guaranteed. 5 stones per offer.
166000059	5	330000	upgrade_stones	39	Use L59 Enchantment Stone to attempt an enchantment on compatible equipment. Success depends on the target and server rates; it is not guaranteed. 5 stones per offer.
166000060	5	345000	upgrade_stones	40	Use L60 Enchantment Stone to attempt an enchantment on compatible equipment. Success depends on the target and server rates; it is not guaranteed. 5 stones per offer.
166000061	5	365000	upgrade_stones	41	Use L61 Enchantment Stone to attempt an enchantment on compatible equipment. Success depends on the target and server rates; it is not guaranteed. 5 stones per offer.
166000062	5	380000	upgrade_stones	42	Use L62 Enchantment Stone to attempt an enchantment on compatible equipment. Success depends on the target and server rates; it is not guaranteed. 5 stones per offer.
166000063	5	400000	upgrade_stones	43	Use L63 Enchantment Stone to attempt an enchantment on compatible equipment. Success depends on the target and server rates; it is not guaranteed. 5 stones per offer.
166000064	5	420000	upgrade_stones	44	Use L64 Enchantment Stone to attempt an enchantment on compatible equipment. Success depends on the target and server rates; it is not guaranteed. 5 stones per offer.
166000065	5	440000	upgrade_stones	45	Use L65 Enchantment Stone to attempt an enchantment on compatible equipment. Success depends on the target and server rates; it is not guaranteed. 5 stones per offer.
166000066	5	460000	upgrade_stones	46	Use L66 Enchantment Stone to attempt an enchantment on compatible equipment. Success depends on the target and server rates; it is not guaranteed. 5 stones per offer.
166000067	5	480000	upgrade_stones	47	Use L67 Enchantment Stone to attempt an enchantment on compatible equipment. Success depends on the target and server rates; it is not guaranteed. 5 stones per offer.
166000068	5	505000	upgrade_stones	48	Use L68 Enchantment Stone to attempt an enchantment on compatible equipment. Success depends on the target and server rates; it is not guaranteed. 5 stones per offer.
166000069	5	525000	upgrade_stones	49	Use L69 Enchantment Stone to attempt an enchantment on compatible equipment. Success depends on the target and server rates; it is not guaranteed. 5 stones per offer.
166000071	5	575000	upgrade_stones	51	Use L71 Enchantment Stone to attempt an enchantment on compatible equipment. Success depends on the target and server rates; it is not guaranteed. 5 stones per offer.
166000072	5	595000	upgrade_stones	52	Use L72 Enchantment Stone to attempt an enchantment on compatible equipment. Success depends on the target and server rates; it is not guaranteed. 5 stones per offer.
166000073	5	620000	upgrade_stones	53	Use L73 Enchantment Stone to attempt an enchantment on compatible equipment. Success depends on the target and server rates; it is not guaranteed. 5 stones per offer.
166000074	5	650000	upgrade_stones	54	Use L74 Enchantment Stone to attempt an enchantment on compatible equipment. Success depends on the target and server rates; it is not guaranteed. 5 stones per offer.
166000075	5	675000	upgrade_stones	55	Use L75 Enchantment Stone to attempt an enchantment on compatible equipment. Success depends on the target and server rates; it is not guaranteed. 5 stones per offer.
166000076	5	700000	upgrade_stones	56	Use L76 Enchantment Stone to attempt an enchantment on compatible equipment. Success depends on the target and server rates; it is not guaranteed. 5 stones per offer.
166000077	5	730000	upgrade_stones	57	Use L77 Enchantment Stone to attempt an enchantment on compatible equipment. Success depends on the target and server rates; it is not guaranteed. 5 stones per offer.
166000078	5	760000	upgrade_stones	58	Use L78 Enchantment Stone to attempt an enchantment on compatible equipment. Success depends on the target and server rates; it is not guaranteed. 5 stones per offer.
166000079	5	790000	upgrade_stones	59	Use L79 Enchantment Stone to attempt an enchantment on compatible equipment. Success depends on the target and server rates; it is not guaranteed. 5 stones per offer.
166000080	5	820000	upgrade_stones	60	Use L80 Enchantment Stone to attempt an enchantment on compatible equipment. Success depends on the target and server rates; it is not guaranteed. 5 stones per offer.
166000081	5	850000	upgrade_stones	61	Use L81 Enchantment Stone to attempt an enchantment on compatible equipment. Success depends on the target and server rates; it is not guaranteed. 5 stones per offer.
166000082	5	880000	upgrade_stones	62	Use L82 Enchantment Stone to attempt an enchantment on compatible equipment. Success depends on the target and server rates; it is not guaranteed. 5 stones per offer.
166000083	5	915000	upgrade_stones	63	Use L83 Enchantment Stone to attempt an enchantment on compatible equipment. Success depends on the target and server rates; it is not guaranteed. 5 stones per offer.
166000084	5	950000	upgrade_stones	64	Use L84 Enchantment Stone to attempt an enchantment on compatible equipment. Success depends on the target and server rates; it is not guaranteed. 5 stones per offer.
166000085	5	985000	upgrade_stones	65	Use L85 Enchantment Stone to attempt an enchantment on compatible equipment. Success depends on the target and server rates; it is not guaranteed. 5 stones per offer.
166000086	5	1020000	upgrade_stones	65	Use L86 Enchantment Stone to attempt an enchantment on compatible equipment. Success depends on the target and server rates; it is not guaranteed. 5 stones per offer.
166000087	5	1055000	upgrade_stones	65	Use L87 Enchantment Stone to attempt an enchantment on compatible equipment. Success depends on the target and server rates; it is not guaranteed. 5 stones per offer.
166000088	5	1090000	upgrade_stones	65	Use L88 Enchantment Stone to attempt an enchantment on compatible equipment. Success depends on the target and server rates; it is not guaranteed. 5 stones per offer.
166000089	5	1130000	upgrade_stones	65	Use L89 Enchantment Stone to attempt an enchantment on compatible equipment. Success depends on the target and server rates; it is not guaranteed. 5 stones per offer.
166000091	5	1205000	upgrade_stones	65	Use L91 Enchantment Stone to attempt an enchantment on compatible equipment. Success depends on the target and server rates; it is not guaranteed. 5 stones per offer.
166000092	5	1245000	upgrade_stones	65	Use L92 Enchantment Stone to attempt an enchantment on compatible equipment. Success depends on the target and server rates; it is not guaranteed. 5 stones per offer.
166000093	5	1285000	upgrade_stones	65	Use L93 Enchantment Stone to attempt an enchantment on compatible equipment. Success depends on the target and server rates; it is not guaranteed. 5 stones per offer.
166000094	5	1330000	upgrade_stones	65	Use L94 Enchantment Stone to attempt an enchantment on compatible equipment. Success depends on the target and server rates; it is not guaranteed. 5 stones per offer.
166000095	5	1370000	upgrade_stones	65	Use L95 Enchantment Stone to attempt an enchantment on compatible equipment. Success depends on the target and server rates; it is not guaranteed. 5 stones per offer.
166000096	5	1415000	upgrade_stones	65	Use L96 Enchantment Stone to attempt an enchantment on compatible equipment. Success depends on the target and server rates; it is not guaranteed. 5 stones per offer.
166000097	5	1460000	upgrade_stones	65	Use L97 Enchantment Stone to attempt an enchantment on compatible equipment. Success depends on the target and server rates; it is not guaranteed. 5 stones per offer.
166000098	5	1505000	upgrade_stones	65	Use L98 Enchantment Stone to attempt an enchantment on compatible equipment. Success depends on the target and server rates; it is not guaranteed. 5 stones per offer.
166000099	5	1550000	upgrade_stones	65	Use L99 Enchantment Stone to attempt an enchantment on compatible equipment. Success depends on the target and server rates; it is not guaranteed. 5 stones per offer.
166000100	5	1600000	upgrade_stones	65	Use L100 Enchantment Stone to attempt an enchantment on compatible equipment. Success depends on the target and server rates; it is not guaranteed. 5 stones per offer.
166000101	5	1650000	upgrade_stones	65	Use L101 Enchantment Stone to attempt an enchantment on compatible equipment. Success depends on the target and server rates; it is not guaranteed. 5 stones per offer.
166000102	5	1700000	upgrade_stones	65	Use L102 Enchantment Stone to attempt an enchantment on compatible equipment. Success depends on the target and server rates; it is not guaranteed. 5 stones per offer.
166000103	5	1750000	upgrade_stones	65	Use L103 Enchantment Stone to attempt an enchantment on compatible equipment. Success depends on the target and server rates; it is not guaranteed. 5 stones per offer.
166000104	5	1800000	upgrade_stones	65	Use L104 Enchantment Stone to attempt an enchantment on compatible equipment. Success depends on the target and server rates; it is not guaranteed. 5 stones per offer.
166000105	5	1850000	upgrade_stones	65	Use L105 Enchantment Stone to attempt an enchantment on compatible equipment. Success depends on the target and server rates; it is not guaranteed. 5 stones per offer.
166000106	5	1905000	upgrade_stones	65	Use L106 Enchantment Stone to attempt an enchantment on compatible equipment. Success depends on the target and server rates; it is not guaranteed. 5 stones per offer.
166000107	5	1960000	upgrade_stones	65	Use L107 Enchantment Stone to attempt an enchantment on compatible equipment. Success depends on the target and server rates; it is not guaranteed. 5 stones per offer.
166000108	5	2015000	upgrade_stones	65	Use L108 Enchantment Stone to attempt an enchantment on compatible equipment. Success depends on the target and server rates; it is not guaranteed. 5 stones per offer.
166000109	5	2070000	upgrade_stones	65	Use L109 Enchantment Stone to attempt an enchantment on compatible equipment. Success depends on the target and server rates; it is not guaranteed. 5 stones per offer.
166000111	5	2190000	upgrade_stones	65	Use L111 Enchantment Stone to attempt an enchantment on compatible equipment. Success depends on the target and server rates; it is not guaranteed. 5 stones per offer.
166000112	5	2250000	upgrade_stones	65	Use L112 Enchantment Stone to attempt an enchantment on compatible equipment. Success depends on the target and server rates; it is not guaranteed. 5 stones per offer.
166000113	5	2310000	upgrade_stones	65	Use L113 Enchantment Stone to attempt an enchantment on compatible equipment. Success depends on the target and server rates; it is not guaranteed. 5 stones per offer.
166000114	5	2370000	upgrade_stones	65	Use L114 Enchantment Stone to attempt an enchantment on compatible equipment. Success depends on the target and server rates; it is not guaranteed. 5 stones per offer.
166000115	5	2435000	upgrade_stones	65	Use L115 Enchantment Stone to attempt an enchantment on compatible equipment. Success depends on the target and server rates; it is not guaranteed. 5 stones per offer.
166000116	5	2495000	upgrade_stones	65	Use L116 Enchantment Stone to attempt an enchantment on compatible equipment. Success depends on the target and server rates; it is not guaranteed. 5 stones per offer.
166000117	5	2565000	upgrade_stones	65	Use L117 Enchantment Stone to attempt an enchantment on compatible equipment. Success depends on the target and server rates; it is not guaranteed. 5 stones per offer.
166000118	5	2630000	upgrade_stones	65	Use L118 Enchantment Stone to attempt an enchantment on compatible equipment. Success depends on the target and server rates; it is not guaranteed. 5 stones per offer.
166000119	5	2695000	upgrade_stones	65	Use L119 Enchantment Stone to attempt an enchantment on compatible equipment. Success depends on the target and server rates; it is not guaranteed. 5 stones per offer.
166000120	5	2765000	upgrade_stones	65	Use L120 Enchantment Stone to attempt an enchantment on compatible equipment. Success depends on the target and server rates; it is not guaranteed. 5 stones per offer.
166000121	5	2835000	upgrade_stones	65	Use L121 Enchantment Stone to attempt an enchantment on compatible equipment. Success depends on the target and server rates; it is not guaranteed. 5 stones per offer.
166000122	5	2905000	upgrade_stones	65	Use L122 Enchantment Stone to attempt an enchantment on compatible equipment. Success depends on the target and server rates; it is not guaranteed. 5 stones per offer.
166000123	5	2975000	upgrade_stones	65	Use L123 Enchantment Stone to attempt an enchantment on compatible equipment. Success depends on the target and server rates; it is not guaranteed. 5 stones per offer.
166000124	5	3050000	upgrade_stones	65	Use L124 Enchantment Stone to attempt an enchantment on compatible equipment. Success depends on the target and server rates; it is not guaranteed. 5 stones per offer.
166000125	5	3125000	upgrade_stones	65	Use L125 Enchantment Stone to attempt an enchantment on compatible equipment. Success depends on the target and server rates; it is not guaranteed. 5 stones per offer.
166000126	5	3200000	upgrade_stones	65	Use L126 Enchantment Stone to attempt an enchantment on compatible equipment. Success depends on the target and server rates; it is not guaranteed. 5 stones per offer.
166000127	5	3275000	upgrade_stones	65	Use L127 Enchantment Stone to attempt an enchantment on compatible equipment. Success depends on the target and server rates; it is not guaranteed. 5 stones per offer.
166000128	5	3355000	upgrade_stones	65	Use L128 Enchantment Stone to attempt an enchantment on compatible equipment. Success depends on the target and server rates; it is not guaranteed. 5 stones per offer.
166000129	5	3435000	upgrade_stones	65	Use L129 Enchantment Stone to attempt an enchantment on compatible equipment. Success depends on the target and server rates; it is not guaranteed. 5 stones per offer.
166000130	5	3515000	upgrade_stones	65	Use L130 Enchantment Stone to attempt an enchantment on compatible equipment. Success depends on the target and server rates; it is not guaranteed. 5 stones per offer.
166000131	5	3595000	upgrade_stones	65	Use L131 Enchantment Stone to attempt an enchantment on compatible equipment. Success depends on the target and server rates; it is not guaranteed. 5 stones per offer.
166000132	5	3680000	upgrade_stones	65	Use L132 Enchantment Stone to attempt an enchantment on compatible equipment. Success depends on the target and server rates; it is not guaranteed. 5 stones per offer.
166000133	5	3765000	upgrade_stones	65	Use L133 Enchantment Stone to attempt an enchantment on compatible equipment. Success depends on the target and server rates; it is not guaranteed. 5 stones per offer.
166000134	5	3850000	upgrade_stones	65	Use L134 Enchantment Stone to attempt an enchantment on compatible equipment. Success depends on the target and server rates; it is not guaranteed. 5 stones per offer.
166000135	5	3935000	upgrade_stones	65	Use L135 Enchantment Stone to attempt an enchantment on compatible equipment. Success depends on the target and server rates; it is not guaranteed. 5 stones per offer.
166000136	5	4025000	upgrade_stones	65	Use L136 Enchantment Stone to attempt an enchantment on compatible equipment. Success depends on the target and server rates; it is not guaranteed. 5 stones per offer.
166000137	5	4115000	upgrade_stones	65	Use L137 Enchantment Stone to attempt an enchantment on compatible equipment. Success depends on the target and server rates; it is not guaranteed. 5 stones per offer.
166000138	5	4205000	upgrade_stones	65	Use L138 Enchantment Stone to attempt an enchantment on compatible equipment. Success depends on the target and server rates; it is not guaranteed. 5 stones per offer.
166000139	5	4295000	upgrade_stones	65	Use L139 Enchantment Stone to attempt an enchantment on compatible equipment. Success depends on the target and server rates; it is not guaranteed. 5 stones per offer.
166000140	5	4390000	upgrade_stones	65	Use L140 Enchantment Stone to attempt an enchantment on compatible equipment. Success depends on the target and server rates; it is not guaranteed. 5 stones per offer.
166000141	5	4485000	upgrade_stones	65	Use L141 Enchantment Stone to attempt an enchantment on compatible equipment. Success depends on the target and server rates; it is not guaranteed. 5 stones per offer.
166000142	5	4580000	upgrade_stones	65	Use L142 Enchantment Stone to attempt an enchantment on compatible equipment. Success depends on the target and server rates; it is not guaranteed. 5 stones per offer.
166000143	5	4680000	upgrade_stones	65	Use L143 Enchantment Stone to attempt an enchantment on compatible equipment. Success depends on the target and server rates; it is not guaranteed. 5 stones per offer.
166000144	5	4780000	upgrade_stones	65	Use L144 Enchantment Stone to attempt an enchantment on compatible equipment. Success depends on the target and server rates; it is not guaranteed. 5 stones per offer.
166000145	5	4880000	upgrade_stones	65	Use L145 Enchantment Stone to attempt an enchantment on compatible equipment. Success depends on the target and server rates; it is not guaranteed. 5 stones per offer.
166000146	5	4980000	upgrade_stones	65	Use L146 Enchantment Stone to attempt an enchantment on compatible equipment. Success depends on the target and server rates; it is not guaranteed. 5 stones per offer.
166000147	5	5080000	upgrade_stones	65	Use L147 Enchantment Stone to attempt an enchantment on compatible equipment. Success depends on the target and server rates; it is not guaranteed. 5 stones per offer.
166000148	5	5185000	upgrade_stones	65	Use L148 Enchantment Stone to attempt an enchantment on compatible equipment. Success depends on the target and server rates; it is not guaranteed. 5 stones per offer.
166000149	5	5295000	upgrade_stones	65	Use L149 Enchantment Stone to attempt an enchantment on compatible equipment. Success depends on the target and server rates; it is not guaranteed. 5 stones per offer.
166000150	5	5400000	upgrade_stones	65	Use L150 Enchantment Stone to attempt an enchantment on compatible equipment. Success depends on the target and server rates; it is not guaranteed. 5 stones per offer.
166000151	5	5510000	upgrade_stones	65	Use L151 Enchantment Stone to attempt an enchantment on compatible equipment. Success depends on the target and server rates; it is not guaranteed. 5 stones per offer.
166000152	5	5620000	upgrade_stones	65	Use L152 Enchantment Stone to attempt an enchantment on compatible equipment. Success depends on the target and server rates; it is not guaranteed. 5 stones per offer.
166000153	5	5730000	upgrade_stones	65	Use L153 Enchantment Stone to attempt an enchantment on compatible equipment. Success depends on the target and server rates; it is not guaranteed. 5 stones per offer.
166000154	5	5845000	upgrade_stones	65	Use L154 Enchantment Stone to attempt an enchantment on compatible equipment. Success depends on the target and server rates; it is not guaranteed. 5 stones per offer.
166000155	5	5960000	upgrade_stones	65	Use L155 Enchantment Stone to attempt an enchantment on compatible equipment. Success depends on the target and server rates; it is not guaranteed. 5 stones per offer.
166000156	5	6075000	upgrade_stones	65	Use L156 Enchantment Stone to attempt an enchantment on compatible equipment. Success depends on the target and server rates; it is not guaranteed. 5 stones per offer.
166000157	5	6190000	upgrade_stones	65	Use L157 Enchantment Stone to attempt an enchantment on compatible equipment. Success depends on the target and server rates; it is not guaranteed. 5 stones per offer.
166000158	5	6310000	upgrade_stones	65	Use L158 Enchantment Stone to attempt an enchantment on compatible equipment. Success depends on the target and server rates; it is not guaranteed. 5 stones per offer.
166000159	5	6430000	upgrade_stones	65	Use L159 Enchantment Stone to attempt an enchantment on compatible equipment. Success depends on the target and server rates; it is not guaranteed. 5 stones per offer.
166000160	5	6555000	upgrade_stones	65	Use L160 Enchantment Stone to attempt an enchantment on compatible equipment. Success depends on the target and server rates; it is not guaranteed. 5 stones per offer.
166000161	5	6675000	upgrade_stones	65	Use L161 Enchantment Stone to attempt an enchantment on compatible equipment. Success depends on the target and server rates; it is not guaranteed. 5 stones per offer.
166000162	5	6800000	upgrade_stones	65	Use L162 Enchantment Stone to attempt an enchantment on compatible equipment. Success depends on the target and server rates; it is not guaranteed. 5 stones per offer.
166000163	5	6930000	upgrade_stones	65	Use L163 Enchantment Stone to attempt an enchantment on compatible equipment. Success depends on the target and server rates; it is not guaranteed. 5 stones per offer.
166000164	5	7060000	upgrade_stones	65	Use L164 Enchantment Stone to attempt an enchantment on compatible equipment. Success depends on the target and server rates; it is not guaranteed. 5 stones per offer.
166000165	5	7185000	upgrade_stones	65	Use L165 Enchantment Stone to attempt an enchantment on compatible equipment. Success depends on the target and server rates; it is not guaranteed. 5 stones per offer.
166000166	5	7320000	upgrade_stones	65	Use L166 Enchantment Stone to attempt an enchantment on compatible equipment. Success depends on the target and server rates; it is not guaranteed. 5 stones per offer.
166000167	5	7450000	upgrade_stones	65	Use L167 Enchantment Stone to attempt an enchantment on compatible equipment. Success depends on the target and server rates; it is not guaranteed. 5 stones per offer.
166000168	5	7585000	upgrade_stones	65	Use L168 Enchantment Stone to attempt an enchantment on compatible equipment. Success depends on the target and server rates; it is not guaranteed. 5 stones per offer.
166000169	5	7725000	upgrade_stones	65	Use L169 Enchantment Stone to attempt an enchantment on compatible equipment. Success depends on the target and server rates; it is not guaranteed. 5 stones per offer.
166000170	5	7860000	upgrade_stones	65	Use L170 Enchantment Stone to attempt an enchantment on compatible equipment. Success depends on the target and server rates; it is not guaranteed. 5 stones per offer.
166000171	5	8000000	upgrade_stones	65	Use L171 Enchantment Stone to attempt an enchantment on compatible equipment. Success depends on the target and server rates; it is not guaranteed. 5 stones per offer.
166000172	5	8140000	upgrade_stones	65	Use L172 Enchantment Stone to attempt an enchantment on compatible equipment. Success depends on the target and server rates; it is not guaranteed. 5 stones per offer.
166000173	5	8285000	upgrade_stones	65	Use L173 Enchantment Stone to attempt an enchantment on compatible equipment. Success depends on the target and server rates; it is not guaranteed. 5 stones per offer.
166000174	5	8430000	upgrade_stones	65	Use L174 Enchantment Stone to attempt an enchantment on compatible equipment. Success depends on the target and server rates; it is not guaranteed. 5 stones per offer.
166000175	5	8575000	upgrade_stones	65	Use L175 Enchantment Stone to attempt an enchantment on compatible equipment. Success depends on the target and server rates; it is not guaranteed. 5 stones per offer.
166000176	5	8725000	upgrade_stones	65	Use L176 Enchantment Stone to attempt an enchantment on compatible equipment. Success depends on the target and server rates; it is not guaranteed. 5 stones per offer.
166000177	5	8870000	upgrade_stones	65	Use L177 Enchantment Stone to attempt an enchantment on compatible equipment. Success depends on the target and server rates; it is not guaranteed. 5 stones per offer.
166000178	5	9025000	upgrade_stones	65	Use L178 Enchantment Stone to attempt an enchantment on compatible equipment. Success depends on the target and server rates; it is not guaranteed. 5 stones per offer.
166000179	5	9175000	upgrade_stones	65	Use L179 Enchantment Stone to attempt an enchantment on compatible equipment. Success depends on the target and server rates; it is not guaranteed. 5 stones per offer.
166000180	5	9330000	upgrade_stones	65	Use L180 Enchantment Stone to attempt an enchantment on compatible equipment. Success depends on the target and server rates; it is not guaranteed. 5 stones per offer.
166000181	5	9490000	upgrade_stones	65	Use L181 Enchantment Stone to attempt an enchantment on compatible equipment. Success depends on the target and server rates; it is not guaranteed. 5 stones per offer.
166000182	5	9645000	upgrade_stones	65	Use L182 Enchantment Stone to attempt an enchantment on compatible equipment. Success depends on the target and server rates; it is not guaranteed. 5 stones per offer.
166000183	5	9805000	upgrade_stones	65	Use L183 Enchantment Stone to attempt an enchantment on compatible equipment. Success depends on the target and server rates; it is not guaranteed. 5 stones per offer.
166000184	5	9965000	upgrade_stones	65	Use L184 Enchantment Stone to attempt an enchantment on compatible equipment. Success depends on the target and server rates; it is not guaranteed. 5 stones per offer.
166000185	5	10130000	upgrade_stones	65	Use L185 Enchantment Stone to attempt an enchantment on compatible equipment. Success depends on the target and server rates; it is not guaranteed. 5 stones per offer.
166000186	5	10295000	upgrade_stones	65	Use L186 Enchantment Stone to attempt an enchantment on compatible equipment. Success depends on the target and server rates; it is not guaranteed. 5 stones per offer.
166000187	5	10465000	upgrade_stones	65	Use L187 Enchantment Stone to attempt an enchantment on compatible equipment. Success depends on the target and server rates; it is not guaranteed. 5 stones per offer.
166000188	5	10630000	upgrade_stones	65	Use L188 Enchantment Stone to attempt an enchantment on compatible equipment. Success depends on the target and server rates; it is not guaranteed. 5 stones per offer.
166000189	5	10800000	upgrade_stones	65	Use L189 Enchantment Stone to attempt an enchantment on compatible equipment. Success depends on the target and server rates; it is not guaranteed. 5 stones per offer.
166000190	5	10975000	upgrade_stones	65	Use L190 Enchantment Stone to attempt an enchantment on compatible equipment. Success depends on the target and server rates; it is not guaranteed. 5 stones per offer.
166000191	5	500000	upgrade_stones	20	Use Alpha Enchantment Stone to attempt an enchantment on compatible equipment. Success depends on the target and server rates; it is not guaranteed. 5 stones per offer.
166000192	5	1000000	upgrade_stones	40	Use Beta Enchantment Stone to attempt an enchantment on compatible equipment. Success depends on the target and server rates; it is not guaranteed. 5 stones per offer.
166000193	5	1500000	upgrade_stones	55	Use Gamma Enchantment Stone to attempt an enchantment on compatible equipment. Success depends on the target and server rates; it is not guaranteed. 5 stones per offer.
166000194	5	2000000	upgrade_stones	60	Use Delta Enchantment Stone to attempt an enchantment on compatible equipment. Success depends on the target and server rates; it is not guaranteed. 5 stones per offer.
166000195	5	2500000	upgrade_stones	65	Use Epsilon Enchantment Stone to attempt an enchantment on compatible equipment. Success depends on the target and server rates; it is not guaranteed. 5 stones per offer.
166020000	5	7500000	upgrade_stones	65	Use Omega Enchantment Stone to attempt an enchantment on compatible equipment. Success depends on the target and server rates; it is not guaranteed. This is the stone allowed for amplified gear. 5 stones per offer.
166100000	20	105000	enchant_supplements	30	Use during an enchantment attempt on Heroic or Less gear. Adds 5.0 percentage points to the server's success calculation, subject to its cap. 20 supplements per offer.
166100001	20	420000	enchant_supplements	40	Use during an enchantment attempt on Heroic or Less gear. Adds 10.0 percentage points to the server's success calculation, subject to its cap. 20 supplements per offer.
166100002	20	840000	enchant_supplements	50	Use during an enchantment attempt on Heroic or Less gear. Adds 15.0 percentage points to the server's success calculation, subject to its cap. 20 supplements per offer.
166100003	20	255000	enchant_supplements	30	Use during an enchantment attempt on Fabled gear. Adds 5.0 percentage points to the server's success calculation, subject to its cap. 20 supplements per offer.
166100004	20	1010000	enchant_supplements	40	Use during an enchantment attempt on Fabled gear. Adds 10.0 percentage points to the server's success calculation, subject to its cap. 20 supplements per offer.
166100006	20	505000	enchant_supplements	30	Use during an enchantment attempt on Eternal gear. Adds 5.0 percentage points to the server's success calculation, subject to its cap. 20 supplements per offer.
166100007	20	2020000	enchant_supplements	40	Use during an enchantment attempt on Eternal gear. Adds 10.0 percentage points to the server's success calculation, subject to its cap. 20 supplements per offer.
166100008	20	4035000	enchant_supplements	50	Use during an enchantment attempt on Eternal gear. Adds 15.0 percentage points to the server's success calculation, subject to its cap. 20 supplements per offer.
166100009	20	1010000	enchant_supplements	30	Use during an enchantment attempt on Mythic gear. Adds 5.0 percentage points to the server's success calculation, subject to its cap. 20 supplements per offer.
166100010	20	4035000	enchant_supplements	40	Use during an enchantment attempt on Mythic gear. Adds 10.0 percentage points to the server's success calculation, subject to its cap. 20 supplements per offer.
166150003	5	250000	socketing_aids	60	Use Felicitous Socketing (Fabled) during a compatible manastone socketing attempt on equipment up to level 60. It increases the attempt's success chance. 5 items per offer.
166150004	5	500000	socketing_aids	60	Use Felicitous Socketing (Eternal) during a compatible manastone socketing attempt on equipment up to level 60. It increases the attempt's success chance. 5 items per offer.
166150014	5	250000	socketing_aids	60	Use Blessed Manastone Socketing Supplements (Fabled) during a compatible manastone socketing attempt on equipment up to level 60. It increases the attempt's success chance. 5 items per offer.
166150015	5	500000	socketing_aids	60	Use Blessed Manastone Socketing Supplements (Eternal) during a compatible manastone socketing attempt on equipment up to level 60. It increases the attempt's success chance. 5 items per offer.
166150016	5	750000	socketing_aids	60	Use Felicitous Socketing (Mythic) during a compatible manastone socketing attempt on equipment up to level 60. It increases the attempt's success chance. 5 items per offer.
166150017	5	500000	socketing_aids	65	Use Assured Greater Felicitous Socketing (Fabled) during a compatible manastone socketing attempt on equipment up to level 65. It increases the attempt's success chance. 5 items per offer.
166150018	5	1000000	socketing_aids	65	Use Assured Greater Felicitous Socketing (Eternal) during a compatible manastone socketing attempt on equipment up to level 65. It increases the attempt's success chance. 5 items per offer.
166150019	5	1500000	socketing_aids	65	Use Assured Greater Felicitous Socketing (Mythic) during a compatible manastone socketing attempt on equipment up to level 65. It increases the attempt's success chance. 5 items per offer.
167000226	10	10000	manastone_vitality	1	Socket Manastone: HP +20 into a compatible manastone slot to add HP +20. Stone level 10; check the target equipment's level and free slots. 10 stones per offer.
167000227	10	10000	manastone_vitality	1	Socket Manastone: MP +20 into a compatible manastone slot to add MP +20. Stone level 10; check the target equipment's level and free slots. 10 stones per offer.
167000228	10	10000	manastone_physical	1	Socket Manastone: Accuracy +12 into a compatible manastone slot to add Accuracy +12. Stone level 10; check the target equipment's level and free slots. 10 stones per offer.
167000229	10	10000	manastone_defense	1	Socket Manastone: Evasion +4 into a compatible manastone slot to add Evasion +4. Stone level 10; check the target equipment's level and free slots. 10 stones per offer.
167000230	10	10000	manastone_physical	1	Socket Manastone: Attack +1 into a compatible manastone slot to add Attack +1. Stone level 10; check the target equipment's level and free slots. 10 stones per offer.
167000231	10	10000	manastone_magic	1	Socket Manastone: Magic Boost +12 into a compatible manastone slot to add Magic Boost +12. Stone level 10; check the target equipment's level and free slots. 10 stones per offer.
167000232	10	10000	manastone_defense	1	Socket Manastone: Parry +12 into a compatible manastone slot to add Parry +12. Stone level 10; check the target equipment's level and free slots. 10 stones per offer.
167000233	10	10000	manastone_defense	1	Socket Manastone: Block +12 into a compatible manastone slot to add Block +12. Stone level 10; check the target equipment's level and free slots. 10 stones per offer.
167000235	10	10000	manastone_physical	1	Socket Manastone: Crit Strike +4 into a compatible manastone slot to add Crit Strike +4. Stone level 10; check the target equipment's level and free slots. 10 stones per offer.
167000258	10	15000	manastone_vitality	10	Socket Manastone: HP +30 into a compatible manastone slot to add HP +30. Stone level 20; check the target equipment's level and free slots. 10 stones per offer.
167000259	10	15000	manastone_vitality	10	Socket Manastone: MP +30 into a compatible manastone slot to add MP +30. Stone level 20; check the target equipment's level and free slots. 10 stones per offer.
167000260	10	15000	manastone_physical	10	Socket Manastone: Accuracy +14 into a compatible manastone slot to add Accuracy +14. Stone level 20; check the target equipment's level and free slots. 10 stones per offer.
167000261	10	15000	manastone_defense	10	Socket Manastone: Evasion +6 into a compatible manastone slot to add Evasion +6. Stone level 20; check the target equipment's level and free slots. 10 stones per offer.
167000263	10	15000	manastone_magic	10	Socket Manastone: Magic Boost +14 into a compatible manastone slot to add Magic Boost +14. Stone level 20; check the target equipment's level and free slots. 10 stones per offer.
167000264	10	15000	manastone_defense	10	Socket Manastone: Parry +14 into a compatible manastone slot to add Parry +14. Stone level 20; check the target equipment's level and free slots. 10 stones per offer.
167000265	10	15000	manastone_defense	10	Socket Manastone: Block +14 into a compatible manastone slot to add Block +14. Stone level 20; check the target equipment's level and free slots. 10 stones per offer.
167000267	10	15000	manastone_physical	10	Socket Manastone: Crit Strike +6 into a compatible manastone slot to add Crit Strike +6. Stone level 20; check the target equipment's level and free slots. 10 stones per offer.
167000290	10	20000	manastone_vitality	20	Socket Manastone: HP +40 into a compatible manastone slot to add HP +40. Stone level 30; check the target equipment's level and free slots. 10 stones per offer.
167000291	10	20000	manastone_vitality	20	Socket Manastone: MP +40 into a compatible manastone slot to add MP +40. Stone level 30; check the target equipment's level and free slots. 10 stones per offer.
167000292	10	20000	manastone_physical	20	Socket Manastone: Accuracy +16 into a compatible manastone slot to add Accuracy +16. Stone level 30; check the target equipment's level and free slots. 10 stones per offer.
167000293	10	20000	manastone_defense	20	Socket Manastone: Evasion +8 into a compatible manastone slot to add Evasion +8. Stone level 30; check the target equipment's level and free slots. 10 stones per offer.
167000294	10	20000	manastone_physical	20	Socket Manastone: Attack +2 into a compatible manastone slot to add Attack +2. Stone level 30; check the target equipment's level and free slots. 10 stones per offer.
167000295	10	20000	manastone_magic	20	Socket Manastone: Magic Boost +16 into a compatible manastone slot to add Magic Boost +16. Stone level 30; check the target equipment's level and free slots. 10 stones per offer.
167000296	10	20000	manastone_defense	20	Socket Manastone: Parry +16 into a compatible manastone slot to add Parry +16. Stone level 30; check the target equipment's level and free slots. 10 stones per offer.
167000297	10	20000	manastone_defense	20	Socket Manastone: Block +16 into a compatible manastone slot to add Block +16. Stone level 30; check the target equipment's level and free slots. 10 stones per offer.
167000299	10	20000	manastone_physical	20	Socket Manastone: Crit Strike +8 into a compatible manastone slot to add Crit Strike +8. Stone level 30; check the target equipment's level and free slots. 10 stones per offer.
167000322	10	25000	manastone_vitality	30	Socket Manastone: HP +50 into a compatible manastone slot to add HP +50. Stone level 40; check the target equipment's level and free slots. 10 stones per offer.
167000323	10	25000	manastone_vitality	30	Socket Manastone: MP +50 into a compatible manastone slot to add MP +50. Stone level 40; check the target equipment's level and free slots. 10 stones per offer.
167000324	10	25000	manastone_physical	30	Socket Manastone: Accuracy +18 into a compatible manastone slot to add Accuracy +18. Stone level 40; check the target equipment's level and free slots. 10 stones per offer.
167000325	10	25000	manastone_defense	30	Socket Manastone: Evasion +10 into a compatible manastone slot to add Evasion +10. Stone level 40; check the target equipment's level and free slots. 10 stones per offer.
167000327	10	25000	manastone_magic	30	Socket Manastone: Magic Boost +18 into a compatible manastone slot to add Magic Boost +18. Stone level 40; check the target equipment's level and free slots. 10 stones per offer.
167000328	10	25000	manastone_defense	30	Socket Manastone: Parry +18 into a compatible manastone slot to add Parry +18. Stone level 40; check the target equipment's level and free slots. 10 stones per offer.
167000329	10	25000	manastone_defense	30	Socket Manastone: Block +18 into a compatible manastone slot to add Block +18. Stone level 40; check the target equipment's level and free slots. 10 stones per offer.
167000331	10	25000	manastone_physical	30	Socket Manastone: Crit Strike +10 into a compatible manastone slot to add Crit Strike +10. Stone level 40; check the target equipment's level and free slots. 10 stones per offer.
167000354	10	30000	manastone_vitality	40	Socket Manastone: HP +60 into a compatible manastone slot to add HP +60. Stone level 50; check the target equipment's level and free slots. 10 stones per offer.
167000355	10	30000	manastone_vitality	40	Socket Manastone: MP +60 into a compatible manastone slot to add MP +60. Stone level 50; check the target equipment's level and free slots. 10 stones per offer.
167000356	10	30000	manastone_physical	40	Socket Manastone: Accuracy +20 into a compatible manastone slot to add Accuracy +20. Stone level 50; check the target equipment's level and free slots. 10 stones per offer.
167000357	10	30000	manastone_defense	40	Socket Manastone: Evasion +12 into a compatible manastone slot to add Evasion +12. Stone level 50; check the target equipment's level and free slots. 10 stones per offer.
167000358	10	30000	manastone_physical	40	Socket Manastone: Attack +3 into a compatible manastone slot to add Attack +3. Stone level 50; check the target equipment's level and free slots. 10 stones per offer.
167000359	10	30000	manastone_magic	40	Socket Manastone: Magic Boost +20 into a compatible manastone slot to add Magic Boost +20. Stone level 50; check the target equipment's level and free slots. 10 stones per offer.
167000360	10	30000	manastone_defense	40	Socket Manastone: Parry +20 into a compatible manastone slot to add Parry +20. Stone level 50; check the target equipment's level and free slots. 10 stones per offer.
167000361	10	30000	manastone_defense	40	Socket Manastone: Block +20 into a compatible manastone slot to add Block +20. Stone level 50; check the target equipment's level and free slots. 10 stones per offer.
167000363	10	30000	manastone_physical	40	Socket Manastone: Crit Strike +12 into a compatible manastone slot to add Crit Strike +12. Stone level 50; check the target equipment's level and free slots. 10 stones per offer.
167000418	10	105000	manastone_vitality	10	Socket Manastone: HP +55 into a compatible manastone slot to add HP +55. Stone level 20; check the target equipment's level and free slots. 10 stones per offer.
167000419	10	105000	manastone_vitality	10	Socket Manastone: MP +55 into a compatible manastone slot to add MP +55. Stone level 20; check the target equipment's level and free slots. 10 stones per offer.
167000420	10	105000	manastone_physical	10	Socket Manastone: Accuracy +19 into a compatible manastone slot to add Accuracy +19. Stone level 20; check the target equipment's level and free slots. 10 stones per offer.
167000421	10	105000	manastone_defense	10	Socket Manastone: Evasion +9 into a compatible manastone slot to add Evasion +9. Stone level 20; check the target equipment's level and free slots. 10 stones per offer.
167000423	10	105000	manastone_magic	10	Socket Manastone: Magic Boost +19 into a compatible manastone slot to add Magic Boost +19. Stone level 20; check the target equipment's level and free slots. 10 stones per offer.
167000424	10	105000	manastone_defense	10	Socket Manastone: Parry +19 into a compatible manastone slot to add Parry +19. Stone level 20; check the target equipment's level and free slots. 10 stones per offer.
167000425	10	105000	manastone_defense	10	Socket Manastone: Block +19 into a compatible manastone slot to add Block +19. Stone level 20; check the target equipment's level and free slots. 10 stones per offer.
167000427	10	105000	manastone_physical	10	Socket Manastone: Crit Strike +9 into a compatible manastone slot to add Crit Strike +9. Stone level 20; check the target equipment's level and free slots. 10 stones per offer.
167000450	10	120000	manastone_vitality	20	Socket Manastone: HP +65 into a compatible manastone slot to add HP +65. Stone level 30; check the target equipment's level and free slots. 10 stones per offer.
167000451	10	120000	manastone_vitality	20	Socket Manastone: MP +65 into a compatible manastone slot to add MP +65. Stone level 30; check the target equipment's level and free slots. 10 stones per offer.
167000452	10	120000	manastone_physical	20	Socket Manastone: Accuracy +21 into a compatible manastone slot to add Accuracy +21. Stone level 30; check the target equipment's level and free slots. 10 stones per offer.
167000453	10	120000	manastone_defense	20	Socket Manastone: Evasion +11 into a compatible manastone slot to add Evasion +11. Stone level 30; check the target equipment's level and free slots. 10 stones per offer.
167000454	10	120000	manastone_physical	20	Socket Manastone: Attack +4 into a compatible manastone slot to add Attack +4. Stone level 30; check the target equipment's level and free slots. 10 stones per offer.
167000455	10	120000	manastone_magic	20	Socket Manastone: Magic Boost +21 into a compatible manastone slot to add Magic Boost +21. Stone level 30; check the target equipment's level and free slots. 10 stones per offer.
167000456	10	120000	manastone_defense	20	Socket Manastone: Parry +21 into a compatible manastone slot to add Parry +21. Stone level 30; check the target equipment's level and free slots. 10 stones per offer.
167000457	10	120000	manastone_defense	20	Socket Manastone: Block +21 into a compatible manastone slot to add Block +21. Stone level 30; check the target equipment's level and free slots. 10 stones per offer.
167000459	10	120000	manastone_physical	20	Socket Manastone: Crit Strike +11 into a compatible manastone slot to add Crit Strike +11. Stone level 30; check the target equipment's level and free slots. 10 stones per offer.
167000465	10	120000	manastone_vitality	20	Socket Manastone: Maximum Flight Time +4 into a compatible manastone slot to add Maximum Flight Time +4. Stone level 30; check the target equipment's level and free slots. 10 stones per offer.
167000482	10	135000	manastone_vitality	30	Socket Manastone: HP +75 into a compatible manastone slot to add HP +75. Stone level 40; check the target equipment's level and free slots. 10 stones per offer.
167000483	10	135000	manastone_vitality	30	Socket Manastone: MP +75 into a compatible manastone slot to add MP +75. Stone level 40; check the target equipment's level and free slots. 10 stones per offer.
167000484	10	135000	manastone_physical	30	Socket Manastone: Accuracy +23 into a compatible manastone slot to add Accuracy +23. Stone level 40; check the target equipment's level and free slots. 10 stones per offer.
167000485	10	135000	manastone_defense	30	Socket Manastone: Evasion +13 into a compatible manastone slot to add Evasion +13. Stone level 40; check the target equipment's level and free slots. 10 stones per offer.
167000487	10	135000	manastone_magic	30	Socket Manastone: Magic Boost +23 into a compatible manastone slot to add Magic Boost +23. Stone level 40; check the target equipment's level and free slots. 10 stones per offer.
167000488	10	135000	manastone_defense	30	Socket Manastone: Parry +23 into a compatible manastone slot to add Parry +23. Stone level 40; check the target equipment's level and free slots. 10 stones per offer.
167000489	10	135000	manastone_defense	30	Socket Manastone: Block +23 into a compatible manastone slot to add Block +23. Stone level 40; check the target equipment's level and free slots. 10 stones per offer.
167000491	10	135000	manastone_physical	30	Socket Manastone: Crit Strike +13 into a compatible manastone slot to add Crit Strike +13. Stone level 40; check the target equipment's level and free slots. 10 stones per offer.
167000497	10	135000	manastone_vitality	30	Socket Manastone: Maximum Flight Time +5 into a compatible manastone slot to add Maximum Flight Time +5. Stone level 40; check the target equipment's level and free slots. 10 stones per offer.
167000514	10	150000	manastone_vitality	40	Socket Manastone: HP +85 into a compatible manastone slot to add HP +85. Stone level 50; check the target equipment's level and free slots. 10 stones per offer.
167000515	10	150000	manastone_vitality	40	Socket Manastone: MP +85 into a compatible manastone slot to add MP +85. Stone level 50; check the target equipment's level and free slots. 10 stones per offer.
167000516	10	150000	manastone_physical	40	Socket Manastone: Accuracy +25 into a compatible manastone slot to add Accuracy +25. Stone level 50; check the target equipment's level and free slots. 10 stones per offer.
167000517	10	150000	manastone_defense	40	Socket Manastone: Evasion +15 into a compatible manastone slot to add Evasion +15. Stone level 50; check the target equipment's level and free slots. 10 stones per offer.
167000518	10	150000	manastone_physical	40	Socket Manastone: Attack +5 into a compatible manastone slot to add Attack +5. Stone level 50; check the target equipment's level and free slots. 10 stones per offer.
167000519	10	150000	manastone_magic	40	Socket Manastone: Magic Boost +25 into a compatible manastone slot to add Magic Boost +25. Stone level 50; check the target equipment's level and free slots. 10 stones per offer.
167000520	10	150000	manastone_defense	40	Socket Manastone: Parry +25 into a compatible manastone slot to add Parry +25. Stone level 50; check the target equipment's level and free slots. 10 stones per offer.
167000521	10	150000	manastone_defense	40	Socket Manastone: Block +25 into a compatible manastone slot to add Block +25. Stone level 50; check the target equipment's level and free slots. 10 stones per offer.
167000522	10	150000	manastone_physical	40	Socket Manastone: Crit Strike +15 into a compatible manastone slot to add Crit Strike +15. Stone level 50; check the target equipment's level and free slots. 10 stones per offer.
167000523	10	150000	manastone_vitality	40	Socket Manastone: Maximum Flight Time +6 into a compatible manastone slot to add Maximum Flight Time +6. Stone level 50; check the target equipment's level and free slots. 10 stones per offer.
167000525	10	10000	manastone_magic	1	Socket Manastone: Magical Accuracy +3 into a compatible manastone slot to add Magical Accuracy +3. Stone level 10; check the target equipment's level and free slots. 10 stones per offer.
167000526	10	10000	manastone_defense	1	Socket Manastone: Resist Magic +3 into a compatible manastone slot to add Resist Magic +3. Stone level 10; check the target equipment's level and free slots. 10 stones per offer.
167000527	10	15000	manastone_magic	10	Socket Manastone: Magical Accuracy +4 into a compatible manastone slot to add Magical Accuracy +4. Stone level 20; check the target equipment's level and free slots. 10 stones per offer.
167000528	10	15000	manastone_defense	10	Socket Manastone: Resist Magic +4 into a compatible manastone slot to add Resist Magic +4. Stone level 20; check the target equipment's level and free slots. 10 stones per offer.
167000529	10	20000	manastone_magic	20	Socket Manastone: Magical Accuracy +5 into a compatible manastone slot to add Magical Accuracy +5. Stone level 30; check the target equipment's level and free slots. 10 stones per offer.
167000530	10	20000	manastone_defense	20	Socket Manastone: Resist Magic +5 into a compatible manastone slot to add Resist Magic +5. Stone level 30; check the target equipment's level and free slots. 10 stones per offer.
167000531	10	25000	manastone_magic	30	Socket Manastone: Magical Accuracy +7 into a compatible manastone slot to add Magical Accuracy +7. Stone level 40; check the target equipment's level and free slots. 10 stones per offer.
167000532	10	25000	manastone_defense	30	Socket Manastone: Resist Magic +7 into a compatible manastone slot to add Resist Magic +7. Stone level 40; check the target equipment's level and free slots. 10 stones per offer.
167000533	10	30000	manastone_magic	40	Socket Manastone: Magical Accuracy +9 into a compatible manastone slot to add Magical Accuracy +9. Stone level 50; check the target equipment's level and free slots. 10 stones per offer.
167000534	10	30000	manastone_defense	40	Socket Manastone: Resist Magic +9 into a compatible manastone slot to add Resist Magic +9. Stone level 50; check the target equipment's level and free slots. 10 stones per offer.
167000535	10	105000	manastone_magic	10	Socket Manastone: Magical Accuracy +6 into a compatible manastone slot to add Magical Accuracy +6. Stone level 20; check the target equipment's level and free slots. 10 stones per offer.
167000536	10	105000	manastone_defense	10	Socket Manastone: Resist Magic +6 into a compatible manastone slot to add Resist Magic +6. Stone level 20; check the target equipment's level and free slots. 10 stones per offer.
167000537	10	120000	manastone_magic	20	Socket Manastone: Magical Accuracy +8 into a compatible manastone slot to add Magical Accuracy +8. Stone level 30; check the target equipment's level and free slots. 10 stones per offer.
167000538	10	120000	manastone_defense	20	Socket Manastone: Resist Magic +8 into a compatible manastone slot to add Resist Magic +8. Stone level 30; check the target equipment's level and free slots. 10 stones per offer.
167000539	10	135000	manastone_magic	30	Socket Manastone: Magical Accuracy +10 into a compatible manastone slot to add Magical Accuracy +10. Stone level 40; check the target equipment's level and free slots. 10 stones per offer.
167000540	10	135000	manastone_defense	30	Socket Manastone: Resist Magic +10 into a compatible manastone slot to add Resist Magic +10. Stone level 40; check the target equipment's level and free slots. 10 stones per offer.
167000541	10	150000	manastone_magic	40	Socket Manastone: Magical Accuracy +12 into a compatible manastone slot to add Magical Accuracy +12. Stone level 50; check the target equipment's level and free slots. 10 stones per offer.
167000542	10	150000	manastone_defense	40	Socket Manastone: Resist Magic +12 into a compatible manastone slot to add Resist Magic +12. Stone level 50; check the target equipment's level and free slots. 10 stones per offer.
167000543	10	35000	manastone_vitality	50	Socket Manastone: HP +70 into a compatible manastone slot to add HP +70. Stone level 60; check the target equipment's level and free slots. 10 stones per offer.
167000544	10	35000	manastone_vitality	50	Socket Manastone: MP +70 into a compatible manastone slot to add MP +70. Stone level 60; check the target equipment's level and free slots. 10 stones per offer.
167000545	10	35000	manastone_physical	50	Socket Manastone: Accuracy +22 into a compatible manastone slot to add Accuracy +22. Stone level 60; check the target equipment's level and free slots. 10 stones per offer.
167000546	10	35000	manastone_defense	50	Socket Manastone: Evasion +14 into a compatible manastone slot to add Evasion +14. Stone level 60; check the target equipment's level and free slots. 10 stones per offer.
167000547	10	35000	manastone_magic	50	Socket Manastone: Magic Boost +22 into a compatible manastone slot to add Magic Boost +22. Stone level 60; check the target equipment's level and free slots. 10 stones per offer.
167000548	10	35000	manastone_defense	50	Socket Manastone: Parry +22 into a compatible manastone slot to add Parry +22. Stone level 60; check the target equipment's level and free slots. 10 stones per offer.
167000549	10	35000	manastone_defense	50	Socket Manastone: Block +22 into a compatible manastone slot to add Block +22. Stone level 60; check the target equipment's level and free slots. 10 stones per offer.
167000550	10	35000	manastone_physical	50	Socket Manastone: Crit Strike +14 into a compatible manastone slot to add Crit Strike +14. Stone level 60; check the target equipment's level and free slots. 10 stones per offer.
167000551	10	165000	manastone_vitality	50	Socket Manastone: HP +95 into a compatible manastone slot to add HP +95. Stone level 60; check the target equipment's level and free slots. 10 stones per offer.
167000552	10	165000	manastone_vitality	50	Socket Manastone: MP +95 into a compatible manastone slot to add MP +95. Stone level 60; check the target equipment's level and free slots. 10 stones per offer.
167000553	10	165000	manastone_physical	50	Socket Manastone: Accuracy +27 into a compatible manastone slot to add Accuracy +27. Stone level 60; check the target equipment's level and free slots. 10 stones per offer.
167000554	10	165000	manastone_defense	50	Socket Manastone: Evasion +17 into a compatible manastone slot to add Evasion +17. Stone level 60; check the target equipment's level and free slots. 10 stones per offer.
167000555	10	165000	manastone_magic	50	Socket Manastone: Magic Boost +27 into a compatible manastone slot to add Magic Boost +27. Stone level 60; check the target equipment's level and free slots. 10 stones per offer.
167000556	10	165000	manastone_defense	50	Socket Manastone: Parry +27 into a compatible manastone slot to add Parry +27. Stone level 60; check the target equipment's level and free slots. 10 stones per offer.
167000557	10	165000	manastone_defense	50	Socket Manastone: Block +27 into a compatible manastone slot to add Block +27. Stone level 60; check the target equipment's level and free slots. 10 stones per offer.
167000558	10	165000	manastone_physical	50	Socket Manastone: Crit Strike +17 into a compatible manastone slot to add Crit Strike +17. Stone level 60; check the target equipment's level and free slots. 10 stones per offer.
167000559	10	165000	manastone_vitality	50	Socket Manastone: Maximum Flight Time +7 into a compatible manastone slot to add Maximum Flight Time +7. Stone level 60; check the target equipment's level and free slots. 10 stones per offer.
167000560	10	165000	manastone_magic	50	Socket Manastone: Magical Accuracy +14 into a compatible manastone slot to add Magical Accuracy +14. Stone level 60; check the target equipment's level and free slots. 10 stones per offer.
167000561	10	165000	manastone_defense	50	Socket Manastone: Resist Magic +14 into a compatible manastone slot to add Resist Magic +14. Stone level 60; check the target equipment's level and free slots. 10 stones per offer.
167000563	10	165000	manastone_magic	50	Socket Manastone: Healing Boost +3 into a compatible manastone slot to add Healing Boost +3. Stone level 60; check the target equipment's level and free slots. 10 stones per offer.
167000578	10	300000	manastone_physical	20	Socket Manastone: Attack +4 / HP +32 into a compatible manastone slot to add Attack +4 and HP +32. Stone level 30; check the target equipment's level and free slots. 10 stones per offer.
167000579	10	300000	manastone_physical	20	Socket Manastone: Attack +4 / MP +32 into a compatible manastone slot to add Attack +4 and MP +32. Stone level 30; check the target equipment's level and free slots. 10 stones per offer.
167000580	10	300000	manastone_physical	20	Socket Manastone: Attack +4 / Accuracy +10 into a compatible manastone slot to add Attack +4 and Accuracy +10. Stone level 30; check the target equipment's level and free slots. 10 stones per offer.
167000581	10	300000	manastone_physical	20	Socket Manastone: Attack +4 / Evasion +10 into a compatible manastone slot to add Attack +4 and Evasion +10. Stone level 30; check the target equipment's level and free slots. 10 stones per offer.
167000582	10	300000	manastone_physical	20	Socket Manastone: Attack +4 / Parry +10 into a compatible manastone slot to add Attack +4 and Parry +10. Stone level 30; check the target equipment's level and free slots. 10 stones per offer.
167000583	10	300000	manastone_physical	20	Socket Manastone: Attack +4 / Block +10 into a compatible manastone slot to add Attack +4 and Block +10. Stone level 30; check the target equipment's level and free slots. 10 stones per offer.
167000584	10	300000	manastone_physical	20	Socket Manastone: Attack +4 / Crit Strike +5 into a compatible manastone slot to add Attack +4 and Crit Strike +5. Stone level 30; check the target equipment's level and free slots. 10 stones per offer.
167000585	10	300000	manastone_physical	20	Socket Manastone: Attack +4 / Resist Magic +4 into a compatible manastone slot to add Attack +4 and Resist Magic +4. Stone level 30; check the target equipment's level and free slots. 10 stones per offer.
167000586	10	300000	manastone_physical	20	Socket Manastone: Attack +4 / Magical Accuracy +4 into a compatible manastone slot to add Attack +4 and Magical Accuracy +4. Stone level 30; check the target equipment's level and free slots. 10 stones per offer.
167000587	10	300000	manastone_physical	20	Socket Manastone: Crit Strike +11 / HP +32 into a compatible manastone slot to add Crit Strike +11 and HP +32. Stone level 30; check the target equipment's level and free slots. 10 stones per offer.
167000588	10	300000	manastone_physical	20	Socket Manastone: Crit Strike +11 / MP +32 into a compatible manastone slot to add Crit Strike +11 and MP +32. Stone level 30; check the target equipment's level and free slots. 10 stones per offer.
167000589	10	300000	manastone_physical	20	Socket Manastone: Crit Strike +11 / Attack +2 into a compatible manastone slot to add Crit Strike +11 and Attack +2. Stone level 30; check the target equipment's level and free slots. 10 stones per offer.
167000590	10	300000	manastone_physical	20	Socket Manastone: Crit Strike +11 / Accuracy +10 into a compatible manastone slot to add Crit Strike +11 and Accuracy +10. Stone level 30; check the target equipment's level and free slots. 10 stones per offer.
167000591	10	300000	manastone_physical	20	Socket Manastone: Crit Strike +11 / Evasion +10 into a compatible manastone slot to add Crit Strike +11 and Evasion +10. Stone level 30; check the target equipment's level and free slots. 10 stones per offer.
167000592	10	300000	manastone_physical	20	Socket Manastone: Crit Strike +11 / Parry +10 into a compatible manastone slot to add Crit Strike +11 and Parry +10. Stone level 30; check the target equipment's level and free slots. 10 stones per offer.
167000593	10	300000	manastone_physical	20	Socket Manastone: Crit Strike +11 / Block +10 into a compatible manastone slot to add Crit Strike +11 and Block +10. Stone level 30; check the target equipment's level and free slots. 10 stones per offer.
167000594	10	300000	manastone_physical	20	Socket Manastone: Crit Strike +11 / Resist Magic +4 into a compatible manastone slot to add Crit Strike +11 and Resist Magic +4. Stone level 30; check the target equipment's level and free slots. 10 stones per offer.
167000595	10	300000	manastone_physical	20	Socket Manastone: Crit Strike +11 / Magical Accuracy +4 into a compatible manastone slot to add Crit Strike +11 and Magical Accuracy +4. Stone level 30; check the target equipment's level and free slots. 10 stones per offer.
167000596	10	300000	manastone_magic	20	Socket Manastone: Magic Boost +21 / HP +32 into a compatible manastone slot to add Magic Boost +21 and HP +32. Stone level 30; check the target equipment's level and free slots. 10 stones per offer.
167000597	10	300000	manastone_magic	20	Socket Manastone: Magic Boost +21 / MP +32 into a compatible manastone slot to add Magic Boost +21 and MP +32. Stone level 30; check the target equipment's level and free slots. 10 stones per offer.
167000598	10	300000	manastone_magic	20	Socket Manastone: Magic Boost +21 / Accuracy +10 into a compatible manastone slot to add Magic Boost +21 and Accuracy +10. Stone level 30; check the target equipment's level and free slots. 10 stones per offer.
167000599	10	300000	manastone_magic	20	Socket Manastone: Magic Boost +21 / Evasion +10 into a compatible manastone slot to add Magic Boost +21 and Evasion +10. Stone level 30; check the target equipment's level and free slots. 10 stones per offer.
167000600	10	300000	manastone_magic	20	Socket Manastone: Magic Boost +21 / Parry +10 into a compatible manastone slot to add Magic Boost +21 and Parry +10. Stone level 30; check the target equipment's level and free slots. 10 stones per offer.
167000601	10	300000	manastone_magic	20	Socket Manastone: Magic Boost +21 / Block +10 into a compatible manastone slot to add Magic Boost +21 and Block +10. Stone level 30; check the target equipment's level and free slots. 10 stones per offer.
167000602	10	300000	manastone_magic	20	Socket Manastone: Magic Boost +21 / Crit Strike +5 into a compatible manastone slot to add Magic Boost +21 and Crit Strike +5. Stone level 30; check the target equipment's level and free slots. 10 stones per offer.
167000603	10	300000	manastone_magic	20	Socket Manastone: Magic Boost +21 / Resist Magic +4 into a compatible manastone slot to add Magic Boost +21 and Resist Magic +4. Stone level 30; check the target equipment's level and free slots. 10 stones per offer.
167000604	10	300000	manastone_magic	20	Socket Manastone: Magic Boost +21 / Magical Accuracy +4 into a compatible manastone slot to add Magic Boost +21 and Magical Accuracy +4. Stone level 30; check the target equipment's level and free slots. 10 stones per offer.
167000605	10	300000	manastone_magic	20	Socket Manastone: Magical Accuracy +8 / HP +32 into a compatible manastone slot to add Magical Accuracy +8 and HP +32. Stone level 30; check the target equipment's level and free slots. 10 stones per offer.
167000606	10	300000	manastone_magic	20	Socket Manastone: Magical Accuracy +8 / MP +32 into a compatible manastone slot to add Magical Accuracy +8 and MP +32. Stone level 30; check the target equipment's level and free slots. 10 stones per offer.
167000607	10	300000	manastone_magic	20	Socket Manastone: Magical Accuracy +8 / Magic Boost +10 into a compatible manastone slot to add Magical Accuracy +8 and Magic Boost +10. Stone level 30; check the target equipment's level and free slots. 10 stones per offer.
167000608	10	300000	manastone_magic	20	Socket Manastone: Magical Accuracy +8 / Accuracy +10 into a compatible manastone slot to add Magical Accuracy +8 and Accuracy +10. Stone level 30; check the target equipment's level and free slots. 10 stones per offer.
167000609	10	300000	manastone_magic	20	Socket Manastone: Magical Accuracy +8 / Evasion +10 into a compatible manastone slot to add Magical Accuracy +8 and Evasion +10. Stone level 30; check the target equipment's level and free slots. 10 stones per offer.
167000610	10	300000	manastone_magic	20	Socket Manastone: Magical Accuracy +8 / Parry +10 into a compatible manastone slot to add Magical Accuracy +8 and Parry +10. Stone level 30; check the target equipment's level and free slots. 10 stones per offer.
167000611	10	300000	manastone_magic	20	Socket Manastone: Magical Accuracy +8 / Block +10 into a compatible manastone slot to add Magical Accuracy +8 and Block +10. Stone level 30; check the target equipment's level and free slots. 10 stones per offer.
167000612	10	300000	manastone_magic	20	Socket Manastone: Magical Accuracy +8 / Crit Strike +5 into a compatible manastone slot to add Magical Accuracy +8 and Crit Strike +5. Stone level 30; check the target equipment's level and free slots. 10 stones per offer.
167000613	10	300000	manastone_magic	20	Socket Manastone: Magical Accuracy +8 / Resist Magic +4 into a compatible manastone slot to add Magical Accuracy +8 and Resist Magic +4. Stone level 30; check the target equipment's level and free slots. 10 stones per offer.
167000614	10	330000	manastone_physical	30	Socket Manastone: Attack +4 / HP +37 into a compatible manastone slot to add Attack +4 and HP +37. Stone level 40; check the target equipment's level and free slots. 10 stones per offer.
167000615	10	330000	manastone_physical	30	Socket Manastone: Attack +4 / MP +37 into a compatible manastone slot to add Attack +4 and MP +37. Stone level 40; check the target equipment's level and free slots. 10 stones per offer.
167000616	10	330000	manastone_physical	30	Socket Manastone: Attack +4 / Crit Strike +6 into a compatible manastone slot to add Attack +4 and Crit Strike +6. Stone level 40; check the target equipment's level and free slots. 10 stones per offer.
167000617	10	330000	manastone_physical	30	Socket Manastone: Attack +4 / Resist Magic +5 into a compatible manastone slot to add Attack +4 and Resist Magic +5. Stone level 40; check the target equipment's level and free slots. 10 stones per offer.
167000618	10	330000	manastone_physical	30	Socket Manastone: Attack +4 / Magical Accuracy +5 into a compatible manastone slot to add Attack +4 and Magical Accuracy +5. Stone level 40; check the target equipment's level and free slots. 10 stones per offer.
167000619	10	330000	manastone_physical	30	Socket Manastone: Crit Strike +13 / HP +37 into a compatible manastone slot to add Crit Strike +13 and HP +37. Stone level 40; check the target equipment's level and free slots. 10 stones per offer.
167000620	10	330000	manastone_physical	30	Socket Manastone: Crit Strike +13 / MP +37 into a compatible manastone slot to add Crit Strike +13 and MP +37. Stone level 40; check the target equipment's level and free slots. 10 stones per offer.
167000621	10	330000	manastone_physical	30	Socket Manastone: Crit Strike +13 / Attack +2 into a compatible manastone slot to add Crit Strike +13 and Attack +2. Stone level 40; check the target equipment's level and free slots. 10 stones per offer.
167000622	10	330000	manastone_physical	30	Socket Manastone: Crit Strike +13 / Accuracy +11 into a compatible manastone slot to add Crit Strike +13 and Accuracy +11. Stone level 40; check the target equipment's level and free slots. 10 stones per offer.
167000623	10	330000	manastone_physical	30	Socket Manastone: Crit Strike +13 / Evasion +11 into a compatible manastone slot to add Crit Strike +13 and Evasion +11. Stone level 40; check the target equipment's level and free slots. 10 stones per offer.
167000624	10	330000	manastone_physical	30	Socket Manastone: Crit Strike +13 / Parry +11 into a compatible manastone slot to add Crit Strike +13 and Parry +11. Stone level 40; check the target equipment's level and free slots. 10 stones per offer.
167000625	10	330000	manastone_physical	30	Socket Manastone: Crit Strike +13 / Block +11 into a compatible manastone slot to add Crit Strike +13 and Block +11. Stone level 40; check the target equipment's level and free slots. 10 stones per offer.
167000626	10	330000	manastone_physical	30	Socket Manastone: Crit Strike +13 / Resist Magic +5 into a compatible manastone slot to add Crit Strike +13 and Resist Magic +5. Stone level 40; check the target equipment's level and free slots. 10 stones per offer.
167000627	10	330000	manastone_physical	30	Socket Manastone: Crit Strike +13 / Magical Accuracy +5 into a compatible manastone slot to add Crit Strike +13 and Magical Accuracy +5. Stone level 40; check the target equipment's level and free slots. 10 stones per offer.
167000628	10	330000	manastone_magic	30	Socket Manastone: Magic Boost +23 / HP +37 into a compatible manastone slot to add Magic Boost +23 and HP +37. Stone level 40; check the target equipment's level and free slots. 10 stones per offer.
167000629	10	330000	manastone_magic	30	Socket Manastone: Magic Boost +23 / MP +37 into a compatible manastone slot to add Magic Boost +23 and MP +37. Stone level 40; check the target equipment's level and free slots. 10 stones per offer.
167000630	10	330000	manastone_magic	30	Socket Manastone: Magic Boost +23 / Accuracy +11 into a compatible manastone slot to add Magic Boost +23 and Accuracy +11. Stone level 40; check the target equipment's level and free slots. 10 stones per offer.
167000631	10	330000	manastone_magic	30	Socket Manastone: Magic Boost +23 / Evasion +11 into a compatible manastone slot to add Magic Boost +23 and Evasion +11. Stone level 40; check the target equipment's level and free slots. 10 stones per offer.
167000632	10	330000	manastone_magic	30	Socket Manastone: Magic Boost +23 / Parry +11 into a compatible manastone slot to add Magic Boost +23 and Parry +11. Stone level 40; check the target equipment's level and free slots. 10 stones per offer.
167000633	10	330000	manastone_magic	30	Socket Manastone: Magic Boost +23 / Block +11 into a compatible manastone slot to add Magic Boost +23 and Block +11. Stone level 40; check the target equipment's level and free slots. 10 stones per offer.
167000634	10	330000	manastone_magic	30	Socket Manastone: Magic Boost +23 / Crit Strike +6 into a compatible manastone slot to add Magic Boost +23 and Crit Strike +6. Stone level 40; check the target equipment's level and free slots. 10 stones per offer.
167000635	10	330000	manastone_magic	30	Socket Manastone: Magic Boost +23 / Resist Magic +5 into a compatible manastone slot to add Magic Boost +23 and Resist Magic +5. Stone level 40; check the target equipment's level and free slots. 10 stones per offer.
167000636	10	330000	manastone_magic	30	Socket Manastone: Magic Boost +23 / Magical Accuracy +5 into a compatible manastone slot to add Magic Boost +23 and Magical Accuracy +5. Stone level 40; check the target equipment's level and free slots. 10 stones per offer.
167000637	10	330000	manastone_magic	30	Socket Manastone: Magical Accuracy +10 / HP +37 into a compatible manastone slot to add Magical Accuracy +10 and HP +37. Stone level 40; check the target equipment's level and free slots. 10 stones per offer.
167000638	10	330000	manastone_magic	30	Socket Manastone: Magical Accuracy +10 / MP +37 into a compatible manastone slot to add Magical Accuracy +10 and MP +37. Stone level 40; check the target equipment's level and free slots. 10 stones per offer.
167000639	10	330000	manastone_magic	30	Socket Manastone: Magical Accuracy +10 / Magic Boost +11 into a compatible manastone slot to add Magical Accuracy +10 and Magic Boost +11. Stone level 40; check the target equipment's level and free slots. 10 stones per offer.
167000640	10	330000	manastone_magic	30	Socket Manastone: Magical Accuracy +10 / Accuracy +11 into a compatible manastone slot to add Magical Accuracy +10 and Accuracy +11. Stone level 40; check the target equipment's level and free slots. 10 stones per offer.
167000641	10	330000	manastone_magic	30	Socket Manastone: Magical Accuracy +10 / Evasion +11 into a compatible manastone slot to add Magical Accuracy +10 and Evasion +11. Stone level 40; check the target equipment's level and free slots. 10 stones per offer.
167000642	10	330000	manastone_magic	30	Socket Manastone: Magical Accuracy +10 / Parry +11 into a compatible manastone slot to add Magical Accuracy +10 and Parry +11. Stone level 40; check the target equipment's level and free slots. 10 stones per offer.
167000643	10	330000	manastone_magic	30	Socket Manastone: Magical Accuracy +10 / Block +11 into a compatible manastone slot to add Magical Accuracy +10 and Block +11. Stone level 40; check the target equipment's level and free slots. 10 stones per offer.
167000644	10	330000	manastone_magic	30	Socket Manastone: Magical Accuracy +10 / Crit Strike +6 into a compatible manastone slot to add Magical Accuracy +10 and Crit Strike +6. Stone level 40; check the target equipment's level and free slots. 10 stones per offer.
167000645	10	330000	manastone_magic	30	Socket Manastone: Magical Accuracy +10 / Resist Magic +5 into a compatible manastone slot to add Magical Accuracy +10 and Resist Magic +5. Stone level 40; check the target equipment's level and free slots. 10 stones per offer.
167000646	10	360000	manastone_physical	40	Socket Manastone: Attack +5 / HP +42 into a compatible manastone slot to add Attack +5 and HP +42. Stone level 50; check the target equipment's level and free slots. 10 stones per offer.
167000647	10	360000	manastone_physical	40	Socket Manastone: Attack +5 / MP +42 into a compatible manastone slot to add Attack +5 and MP +42. Stone level 50; check the target equipment's level and free slots. 10 stones per offer.
167000648	10	360000	manastone_physical	40	Socket Manastone: Attack +5 / Accuracy +12 into a compatible manastone slot to add Attack +5 and Accuracy +12. Stone level 50; check the target equipment's level and free slots. 10 stones per offer.
167000649	10	360000	manastone_physical	40	Socket Manastone: Attack +5 / Evasion +12 into a compatible manastone slot to add Attack +5 and Evasion +12. Stone level 50; check the target equipment's level and free slots. 10 stones per offer.
167000650	10	360000	manastone_physical	40	Socket Manastone: Attack +5 / Parry +12 into a compatible manastone slot to add Attack +5 and Parry +12. Stone level 50; check the target equipment's level and free slots. 10 stones per offer.
167000651	10	360000	manastone_physical	40	Socket Manastone: Attack +5 / Block +12 into a compatible manastone slot to add Attack +5 and Block +12. Stone level 50; check the target equipment's level and free slots. 10 stones per offer.
167000652	10	360000	manastone_physical	40	Socket Manastone: Attack +5 / Crit Strike +7 into a compatible manastone slot to add Attack +5 and Crit Strike +7. Stone level 50; check the target equipment's level and free slots. 10 stones per offer.
167000653	10	360000	manastone_physical	40	Socket Manastone: Attack +5 / Resist Magic +6 into a compatible manastone slot to add Attack +5 and Resist Magic +6. Stone level 50; check the target equipment's level and free slots. 10 stones per offer.
167000654	10	360000	manastone_physical	40	Socket Manastone: Attack +5 / Magical Accuracy +6 into a compatible manastone slot to add Attack +5 and Magical Accuracy +6. Stone level 50; check the target equipment's level and free slots. 10 stones per offer.
167000655	10	360000	manastone_physical	40	Socket Manastone: Crit Strike +15 / HP +42 into a compatible manastone slot to add Crit Strike +15 and HP +42. Stone level 50; check the target equipment's level and free slots. 10 stones per offer.
167000656	10	360000	manastone_physical	40	Socket Manastone: Crit Strike +15 / MP +42 into a compatible manastone slot to add Crit Strike +15 and MP +42. Stone level 50; check the target equipment's level and free slots. 10 stones per offer.
167000657	10	360000	manastone_physical	40	Socket Manastone: Crit Strike +15 / Attack +2 into a compatible manastone slot to add Crit Strike +15 and Attack +2. Stone level 50; check the target equipment's level and free slots. 10 stones per offer.
167000658	10	360000	manastone_physical	40	Socket Manastone: Crit Strike +15 / Accuracy +12 into a compatible manastone slot to add Crit Strike +15 and Accuracy +12. Stone level 50; check the target equipment's level and free slots. 10 stones per offer.
167000659	10	360000	manastone_physical	40	Socket Manastone: Crit Strike +15 / Evasion +12 into a compatible manastone slot to add Crit Strike +15 and Evasion +12. Stone level 50; check the target equipment's level and free slots. 10 stones per offer.
167000660	10	360000	manastone_physical	40	Socket Manastone: Crit Strike +15 / Parry +12 into a compatible manastone slot to add Crit Strike +15 and Parry +12. Stone level 50; check the target equipment's level and free slots. 10 stones per offer.
167000661	10	360000	manastone_physical	40	Socket Manastone: Crit Strike +15 / Block +12 into a compatible manastone slot to add Crit Strike +15 and Block +12. Stone level 50; check the target equipment's level and free slots. 10 stones per offer.
167000662	10	360000	manastone_physical	40	Socket Manastone: Crit Strike +15 / Resist Magic +6 into a compatible manastone slot to add Crit Strike +15 and Resist Magic +6. Stone level 50; check the target equipment's level and free slots. 10 stones per offer.
167000663	10	360000	manastone_physical	40	Socket Manastone: Crit Strike +15 / Magical Accuracy +6 into a compatible manastone slot to add Crit Strike +15 and Magical Accuracy +6. Stone level 50; check the target equipment's level and free slots. 10 stones per offer.
167000664	10	360000	manastone_magic	40	Socket Manastone: Magic Boost +25 / HP +42 into a compatible manastone slot to add Magic Boost +25 and HP +42. Stone level 50; check the target equipment's level and free slots. 10 stones per offer.
167000665	10	360000	manastone_magic	40	Socket Manastone: Magic Boost +25 / MP +42 into a compatible manastone slot to add Magic Boost +25 and MP +42. Stone level 50; check the target equipment's level and free slots. 10 stones per offer.
167000666	10	360000	manastone_magic	40	Socket Manastone: Magic Boost +25 / Accuracy +12 into a compatible manastone slot to add Magic Boost +25 and Accuracy +12. Stone level 50; check the target equipment's level and free slots. 10 stones per offer.
167000667	10	360000	manastone_magic	40	Socket Manastone: Magic Boost +25 / Evasion +12 into a compatible manastone slot to add Magic Boost +25 and Evasion +12. Stone level 50; check the target equipment's level and free slots. 10 stones per offer.
167000668	10	360000	manastone_magic	40	Socket Manastone: Magic Boost +25 / Parry +12 into a compatible manastone slot to add Magic Boost +25 and Parry +12. Stone level 50; check the target equipment's level and free slots. 10 stones per offer.
167000669	10	360000	manastone_magic	40	Socket Manastone: Magic Boost +25 / Block +12 into a compatible manastone slot to add Magic Boost +25 and Block +12. Stone level 50; check the target equipment's level and free slots. 10 stones per offer.
167000670	10	360000	manastone_magic	40	Socket Manastone: Magic Boost +25 / Crit Strike +7 into a compatible manastone slot to add Magic Boost +25 and Crit Strike +7. Stone level 50; check the target equipment's level and free slots. 10 stones per offer.
167000671	10	360000	manastone_magic	40	Socket Manastone: Magic Boost +25 / Resist Magic +6 into a compatible manastone slot to add Magic Boost +25 and Resist Magic +6. Stone level 50; check the target equipment's level and free slots. 10 stones per offer.
167000672	10	360000	manastone_magic	40	Socket Manastone: Magic Boost +25 / Magical Accuracy +6 into a compatible manastone slot to add Magic Boost +25 and Magical Accuracy +6. Stone level 50; check the target equipment's level and free slots. 10 stones per offer.
167000673	10	360000	manastone_magic	40	Socket Manastone: Magical Accuracy +12 / HP +42 into a compatible manastone slot to add Magical Accuracy +12 and HP +42. Stone level 50; check the target equipment's level and free slots. 10 stones per offer.
167000674	10	360000	manastone_magic	40	Socket Manastone: Magical Accuracy +12 / MP +42 into a compatible manastone slot to add Magical Accuracy +12 and MP +42. Stone level 50; check the target equipment's level and free slots. 10 stones per offer.
167000675	10	360000	manastone_magic	40	Socket Manastone: Magical Accuracy +12 / Magic Boost +12 into a compatible manastone slot to add Magical Accuracy +12 and Magic Boost +12. Stone level 50; check the target equipment's level and free slots. 10 stones per offer.
167000676	10	360000	manastone_magic	40	Socket Manastone: Magical Accuracy +12 / Accuracy +12 into a compatible manastone slot to add Magical Accuracy +12 and Accuracy +12. Stone level 50; check the target equipment's level and free slots. 10 stones per offer.
167000677	10	360000	manastone_magic	40	Socket Manastone: Magical Accuracy +12 / Evasion +12 into a compatible manastone slot to add Magical Accuracy +12 and Evasion +12. Stone level 50; check the target equipment's level and free slots. 10 stones per offer.
167000678	10	360000	manastone_magic	40	Socket Manastone: Magical Accuracy +12 / Parry +12 into a compatible manastone slot to add Magical Accuracy +12 and Parry +12. Stone level 50; check the target equipment's level and free slots. 10 stones per offer.
167000679	10	360000	manastone_magic	40	Socket Manastone: Magical Accuracy +12 / Block +12 into a compatible manastone slot to add Magical Accuracy +12 and Block +12. Stone level 50; check the target equipment's level and free slots. 10 stones per offer.
167000680	10	360000	manastone_magic	40	Socket Manastone: Magical Accuracy +12 / Crit Strike +7 into a compatible manastone slot to add Magical Accuracy +12 and Crit Strike +7. Stone level 50; check the target equipment's level and free slots. 10 stones per offer.
167000681	10	360000	manastone_magic	40	Socket Manastone: Magical Accuracy +12 / Resist Magic +6 into a compatible manastone slot to add Magical Accuracy +12 and Resist Magic +6. Stone level 50; check the target equipment's level and free slots. 10 stones per offer.
167000682	10	390000	manastone_physical	50	Socket Manastone: Attack +5 / HP +47 into a compatible manastone slot to add Attack +5 and HP +47. Stone level 60; check the target equipment's level and free slots. 10 stones per offer.
167000683	10	390000	manastone_physical	50	Socket Manastone: Attack +5 / MP +47 into a compatible manastone slot to add Attack +5 and MP +47. Stone level 60; check the target equipment's level and free slots. 10 stones per offer.
167000684	10	390000	manastone_physical	50	Socket Manastone: Attack +5 / Accuracy +13 into a compatible manastone slot to add Attack +5 and Accuracy +13. Stone level 60; check the target equipment's level and free slots. 10 stones per offer.
167000685	10	390000	manastone_physical	50	Socket Manastone: Attack +5 / Evasion +13 into a compatible manastone slot to add Attack +5 and Evasion +13. Stone level 60; check the target equipment's level and free slots. 10 stones per offer.
167000686	10	390000	manastone_physical	50	Socket Manastone: Attack +5 / Parry +13 into a compatible manastone slot to add Attack +5 and Parry +13. Stone level 60; check the target equipment's level and free slots. 10 stones per offer.
167000687	10	390000	manastone_physical	50	Socket Manastone: Attack +5 / Block +13 into a compatible manastone slot to add Attack +5 and Block +13. Stone level 60; check the target equipment's level and free slots. 10 stones per offer.
167000688	10	390000	manastone_physical	50	Socket Manastone: Crit Strike +17 / HP +47 into a compatible manastone slot to add Crit Strike +17 and HP +47. Stone level 60; check the target equipment's level and free slots. 10 stones per offer.
167000689	10	390000	manastone_physical	50	Socket Manastone: Crit Strike +17 / MP +47 into a compatible manastone slot to add Crit Strike +17 and MP +47. Stone level 60; check the target equipment's level and free slots. 10 stones per offer.
167000690	10	390000	manastone_physical	50	Socket Manastone: Crit Strike +17 / Attack +2 into a compatible manastone slot to add Crit Strike +17 and Attack +2. Stone level 60; check the target equipment's level and free slots. 10 stones per offer.
167000691	10	390000	manastone_physical	50	Socket Manastone: Crit Strike +17 / Accuracy +13 into a compatible manastone slot to add Crit Strike +17 and Accuracy +13. Stone level 60; check the target equipment's level and free slots. 10 stones per offer.
167000692	10	390000	manastone_physical	50	Socket Manastone: Crit Strike +17 / Evasion +13 into a compatible manastone slot to add Crit Strike +17 and Evasion +13. Stone level 60; check the target equipment's level and free slots. 10 stones per offer.
167000693	10	390000	manastone_physical	50	Socket Manastone: Crit Strike +17 / Parry +13 into a compatible manastone slot to add Crit Strike +17 and Parry +13. Stone level 60; check the target equipment's level and free slots. 10 stones per offer.
167000694	10	390000	manastone_physical	50	Socket Manastone: Crit Strike +17 / Block +13 into a compatible manastone slot to add Crit Strike +17 and Block +13. Stone level 60; check the target equipment's level and free slots. 10 stones per offer.
167000695	10	390000	manastone_physical	50	Socket Manastone: Crit Strike +17 / Resist Magic +7 into a compatible manastone slot to add Crit Strike +17 and Resist Magic +7. Stone level 60; check the target equipment's level and free slots. 10 stones per offer.
167000696	10	390000	manastone_physical	50	Socket Manastone: Crit Strike +17 / Magical Accuracy +7 into a compatible manastone slot to add Crit Strike +17 and Magical Accuracy +7. Stone level 60; check the target equipment's level and free slots. 10 stones per offer.
167000697	10	390000	manastone_magic	50	Socket Manastone: Magic Boost +27 / HP +47 into a compatible manastone slot to add Magic Boost +27 and HP +47. Stone level 60; check the target equipment's level and free slots. 10 stones per offer.
167000698	10	390000	manastone_magic	50	Socket Manastone: Magic Boost +27 / MP +47 into a compatible manastone slot to add Magic Boost +27 and MP +47. Stone level 60; check the target equipment's level and free slots. 10 stones per offer.
167000699	10	390000	manastone_magic	50	Socket Manastone: Magic Boost +27 / Accuracy +13 into a compatible manastone slot to add Magic Boost +27 and Accuracy +13. Stone level 60; check the target equipment's level and free slots. 10 stones per offer.
167000700	10	390000	manastone_magic	50	Socket Manastone: Magic Boost +27 / Evasion +13 into a compatible manastone slot to add Magic Boost +27 and Evasion +13. Stone level 60; check the target equipment's level and free slots. 10 stones per offer.
167000701	10	390000	manastone_magic	50	Socket Manastone: Magic Boost +27 / Parry +13 into a compatible manastone slot to add Magic Boost +27 and Parry +13. Stone level 60; check the target equipment's level and free slots. 10 stones per offer.
167000702	10	390000	manastone_magic	50	Socket Manastone: Magic Boost +27 / Block +13 into a compatible manastone slot to add Magic Boost +27 and Block +13. Stone level 60; check the target equipment's level and free slots. 10 stones per offer.
167000703	10	390000	manastone_magic	50	Socket Manastone: Magic Boost +27 / Crit Strike +8 into a compatible manastone slot to add Magic Boost +27 and Crit Strike +8. Stone level 60; check the target equipment's level and free slots. 10 stones per offer.
167000704	10	390000	manastone_magic	50	Socket Manastone: Magic Boost +27 / Resist Magic +7 into a compatible manastone slot to add Magic Boost +27 and Resist Magic +7. Stone level 60; check the target equipment's level and free slots. 10 stones per offer.
167000706	10	390000	manastone_magic	50	Socket Manastone: Magical Accuracy +14 / HP +47 into a compatible manastone slot to add Magical Accuracy +14 and HP +47. Stone level 60; check the target equipment's level and free slots. 10 stones per offer.
167000707	10	390000	manastone_magic	50	Socket Manastone: Magical Accuracy +14 / MP +47 into a compatible manastone slot to add Magical Accuracy +14 and MP +47. Stone level 60; check the target equipment's level and free slots. 10 stones per offer.
167000708	10	390000	manastone_magic	50	Socket Manastone: Magical Accuracy +14 / Magic Boost +13 into a compatible manastone slot to add Magical Accuracy +14 and Magic Boost +13. Stone level 60; check the target equipment's level and free slots. 10 stones per offer.
167000709	10	390000	manastone_magic	50	Socket Manastone: Magical Accuracy +14 / Accuracy +13 into a compatible manastone slot to add Magical Accuracy +14 and Accuracy +13. Stone level 60; check the target equipment's level and free slots. 10 stones per offer.
167000710	10	390000	manastone_magic	50	Socket Manastone: Magical Accuracy +14 / Evasion +13 into a compatible manastone slot to add Magical Accuracy +14 and Evasion +13. Stone level 60; check the target equipment's level and free slots. 10 stones per offer.
167000711	10	390000	manastone_magic	50	Socket Manastone: Magical Accuracy +14 / Parry +13 into a compatible manastone slot to add Magical Accuracy +14 and Parry +13. Stone level 60; check the target equipment's level and free slots. 10 stones per offer.
167000712	10	390000	manastone_magic	50	Socket Manastone: Magical Accuracy +14 / Block +13 into a compatible manastone slot to add Magical Accuracy +14 and Block +13. Stone level 60; check the target equipment's level and free slots. 10 stones per offer.
167000713	10	390000	manastone_magic	50	Socket Manastone: Magical Accuracy +14 / Crit Strike +8 into a compatible manastone slot to add Magical Accuracy +14 and Crit Strike +8. Stone level 60; check the target equipment's level and free slots. 10 stones per offer.
167000714	10	390000	manastone_magic	50	Socket Manastone: Magical Accuracy +14 / Resist Magic +7 into a compatible manastone slot to add Magical Accuracy +14 and Resist Magic +7. Stone level 60; check the target equipment's level and free slots. 10 stones per offer.
167000715	10	420000	manastone_physical	60	Socket Manastone: Attack +5 / Crit Strike +9 into a compatible manastone slot to add Attack +5 and Crit Strike +9. Stone level 70; check the target equipment's level and free slots. 10 stones per offer.
167000716	10	420000	manastone_physical	60	Socket Manastone: Attack +5 / Resist Magic +8 into a compatible manastone slot to add Attack +5 and Resist Magic +8. Stone level 70; check the target equipment's level and free slots. 10 stones per offer.
167000717	10	420000	manastone_physical	60	Socket Manastone: Attack +5 / Magical Accuracy +8 into a compatible manastone slot to add Attack +5 and Magical Accuracy +8. Stone level 70; check the target equipment's level and free slots. 10 stones per offer.
167000718	10	420000	manastone_physical	60	Socket Manastone: Crit Strike +19 / HP +50 into a compatible manastone slot to add Crit Strike +19 and HP +50. Stone level 70; check the target equipment's level and free slots. 10 stones per offer.
167000719	10	420000	manastone_physical	60	Socket Manastone: Crit Strike +19 / MP +52 into a compatible manastone slot to add Crit Strike +19 and MP +52. Stone level 70; check the target equipment's level and free slots. 10 stones per offer.
167000720	10	420000	manastone_physical	60	Socket Manastone: Crit Strike +19 / Attack +2 into a compatible manastone slot to add Crit Strike +19 and Attack +2. Stone level 70; check the target equipment's level and free slots. 10 stones per offer.
167000721	10	420000	manastone_physical	60	Socket Manastone: Crit Strike +19 / Accuracy +14 into a compatible manastone slot to add Crit Strike +19 and Accuracy +14. Stone level 70; check the target equipment's level and free slots. 10 stones per offer.
167000722	10	420000	manastone_physical	60	Socket Manastone: Crit Strike +19 / Evasion +14 into a compatible manastone slot to add Crit Strike +19 and Evasion +14. Stone level 70; check the target equipment's level and free slots. 10 stones per offer.
167000723	10	420000	manastone_physical	60	Socket Manastone: Crit Strike +19 / Parry +14 into a compatible manastone slot to add Crit Strike +19 and Parry +14. Stone level 70; check the target equipment's level and free slots. 10 stones per offer.
167000724	10	420000	manastone_physical	60	Socket Manastone: Crit Strike +19 / Block +14 into a compatible manastone slot to add Crit Strike +19 and Block +14. Stone level 70; check the target equipment's level and free slots. 10 stones per offer.
167000725	10	420000	manastone_physical	60	Socket Manastone: Crit Strike +19 / Resist Magic +8 into a compatible manastone slot to add Crit Strike +19 and Resist Magic +8. Stone level 70; check the target equipment's level and free slots. 10 stones per offer.
167000726	10	420000	manastone_physical	60	Socket Manastone: Crit Strike +19 / Magical Accuracy +8 into a compatible manastone slot to add Crit Strike +19 and Magical Accuracy +8. Stone level 70; check the target equipment's level and free slots. 10 stones per offer.
167000727	10	420000	manastone_magic	60	Socket Manastone: Magic Boost +27 / HP +50 into a compatible manastone slot to add Magic Boost +27 and HP +50. Stone level 70; check the target equipment's level and free slots. 10 stones per offer.
167000728	10	420000	manastone_magic	60	Socket Manastone: Magic Boost +27 / MP +52 into a compatible manastone slot to add Magic Boost +27 and MP +52. Stone level 70; check the target equipment's level and free slots. 10 stones per offer.
167000729	10	420000	manastone_magic	60	Socket Manastone: Magic Boost +27 / Accuracy +14 into a compatible manastone slot to add Magic Boost +27 and Accuracy +14. Stone level 70; check the target equipment's level and free slots. 10 stones per offer.
167000730	10	420000	manastone_magic	60	Socket Manastone: Magic Boost +27 / Evasion +14 into a compatible manastone slot to add Magic Boost +27 and Evasion +14. Stone level 70; check the target equipment's level and free slots. 10 stones per offer.
167000731	10	420000	manastone_magic	60	Socket Manastone: Magic Boost +27 / Parry +14 into a compatible manastone slot to add Magic Boost +27 and Parry +14. Stone level 70; check the target equipment's level and free slots. 10 stones per offer.
167000732	10	420000	manastone_magic	60	Socket Manastone: Magic Boost +27 / Block +14 into a compatible manastone slot to add Magic Boost +27 and Block +14. Stone level 70; check the target equipment's level and free slots. 10 stones per offer.
167000733	10	420000	manastone_magic	60	Socket Manastone: Magic Boost +27 / Crit Strike +9 into a compatible manastone slot to add Magic Boost +27 and Crit Strike +9. Stone level 70; check the target equipment's level and free slots. 10 stones per offer.
167000734	10	420000	manastone_magic	60	Socket Manastone: Magic Boost +27 / Resist Magic +8 into a compatible manastone slot to add Magic Boost +27 and Resist Magic +8. Stone level 70; check the target equipment's level and free slots. 10 stones per offer.
167000735	10	420000	manastone_magic	60	Socket Manastone: Magic Boost +27 / Magical Accuracy +8 into a compatible manastone slot to add Magic Boost +27 and Magical Accuracy +8. Stone level 70; check the target equipment's level and free slots. 10 stones per offer.
167000736	10	420000	manastone_magic	60	Socket Manastone: Magical Accuracy +16 / HP +50 into a compatible manastone slot to add Magical Accuracy +16 and HP +50. Stone level 70; check the target equipment's level and free slots. 10 stones per offer.
167000737	10	420000	manastone_magic	60	Socket Manastone: Magical Accuracy +16 / MP +52 into a compatible manastone slot to add Magical Accuracy +16 and MP +52. Stone level 70; check the target equipment's level and free slots. 10 stones per offer.
167000738	10	420000	manastone_magic	60	Socket Manastone: Magical Accuracy +16 / Magic Boost +14 into a compatible manastone slot to add Magical Accuracy +16 and Magic Boost +14. Stone level 70; check the target equipment's level and free slots. 10 stones per offer.
167000739	10	420000	manastone_magic	60	Socket Manastone: Magical Accuracy +16 / Accuracy +14 into a compatible manastone slot to add Magical Accuracy +16 and Accuracy +14. Stone level 70; check the target equipment's level and free slots. 10 stones per offer.
167000740	10	420000	manastone_magic	60	Socket Manastone: Magical Accuracy +16 / Evasion +14 into a compatible manastone slot to add Magical Accuracy +16 and Evasion +14. Stone level 70; check the target equipment's level and free slots. 10 stones per offer.
167000741	10	420000	manastone_magic	60	Socket Manastone: Magical Accuracy +16 / Parry +14 into a compatible manastone slot to add Magical Accuracy +16 and Parry +14. Stone level 70; check the target equipment's level and free slots. 10 stones per offer.
167000742	10	420000	manastone_magic	60	Socket Manastone: Magical Accuracy +16 / Block +14 into a compatible manastone slot to add Magical Accuracy +16 and Block +14. Stone level 70; check the target equipment's level and free slots. 10 stones per offer.
167000743	10	420000	manastone_magic	60	Socket Manastone: Magical Accuracy +16 / Crit Strike +9 into a compatible manastone slot to add Magical Accuracy +16 and Crit Strike +9. Stone level 70; check the target equipment's level and free slots. 10 stones per offer.
167000744	10	420000	manastone_magic	60	Socket Manastone: Magical Accuracy +16 / Resist Magic +8 into a compatible manastone slot to add Magical Accuracy +16 and Resist Magic +8. Stone level 70; check the target equipment's level and free slots. 10 stones per offer.
167000745	10	330000	manastone_physical	30	Socket Manastone: Attack +4 / Accuracy +11 into a compatible manastone slot to add Attack +4 and Accuracy +11. Stone level 40; check the target equipment's level and free slots. 10 stones per offer.
167000746	10	330000	manastone_physical	30	Socket Manastone: Attack +4 / Evasion +11 into a compatible manastone slot to add Attack +4 and Evasion +11. Stone level 40; check the target equipment's level and free slots. 10 stones per offer.
167000747	10	330000	manastone_physical	30	Socket Manastone: Attack +4 / Parry +11 into a compatible manastone slot to add Attack +4 and Parry +11. Stone level 40; check the target equipment's level and free slots. 10 stones per offer.
167000748	10	330000	manastone_physical	30	Socket Manastone: Attack +4 / Block +11 into a compatible manastone slot to add Attack +4 and Block +11. Stone level 40; check the target equipment's level and free slots. 10 stones per offer.
167000750	10	390000	manastone_physical	50	Socket Manastone: Attack +5 / Resist Magic +7 into a compatible manastone slot to add Attack +5 and Resist Magic +7. Stone level 60; check the target equipment's level and free slots. 10 stones per offer.
167000751	10	390000	manastone_physical	50	Socket Manastone: Attack +5 / Magical Accuracy +7 into a compatible manastone slot to add Attack +5 and Magical Accuracy +7. Stone level 60; check the target equipment's level and free slots. 10 stones per offer.
167000752	10	420000	manastone_physical	60	Socket Manastone: Attack +5 / HP +50 into a compatible manastone slot to add Attack +5 and HP +50. Stone level 70; check the target equipment's level and free slots. 10 stones per offer.
167000753	10	420000	manastone_physical	60	Socket Manastone: Attack +5 / MP +52 into a compatible manastone slot to add Attack +5 and MP +52. Stone level 70; check the target equipment's level and free slots. 10 stones per offer.
167000754	10	420000	manastone_physical	60	Socket Manastone: Attack +5 / Accuracy +14 into a compatible manastone slot to add Attack +5 and Accuracy +14. Stone level 70; check the target equipment's level and free slots. 10 stones per offer.
167000755	10	420000	manastone_physical	60	Socket Manastone: Attack +5 / Evasion +14 into a compatible manastone slot to add Attack +5 and Evasion +14. Stone level 70; check the target equipment's level and free slots. 10 stones per offer.
167000756	10	420000	manastone_physical	60	Socket Manastone: Attack +5 / Parry +14 into a compatible manastone slot to add Attack +5 and Parry +14. Stone level 70; check the target equipment's level and free slots. 10 stones per offer.
167000757	10	420000	manastone_physical	60	Socket Manastone: Attack +5 / Block +14 into a compatible manastone slot to add Attack +5 and Block +14. Stone level 70; check the target equipment's level and free slots. 10 stones per offer.
167000758	10	40000	manastone_vitality	60	Socket Manastone: HP +80 into a compatible manastone slot to add HP +80. Stone level 70; check the target equipment's level and free slots. 10 stones per offer.
167000759	10	40000	manastone_vitality	60	Socket Manastone: MP +80 into a compatible manastone slot to add MP +80. Stone level 70; check the target equipment's level and free slots. 10 stones per offer.
167000760	10	40000	manastone_physical	60	Socket Manastone: Accuracy +24 into a compatible manastone slot to add Accuracy +24. Stone level 70; check the target equipment's level and free slots. 10 stones per offer.
167000761	10	40000	manastone_defense	60	Socket Manastone: Evasion +16 into a compatible manastone slot to add Evasion +16. Stone level 70; check the target equipment's level and free slots. 10 stones per offer.
167000762	10	40000	manastone_magic	60	Socket Manastone: Magic Boost +24 into a compatible manastone slot to add Magic Boost +24. Stone level 70; check the target equipment's level and free slots. 10 stones per offer.
167000763	10	40000	manastone_defense	60	Socket Manastone: Parry +24 into a compatible manastone slot to add Parry +24. Stone level 70; check the target equipment's level and free slots. 10 stones per offer.
167000764	10	40000	manastone_defense	60	Socket Manastone: Block +24 into a compatible manastone slot to add Block +24. Stone level 70; check the target equipment's level and free slots. 10 stones per offer.
167000765	10	40000	manastone_physical	60	Socket Manastone: Crit Strike +16 into a compatible manastone slot to add Crit Strike +16. Stone level 70; check the target equipment's level and free slots. 10 stones per offer.
167000766	10	180000	manastone_vitality	60	Socket Manastone: HP +100 into a compatible manastone slot to add HP +100. Stone level 70; check the target equipment's level and free slots. 10 stones per offer.
167000767	10	180000	manastone_vitality	60	Socket Manastone: MP +105 into a compatible manastone slot to add MP +105. Stone level 70; check the target equipment's level and free slots. 10 stones per offer.
167000768	10	180000	manastone_physical	60	Socket Manastone: Accuracy +29 into a compatible manastone slot to add Accuracy +29. Stone level 70; check the target equipment's level and free slots. 10 stones per offer.
167000769	10	180000	manastone_defense	60	Socket Manastone: Evasion +19 into a compatible manastone slot to add Evasion +19. Stone level 70; check the target equipment's level and free slots. 10 stones per offer.
167000770	10	180000	manastone_magic	60	Socket Manastone: Magic Boost +28 into a compatible manastone slot to add Magic Boost +28. Stone level 70; check the target equipment's level and free slots. 10 stones per offer.
167000771	10	180000	manastone_defense	60	Socket Manastone: Parry +29 into a compatible manastone slot to add Parry +29. Stone level 70; check the target equipment's level and free slots. 10 stones per offer.
167000772	10	180000	manastone_defense	60	Socket Manastone: Block +29 into a compatible manastone slot to add Block +29. Stone level 70; check the target equipment's level and free slots. 10 stones per offer.
167000773	10	180000	manastone_physical	60	Socket Manastone: Crit Strike +19 into a compatible manastone slot to add Crit Strike +19. Stone level 70; check the target equipment's level and free slots. 10 stones per offer.
167000775	10	180000	manastone_magic	60	Socket Manastone: Magical Accuracy +16 into a compatible manastone slot to add Magical Accuracy +16. Stone level 70; check the target equipment's level and free slots. 10 stones per offer.
167000776	10	180000	manastone_defense	60	Socket Manastone: Resist Magic +16 into a compatible manastone slot to add Resist Magic +16. Stone level 70; check the target equipment's level and free slots. 10 stones per offer.
167000777	10	180000	manastone_magic	60	Socket Manastone: Crit Spell +5 into a compatible manastone slot to add Crit Spell +5. Stone level 70; check the target equipment's level and free slots. 10 stones per offer.
167000779	10	330000	manastone_vitality	30	Socket Manastone: HP +75 / MP +37 into a compatible manastone slot to add HP +75 and MP +37. Stone level 40; check the target equipment's level and free slots. 10 stones per offer.
167000780	10	330000	manastone_vitality	30	Socket Manastone: HP +75 / Crit Strike +6 into a compatible manastone slot to add HP +75 and Crit Strike +6. Stone level 40; check the target equipment's level and free slots. 10 stones per offer.
167000781	10	330000	manastone_vitality	30	Socket Manastone: HP +75 / Resist Magic+5 into a compatible manastone slot to add HP +75 and Resist Magic+5. Stone level 40; check the target equipment's level and free slots. 10 stones per offer.
167000782	10	330000	manastone_vitality	30	Socket Manastone: HP +75 / Magical Accuracy +5 into a compatible manastone slot to add HP +75 and Magical Accuracy +5. Stone level 40; check the target equipment's level and free slots. 10 stones per offer.
167000783	10	330000	manastone_vitality	30	Socket Manastone: HP +75 / Accuracy +11 into a compatible manastone slot to add HP +75 and Accuracy +11. Stone level 40; check the target equipment's level and free slots. 10 stones per offer.
167000784	10	330000	manastone_vitality	30	Socket Manastone: HP +75 / Evasion +11 into a compatible manastone slot to add HP +75 and Evasion +11. Stone level 40; check the target equipment's level and free slots. 10 stones per offer.
167000785	10	330000	manastone_vitality	30	Socket Manastone: HP +75 / Parry +11 into a compatible manastone slot to add HP +75 and Parry +11. Stone level 40; check the target equipment's level and free slots. 10 stones per offer.
167000786	10	330000	manastone_vitality	30	Socket Manastone: HP +75 / Block +11 into a compatible manastone slot to add HP +75 and Block +11. Stone level 40; check the target equipment's level and free slots. 10 stones per offer.
167000787	10	330000	manastone_vitality	30	Socket Manastone: MP +75 / HP +37 into a compatible manastone slot to add MP +75 and HP +37. Stone level 40; check the target equipment's level and free slots. 10 stones per offer.
167000788	10	330000	manastone_vitality	30	Socket Manastone: MP +75 / Crit Strike +6 into a compatible manastone slot to add MP +75 and Crit Strike +6. Stone level 40; check the target equipment's level and free slots. 10 stones per offer.
167000789	10	330000	manastone_vitality	30	Socket Manastone: MP +75 / Resist Magic+5 into a compatible manastone slot to add MP +75 and Resist Magic+5. Stone level 40; check the target equipment's level and free slots. 10 stones per offer.
167000790	10	330000	manastone_vitality	30	Socket Manastone: MP +75 / Magical Accuracy +5 into a compatible manastone slot to add MP +75 and Magical Accuracy +5. Stone level 40; check the target equipment's level and free slots. 10 stones per offer.
167000791	10	330000	manastone_vitality	30	Socket Manastone: MP +75 / Accuracy +11 into a compatible manastone slot to add MP +75 and Accuracy +11. Stone level 40; check the target equipment's level and free slots. 10 stones per offer.
167000792	10	330000	manastone_vitality	30	Socket Manastone: MP +75 / Evasion +11 into a compatible manastone slot to add MP +75 and Evasion +11. Stone level 40; check the target equipment's level and free slots. 10 stones per offer.
167000793	10	330000	manastone_vitality	30	Socket Manastone: MP +75 / Parry +11 into a compatible manastone slot to add MP +75 and Parry +11. Stone level 40; check the target equipment's level and free slots. 10 stones per offer.
167000794	10	330000	manastone_vitality	30	Socket Manastone: MP +75 / Block +11 into a compatible manastone slot to add MP +75 and Block +11. Stone level 40; check the target equipment's level and free slots. 10 stones per offer.
167000795	10	330000	manastone_defense	30	Socket Manastone: Evasion +13 / HP +37 into a compatible manastone slot to add Evasion +13 and HP +37. Stone level 40; check the target equipment's level and free slots. 10 stones per offer.
167000796	10	330000	manastone_defense	30	Socket Manastone: Evasion +13 / MP +37 into a compatible manastone slot to add Evasion +13 and MP +37. Stone level 40; check the target equipment's level and free slots. 10 stones per offer.
167000797	10	330000	manastone_defense	30	Socket Manastone: Evasion +13 / Crit Strike +6 into a compatible manastone slot to add Evasion +13 and Crit Strike +6. Stone level 40; check the target equipment's level and free slots. 10 stones per offer.
167000798	10	330000	manastone_defense	30	Socket Manastone: Evasion +13 / Resist Magic+5 into a compatible manastone slot to add Evasion +13 and Resist Magic+5. Stone level 40; check the target equipment's level and free slots. 10 stones per offer.
167000799	10	330000	manastone_defense	30	Socket Manastone: Evasion +13 / Magical Accuracy +5 into a compatible manastone slot to add Evasion +13 and Magical Accuracy +5. Stone level 40; check the target equipment's level and free slots. 10 stones per offer.
167000800	10	330000	manastone_defense	30	Socket Manastone: Evasion +13 / Accuracy +11 into a compatible manastone slot to add Evasion +13 and Accuracy +11. Stone level 40; check the target equipment's level and free slots. 10 stones per offer.
167000801	10	330000	manastone_defense	30	Socket Manastone: Evasion +13 / Parry +11 into a compatible manastone slot to add Evasion +13 and Parry +11. Stone level 40; check the target equipment's level and free slots. 10 stones per offer.
167000802	10	330000	manastone_defense	30	Socket Manastone: Evasion +13 / Block +11 into a compatible manastone slot to add Evasion +13 and Block +11. Stone level 40; check the target equipment's level and free slots. 10 stones per offer.
167000803	10	330000	manastone_defense	30	Socket Manastone: Parry +23 / HP +37 into a compatible manastone slot to add Parry +23 and HP +37. Stone level 40; check the target equipment's level and free slots. 10 stones per offer.
167000804	10	330000	manastone_defense	30	Socket Manastone: Parry +23 / MP +37 into a compatible manastone slot to add Parry +23 and MP +37. Stone level 40; check the target equipment's level and free slots. 10 stones per offer.
167000805	10	330000	manastone_defense	30	Socket Manastone: Parry +23 / Crit Strike +6 into a compatible manastone slot to add Parry +23 and Crit Strike +6. Stone level 40; check the target equipment's level and free slots. 10 stones per offer.
167000806	10	330000	manastone_defense	30	Socket Manastone: Parry +23 / Resist Magic+5 into a compatible manastone slot to add Parry +23 and Resist Magic+5. Stone level 40; check the target equipment's level and free slots. 10 stones per offer.
167000807	10	330000	manastone_defense	30	Socket Manastone: Parry +23 / Magical Accuracy +5 into a compatible manastone slot to add Parry +23 and Magical Accuracy +5. Stone level 40; check the target equipment's level and free slots. 10 stones per offer.
167000808	10	330000	manastone_defense	30	Socket Manastone: Parry +23 / Accuracy +11 into a compatible manastone slot to add Parry +23 and Accuracy +11. Stone level 40; check the target equipment's level and free slots. 10 stones per offer.
167000809	10	330000	manastone_defense	30	Socket Manastone: Parry +23 / Evasion +11 into a compatible manastone slot to add Parry +23 and Evasion +11. Stone level 40; check the target equipment's level and free slots. 10 stones per offer.
167000810	10	330000	manastone_defense	30	Socket Manastone: Parry +23 / Block +11 into a compatible manastone slot to add Parry +23 and Block +11. Stone level 40; check the target equipment's level and free slots. 10 stones per offer.
167000811	10	330000	manastone_magic	30	Socket Manastone: Magical Accuracy +10 / Attack +2 into a compatible manastone slot to add Magical Accuracy +10 and Attack +2. Stone level 40; check the target equipment's level and free slots. 10 stones per offer.
167000812	10	360000	manastone_vitality	40	Socket Manastone: HP +85 / MP +42 into a compatible manastone slot to add HP +85 and MP +42. Stone level 50; check the target equipment's level and free slots. 10 stones per offer.
167000813	10	360000	manastone_vitality	40	Socket Manastone: HP +85 / Accuracy +12 into a compatible manastone slot to add HP +85 and Accuracy +12. Stone level 50; check the target equipment's level and free slots. 10 stones per offer.
167000814	10	360000	manastone_vitality	40	Socket Manastone: HP +85 / Evasion +12 into a compatible manastone slot to add HP +85 and Evasion +12. Stone level 50; check the target equipment's level and free slots. 10 stones per offer.
167000815	10	360000	manastone_vitality	40	Socket Manastone: HP +85 / Parry +12 into a compatible manastone slot to add HP +85 and Parry +12. Stone level 50; check the target equipment's level and free slots. 10 stones per offer.
167000816	10	360000	manastone_vitality	40	Socket Manastone: HP +85 / Block +12 into a compatible manastone slot to add HP +85 and Block +12. Stone level 50; check the target equipment's level and free slots. 10 stones per offer.
167000817	10	360000	manastone_vitality	40	Socket Manastone: HP +85 / Crit Strike +7 into a compatible manastone slot to add HP +85 and Crit Strike +7. Stone level 50; check the target equipment's level and free slots. 10 stones per offer.
167000818	10	360000	manastone_vitality	40	Socket Manastone: HP +85 / Resist Magic+6 into a compatible manastone slot to add HP +85 and Resist Magic+6. Stone level 50; check the target equipment's level and free slots. 10 stones per offer.
167000819	10	360000	manastone_vitality	40	Socket Manastone: HP +85 / Magical Accuracy +6 into a compatible manastone slot to add HP +85 and Magical Accuracy +6. Stone level 50; check the target equipment's level and free slots. 10 stones per offer.
167000820	10	360000	manastone_vitality	40	Socket Manastone: MP +85 / HP +42 into a compatible manastone slot to add MP +85 and HP +42. Stone level 50; check the target equipment's level and free slots. 10 stones per offer.
167000821	10	360000	manastone_vitality	40	Socket Manastone: MP +85 / Accuracy +12 into a compatible manastone slot to add MP +85 and Accuracy +12. Stone level 50; check the target equipment's level and free slots. 10 stones per offer.
167000822	10	360000	manastone_vitality	40	Socket Manastone: MP +85 / Evasion +12 into a compatible manastone slot to add MP +85 and Evasion +12. Stone level 50; check the target equipment's level and free slots. 10 stones per offer.
167000823	10	360000	manastone_vitality	40	Socket Manastone: MP +85 / Parry +12 into a compatible manastone slot to add MP +85 and Parry +12. Stone level 50; check the target equipment's level and free slots. 10 stones per offer.
167000824	10	360000	manastone_vitality	40	Socket Manastone: MP +85 / Block +12 into a compatible manastone slot to add MP +85 and Block +12. Stone level 50; check the target equipment's level and free slots. 10 stones per offer.
167000825	10	360000	manastone_vitality	40	Socket Manastone: MP +85 / Crit Strike +7 into a compatible manastone slot to add MP +85 and Crit Strike +7. Stone level 50; check the target equipment's level and free slots. 10 stones per offer.
167000826	10	360000	manastone_vitality	40	Socket Manastone: MP +85 / Resist Magic+6 into a compatible manastone slot to add MP +85 and Resist Magic+6. Stone level 50; check the target equipment's level and free slots. 10 stones per offer.
167000827	10	360000	manastone_vitality	40	Socket Manastone: MP +85 / Magical Accuracy +6 into a compatible manastone slot to add MP +85 and Magical Accuracy +6. Stone level 50; check the target equipment's level and free slots. 10 stones per offer.
167000828	10	360000	manastone_defense	40	Socket Manastone: Evasion +15 / HP +42 into a compatible manastone slot to add Evasion +15 and HP +42. Stone level 50; check the target equipment's level and free slots. 10 stones per offer.
167000829	10	360000	manastone_defense	40	Socket Manastone: Evasion +15 / MP +42 into a compatible manastone slot to add Evasion +15 and MP +42. Stone level 50; check the target equipment's level and free slots. 10 stones per offer.
167000830	10	360000	manastone_defense	40	Socket Manastone: Evasion +15 / Accuracy +12 into a compatible manastone slot to add Evasion +15 and Accuracy +12. Stone level 50; check the target equipment's level and free slots. 10 stones per offer.
167000831	10	360000	manastone_defense	40	Socket Manastone: Evasion +15 / Parry +12 into a compatible manastone slot to add Evasion +15 and Parry +12. Stone level 50; check the target equipment's level and free slots. 10 stones per offer.
167000832	10	360000	manastone_defense	40	Socket Manastone: Evasion +15 / Block +12 into a compatible manastone slot to add Evasion +15 and Block +12. Stone level 50; check the target equipment's level and free slots. 10 stones per offer.
167000833	10	360000	manastone_defense	40	Socket Manastone: Evasion +15 / Crit Strike +7 into a compatible manastone slot to add Evasion +15 and Crit Strike +7. Stone level 50; check the target equipment's level and free slots. 10 stones per offer.
167000834	10	360000	manastone_defense	40	Socket Manastone: Evasion +15 / Resist Magic+6 into a compatible manastone slot to add Evasion +15 and Resist Magic+6. Stone level 50; check the target equipment's level and free slots. 10 stones per offer.
167000835	10	360000	manastone_defense	40	Socket Manastone: Evasion +15 / Magical Accuracy +6 into a compatible manastone slot to add Evasion +15 and Magical Accuracy +6. Stone level 50; check the target equipment's level and free slots. 10 stones per offer.
167000836	10	360000	manastone_defense	40	Socket Manastone: Parry +25 / HP +42 into a compatible manastone slot to add Parry +25 and HP +42. Stone level 50; check the target equipment's level and free slots. 10 stones per offer.
167000837	10	360000	manastone_defense	40	Socket Manastone: Parry +25 / MP +42 into a compatible manastone slot to add Parry +25 and MP +42. Stone level 50; check the target equipment's level and free slots. 10 stones per offer.
167000838	10	360000	manastone_defense	40	Socket Manastone: Parry +25 / Accuracy +12 into a compatible manastone slot to add Parry +25 and Accuracy +12. Stone level 50; check the target equipment's level and free slots. 10 stones per offer.
167000839	10	360000	manastone_defense	40	Socket Manastone: Parry +25 / Evasion +12 into a compatible manastone slot to add Parry +25 and Evasion +12. Stone level 50; check the target equipment's level and free slots. 10 stones per offer.
167000840	10	360000	manastone_defense	40	Socket Manastone: Parry +25 / Block +12 into a compatible manastone slot to add Parry +25 and Block +12. Stone level 50; check the target equipment's level and free slots. 10 stones per offer.
167000841	10	360000	manastone_defense	40	Socket Manastone: Parry +25 / Crit Strike +7 into a compatible manastone slot to add Parry +25 and Crit Strike +7. Stone level 50; check the target equipment's level and free slots. 10 stones per offer.
167000842	10	360000	manastone_defense	40	Socket Manastone: Parry +25 / Resist Magic+6 into a compatible manastone slot to add Parry +25 and Resist Magic+6. Stone level 50; check the target equipment's level and free slots. 10 stones per offer.
167000843	10	360000	manastone_defense	40	Socket Manastone: Parry +25 / Magical Accuracy +6 into a compatible manastone slot to add Parry +25 and Magical Accuracy +6. Stone level 50; check the target equipment's level and free slots. 10 stones per offer.
167000844	10	360000	manastone_magic	40	Socket Manastone: Magical Accuracy +12 / Attack +2 into a compatible manastone slot to add Magical Accuracy +12 and Attack +2. Stone level 50; check the target equipment's level and free slots. 10 stones per offer.
167000846	10	390000	manastone_vitality	50	Socket Manastone: HP +95 / Accuracy +13 into a compatible manastone slot to add HP +95 and Accuracy +13. Stone level 60; check the target equipment's level and free slots. 10 stones per offer.
167000847	10	390000	manastone_vitality	50	Socket Manastone: HP +95 / Evasion +13 into a compatible manastone slot to add HP +95 and Evasion +13. Stone level 60; check the target equipment's level and free slots. 10 stones per offer.
167000848	10	390000	manastone_vitality	50	Socket Manastone: HP +95 / Parry +13 into a compatible manastone slot to add HP +95 and Parry +13. Stone level 60; check the target equipment's level and free slots. 10 stones per offer.
167000849	10	390000	manastone_vitality	50	Socket Manastone: HP +95 / Block +13 into a compatible manastone slot to add HP +95 and Block +13. Stone level 60; check the target equipment's level and free slots. 10 stones per offer.
167000851	10	390000	manastone_vitality	50	Socket Manastone: HP +95 / Resist Magic+7 into a compatible manastone slot to add HP +95 and Resist Magic+7. Stone level 60; check the target equipment's level and free slots. 10 stones per offer.
167000852	10	390000	manastone_vitality	50	Socket Manastone: HP +95 / Magical Accuracy +7 into a compatible manastone slot to add HP +95 and Magical Accuracy +7. Stone level 60; check the target equipment's level and free slots. 10 stones per offer.
167000853	10	390000	manastone_vitality	50	Socket Manastone: MP +95 / HP +47 into a compatible manastone slot to add MP +95 and HP +47. Stone level 60; check the target equipment's level and free slots. 10 stones per offer.
167000854	10	390000	manastone_vitality	50	Socket Manastone: MP +95 / Accuracy +13 into a compatible manastone slot to add MP +95 and Accuracy +13. Stone level 60; check the target equipment's level and free slots. 10 stones per offer.
167000855	10	390000	manastone_vitality	50	Socket Manastone: MP +95 / Evasion +13 into a compatible manastone slot to add MP +95 and Evasion +13. Stone level 60; check the target equipment's level and free slots. 10 stones per offer.
167000856	10	390000	manastone_vitality	50	Socket Manastone: MP +95 / Parry +13 into a compatible manastone slot to add MP +95 and Parry +13. Stone level 60; check the target equipment's level and free slots. 10 stones per offer.
167000857	10	390000	manastone_vitality	50	Socket Manastone: MP +95 / Block +13 into a compatible manastone slot to add MP +95 and Block +13. Stone level 60; check the target equipment's level and free slots. 10 stones per offer.
167000858	10	390000	manastone_vitality	50	Socket Manastone: MP +95 / Crit Strike +8 into a compatible manastone slot to add MP +95 and Crit Strike +8. Stone level 60; check the target equipment's level and free slots. 10 stones per offer.
167000859	10	390000	manastone_vitality	50	Socket Manastone: MP +95 / Resist Magic+7 into a compatible manastone slot to add MP +95 and Resist Magic+7. Stone level 60; check the target equipment's level and free slots. 10 stones per offer.
167000860	10	390000	manastone_vitality	50	Socket Manastone: MP +95 / Magical Accuracy +7 into a compatible manastone slot to add MP +95 and Magical Accuracy +7. Stone level 60; check the target equipment's level and free slots. 10 stones per offer.
167000861	10	390000	manastone_defense	50	Socket Manastone: Evasion +17 / HP +47 into a compatible manastone slot to add Evasion +17 and HP +47. Stone level 60; check the target equipment's level and free slots. 10 stones per offer.
167000862	10	390000	manastone_defense	50	Socket Manastone: Evasion +17 / MP +47 into a compatible manastone slot to add Evasion +17 and MP +47. Stone level 60; check the target equipment's level and free slots. 10 stones per offer.
167000863	10	390000	manastone_defense	50	Socket Manastone: Evasion +17 / Accuracy +13 into a compatible manastone slot to add Evasion +17 and Accuracy +13. Stone level 60; check the target equipment's level and free slots. 10 stones per offer.
167000864	10	390000	manastone_defense	50	Socket Manastone: Evasion +17 / Parry +13 into a compatible manastone slot to add Evasion +17 and Parry +13. Stone level 60; check the target equipment's level and free slots. 10 stones per offer.
167000865	10	390000	manastone_defense	50	Socket Manastone: Evasion +17 / Block +13 into a compatible manastone slot to add Evasion +17 and Block +13. Stone level 60; check the target equipment's level and free slots. 10 stones per offer.
167000866	10	390000	manastone_defense	50	Socket Manastone: Evasion +17 / Crit Strike +8 into a compatible manastone slot to add Evasion +17 and Crit Strike +8. Stone level 60; check the target equipment's level and free slots. 10 stones per offer.
167000867	10	390000	manastone_defense	50	Socket Manastone: Evasion +17 / Resist Magic+7 into a compatible manastone slot to add Evasion +17 and Resist Magic+7. Stone level 60; check the target equipment's level and free slots. 10 stones per offer.
167000868	10	390000	manastone_defense	50	Socket Manastone: Evasion +17 / Magical Accuracy +7 into a compatible manastone slot to add Evasion +17 and Magical Accuracy +7. Stone level 60; check the target equipment's level and free slots. 10 stones per offer.
167000869	10	390000	manastone_defense	50	Socket Manastone: Parry +27 / HP +47 into a compatible manastone slot to add Parry +27 and HP +47. Stone level 60; check the target equipment's level and free slots. 10 stones per offer.
167000870	10	390000	manastone_defense	50	Socket Manastone: Parry +27 / MP +47 into a compatible manastone slot to add Parry +27 and MP +47. Stone level 60; check the target equipment's level and free slots. 10 stones per offer.
167000871	10	390000	manastone_defense	50	Socket Manastone: Parry +27 / Accuracy +13 into a compatible manastone slot to add Parry +27 and Accuracy +13. Stone level 60; check the target equipment's level and free slots. 10 stones per offer.
167000872	10	390000	manastone_defense	50	Socket Manastone: Parry +27 / Evasion +13 into a compatible manastone slot to add Parry +27 and Evasion +13. Stone level 60; check the target equipment's level and free slots. 10 stones per offer.
167000873	10	390000	manastone_defense	50	Socket Manastone: Parry +27 / Block +13 into a compatible manastone slot to add Parry +27 and Block +13. Stone level 60; check the target equipment's level and free slots. 10 stones per offer.
167000874	10	390000	manastone_defense	50	Socket Manastone: Parry +27 / Crit Strike +8 into a compatible manastone slot to add Parry +27 and Crit Strike +8. Stone level 60; check the target equipment's level and free slots. 10 stones per offer.
167000875	10	390000	manastone_defense	50	Socket Manastone: Parry +27 / Resist Magic+7 into a compatible manastone slot to add Parry +27 and Resist Magic+7. Stone level 60; check the target equipment's level and free slots. 10 stones per offer.
167000876	10	390000	manastone_defense	50	Socket Manastone: Parry +27 / Magical Accuracy +7 into a compatible manastone slot to add Parry +27 and Magical Accuracy +7. Stone level 60; check the target equipment's level and free slots. 10 stones per offer.
167000877	10	390000	manastone_magic	50	Socket Manastone: Magical Accuracy +14 / Attack +2 into a compatible manastone slot to add Magical Accuracy +14 and Attack +2. Stone level 60; check the target equipment's level and free slots. 10 stones per offer.
167010181	10	420000	manastone_physical	60	Socket Manastone: Attack +5 / Crit Strike +10 into a compatible manastone slot to add Attack +5 and Crit Strike +10. Stone level 70; check the target equipment's level and free slots. 10 stones per offer.
167010182	10	420000	manastone_physical	60	Socket Manastone: Attack +5 / Crit Strike +9 into a compatible manastone slot to add Attack +5 and Crit Strike +9. Stone level 70; check the target equipment's level and free slots. 10 stones per offer.
167010183	10	420000	manastone_physical	60	Socket Manastone: Attack +5 / Magical Accuracy +9 into a compatible manastone slot to add Attack +5 and Magical Accuracy +9. Stone level 70; check the target equipment's level and free slots. 10 stones per offer.
167010184	10	420000	manastone_physical	60	Socket Manastone: Attack +5 / HP +55 into a compatible manastone slot to add Attack +5 and HP +55. Stone level 70; check the target equipment's level and free slots. 10 stones per offer.
167010185	10	420000	manastone_physical	60	Socket Manastone: Attack +5 / MP +55 into a compatible manastone slot to add Attack +5 and MP +55. Stone level 70; check the target equipment's level and free slots. 10 stones per offer.
167010186	10	420000	manastone_physical	60	Socket Manastone: Attack +5 / Accuracy +16 into a compatible manastone slot to add Attack +5 and Accuracy +16. Stone level 70; check the target equipment's level and free slots. 10 stones per offer.
167010187	10	420000	manastone_physical	60	Socket Manastone: Attack +5 / Dodge +16 into a compatible manastone slot to add Attack +5 and Dodge +16. Stone level 70; check the target equipment's level and free slots. 10 stones per offer.
167010188	10	420000	manastone_physical	60	Socket Manastone: Attack +5 / Parry +16 into a compatible manastone slot to add Attack +5 and Parry +16. Stone level 70; check the target equipment's level and free slots. 10 stones per offer.
167010189	10	420000	manastone_physical	60	Socket Manastone: Attack +5 / Block +16 into a compatible manastone slot to add Attack +5 and Block +16. Stone level 70; check the target equipment's level and free slots. 10 stones per offer.
167010190	10	420000	manastone_physical	60	Socket Manastone: Crit Strike +19 / HP +55 into a compatible manastone slot to add Crit Strike +19 and HP +55. Stone level 70; check the target equipment's level and free slots. 10 stones per offer.
167010191	10	420000	manastone_physical	60	Socket Manastone: Crit Strike +19 / MP +55 into a compatible manastone slot to add Crit Strike +19 and MP +55. Stone level 70; check the target equipment's level and free slots. 10 stones per offer.
167010192	10	420000	manastone_physical	60	Socket Manastone: Crit Strike +19 / Attack +3 into a compatible manastone slot to add Crit Strike +19 and Attack +3. Stone level 70; check the target equipment's level and free slots. 10 stones per offer.
167010193	10	420000	manastone_physical	60	Socket Manastone: Crit Strike +19 / Accuracy +16 into a compatible manastone slot to add Crit Strike +19 and Accuracy +16. Stone level 70; check the target equipment's level and free slots. 10 stones per offer.
167010194	10	420000	manastone_physical	60	Socket Manastone: Crit Strike +19 / Dodge +16 into a compatible manastone slot to add Crit Strike +19 and Dodge +16. Stone level 70; check the target equipment's level and free slots. 10 stones per offer.
167010195	10	420000	manastone_physical	60	Socket Manastone: Crit Strike +19 / Parry +16 into a compatible manastone slot to add Crit Strike +19 and Parry +16. Stone level 70; check the target equipment's level and free slots. 10 stones per offer.
167010196	10	420000	manastone_physical	60	Socket Manastone: Crit Strike +19 / Block +16 into a compatible manastone slot to add Crit Strike +19 and Block +16. Stone level 70; check the target equipment's level and free slots. 10 stones per offer.
167010197	10	420000	manastone_physical	60	Socket Manastone: Crit Strike +19 / Crit Strike +9 into a compatible manastone slot to add Crit Strike +19 and Crit Strike +9. Stone level 70; check the target equipment's level and free slots. 10 stones per offer.
167010198	10	420000	manastone_physical	60	Socket Manastone: Crit Strike +19 / Magical Accuracy +9 into a compatible manastone slot to add Crit Strike +19 and Magical Accuracy +9. Stone level 70; check the target equipment's level and free slots. 10 stones per offer.
167010199	10	420000	manastone_magic	60	Socket Manastone: Magic Boost +27 / HP +55 into a compatible manastone slot to add Magic Boost +27 and HP +55. Stone level 70; check the target equipment's level and free slots. 10 stones per offer.
167010200	10	420000	manastone_magic	60	Socket Manastone: Magic Boost +27 / MP +55 into a compatible manastone slot to add Magic Boost +27 and MP +55. Stone level 70; check the target equipment's level and free slots. 10 stones per offer.
167010201	10	420000	manastone_magic	60	Socket Manastone: Magic Boost +27 / Accuracy +16 into a compatible manastone slot to add Magic Boost +27 and Accuracy +16. Stone level 70; check the target equipment's level and free slots. 10 stones per offer.
167010202	10	420000	manastone_magic	60	Socket Manastone: Magic Boost +27 / Dodge +16 into a compatible manastone slot to add Magic Boost +27 and Dodge +16. Stone level 70; check the target equipment's level and free slots. 10 stones per offer.
167010203	10	420000	manastone_magic	60	Socket Manastone: Magic Boost +27 / Parry +16 into a compatible manastone slot to add Magic Boost +27 and Parry +16. Stone level 70; check the target equipment's level and free slots. 10 stones per offer.
167010204	10	420000	manastone_magic	60	Socket Manastone: Magic Boost +27 / Block +16 into a compatible manastone slot to add Magic Boost +27 and Block +16. Stone level 70; check the target equipment's level and free slots. 10 stones per offer.
167010205	10	420000	manastone_magic	60	Socket Manastone: Magic Boost +27 / Crit Strike +10 into a compatible manastone slot to add Magic Boost +27 and Crit Strike +10. Stone level 70; check the target equipment's level and free slots. 10 stones per offer.
167010206	10	420000	manastone_magic	60	Socket Manastone: Magic Boost +27 / Crit Strike +9 into a compatible manastone slot to add Magic Boost +27 and Crit Strike +9. Stone level 70; check the target equipment's level and free slots. 10 stones per offer.
167010207	10	420000	manastone_magic	60	Socket Manastone: Magic Boost +27 / Magical Accuracy +9 into a compatible manastone slot to add Magic Boost +27 and Magical Accuracy +9. Stone level 70; check the target equipment's level and free slots. 10 stones per offer.
167010208	10	420000	manastone_magic	60	Socket Manastone: Magical Accuracy +16 / HP +55 into a compatible manastone slot to add Magical Accuracy +16 and HP +55. Stone level 70; check the target equipment's level and free slots. 10 stones per offer.
167010209	10	420000	manastone_magic	60	Socket Manastone: Magical Accuracy +16 / MP +55 into a compatible manastone slot to add Magical Accuracy +16 and MP +55. Stone level 70; check the target equipment's level and free slots. 10 stones per offer.
167010210	10	420000	manastone_magic	60	Socket Manastone: Magical Accuracy +16 / Magic Boost +16 into a compatible manastone slot to add Magical Accuracy +16 and Magic Boost +16. Stone level 70; check the target equipment's level and free slots. 10 stones per offer.
167010211	10	420000	manastone_magic	60	Socket Manastone: Magical Accuracy +16 / Accuracy +16 into a compatible manastone slot to add Magical Accuracy +16 and Accuracy +16. Stone level 70; check the target equipment's level and free slots. 10 stones per offer.
167010212	10	420000	manastone_magic	60	Socket Manastone: Magical Accuracy +16 / Dodge +16 into a compatible manastone slot to add Magical Accuracy +16 and Dodge +16. Stone level 70; check the target equipment's level and free slots. 10 stones per offer.
167010213	10	420000	manastone_magic	60	Socket Manastone: Magical Accuracy +16 / Parry +16 into a compatible manastone slot to add Magical Accuracy +16 and Parry +16. Stone level 70; check the target equipment's level and free slots. 10 stones per offer.
167010214	10	420000	manastone_magic	60	Socket Manastone: Magical Accuracy +16 / Block +16 into a compatible manastone slot to add Magical Accuracy +16 and Block +16. Stone level 70; check the target equipment's level and free slots. 10 stones per offer.
167010215	10	420000	manastone_magic	60	Socket Manastone: Magical Accuracy +16 / Crit Strike +10 into a compatible manastone slot to add Magical Accuracy +16 and Crit Strike +10. Stone level 70; check the target equipment's level and free slots. 10 stones per offer.
167010216	10	420000	manastone_magic	60	Socket Manastone: Magical Accuracy +16 / Crit Strike +9 into a compatible manastone slot to add Magical Accuracy +16 and Crit Strike +9. Stone level 70; check the target equipment's level and free slots. 10 stones per offer.
167010217	10	420000	manastone_magic	60	Socket Manastone: Magical Accuracy +16 / Attack +3 into a compatible manastone slot to add Magical Accuracy +16 and Attack +3. Stone level 70; check the target equipment's level and free slots. 10 stones per offer.
167010218	10	420000	manastone_vitality	60	Socket Manastone: HP +95 / MP +55 into a compatible manastone slot to add HP +95 and MP +55. Stone level 70; check the target equipment's level and free slots. 10 stones per offer.
167010219	10	420000	manastone_vitality	60	Socket Manastone: HP +95 / Accuracy +16 into a compatible manastone slot to add HP +95 and Accuracy +16. Stone level 70; check the target equipment's level and free slots. 10 stones per offer.
167010220	10	420000	manastone_vitality	60	Socket Manastone: HP +95 / Dodge +16 into a compatible manastone slot to add HP +95 and Dodge +16. Stone level 70; check the target equipment's level and free slots. 10 stones per offer.
167010221	10	420000	manastone_vitality	60	Socket Manastone: HP +95 / Parry +16 into a compatible manastone slot to add HP +95 and Parry +16. Stone level 70; check the target equipment's level and free slots. 10 stones per offer.
167010222	10	420000	manastone_vitality	60	Socket Manastone: HP +95 / Block +16 into a compatible manastone slot to add HP +95 and Block +16. Stone level 70; check the target equipment's level and free slots. 10 stones per offer.
167010223	10	420000	manastone_vitality	60	Socket Manastone: HP +95 / Crit Strike +10 into a compatible manastone slot to add HP +95 and Crit Strike +10. Stone level 70; check the target equipment's level and free slots. 10 stones per offer.
167010224	10	420000	manastone_vitality	60	Socket Manastone: HP +95 / Crit Strike +9 into a compatible manastone slot to add HP +95 and Crit Strike +9. Stone level 70; check the target equipment's level and free slots. 10 stones per offer.
167010225	10	420000	manastone_vitality	60	Socket Manastone: HP +95 / Magical Accuracy +9 into a compatible manastone slot to add HP +95 and Magical Accuracy +9. Stone level 70; check the target equipment's level and free slots. 10 stones per offer.
167010226	10	420000	manastone_vitality	60	Socket Manastone: MP +95 / HP +55 into a compatible manastone slot to add MP +95 and HP +55. Stone level 70; check the target equipment's level and free slots. 10 stones per offer.
167010227	10	420000	manastone_vitality	60	Socket Manastone: MP +95 / Accuracy +16 into a compatible manastone slot to add MP +95 and Accuracy +16. Stone level 70; check the target equipment's level and free slots. 10 stones per offer.
167010228	10	420000	manastone_vitality	60	Socket Manastone: MP +95 / Dodge +16 into a compatible manastone slot to add MP +95 and Dodge +16. Stone level 70; check the target equipment's level and free slots. 10 stones per offer.
167010229	10	420000	manastone_vitality	60	Socket Manastone: MP +95 / Parry +16 into a compatible manastone slot to add MP +95 and Parry +16. Stone level 70; check the target equipment's level and free slots. 10 stones per offer.
167010230	10	420000	manastone_vitality	60	Socket Manastone: MP +95 / Block +16 into a compatible manastone slot to add MP +95 and Block +16. Stone level 70; check the target equipment's level and free slots. 10 stones per offer.
167010231	10	420000	manastone_vitality	60	Socket Manastone: MP +95 / Crit Strike +10 into a compatible manastone slot to add MP +95 and Crit Strike +10. Stone level 70; check the target equipment's level and free slots. 10 stones per offer.
167010232	10	420000	manastone_vitality	60	Socket Manastone: MP +95 / Crit Strike +9 into a compatible manastone slot to add MP +95 and Crit Strike +9. Stone level 70; check the target equipment's level and free slots. 10 stones per offer.
167010233	10	420000	manastone_vitality	60	Socket Manastone: MP +95 / Magical Accuracy +9 into a compatible manastone slot to add MP +95 and Magical Accuracy +9. Stone level 70; check the target equipment's level and free slots. 10 stones per offer.
167010234	10	420000	manastone_defense	60	Socket Manastone: Dodge +17 / HP +55 into a compatible manastone slot to add Dodge +17 and HP +55. Stone level 70; check the target equipment's level and free slots. 10 stones per offer.
167010235	10	420000	manastone_defense	60	Socket Manastone: Dodge +17 / MP +55 into a compatible manastone slot to add Dodge +17 and MP +55. Stone level 70; check the target equipment's level and free slots. 10 stones per offer.
167010236	10	420000	manastone_defense	60	Socket Manastone: Dodge +17 / Accuracy +16 into a compatible manastone slot to add Dodge +17 and Accuracy +16. Stone level 70; check the target equipment's level and free slots. 10 stones per offer.
167010237	10	420000	manastone_defense	60	Socket Manastone: Dodge +17 / Parry +16 into a compatible manastone slot to add Dodge +17 and Parry +16. Stone level 70; check the target equipment's level and free slots. 10 stones per offer.
167010238	10	420000	manastone_defense	60	Socket Manastone: Dodge +17 / Block +16 into a compatible manastone slot to add Dodge +17 and Block +16. Stone level 70; check the target equipment's level and free slots. 10 stones per offer.
167010239	10	420000	manastone_defense	60	Socket Manastone: Dodge +17 / Crit Strike +10 into a compatible manastone slot to add Dodge +17 and Crit Strike +10. Stone level 70; check the target equipment's level and free slots. 10 stones per offer.
167010240	10	420000	manastone_defense	60	Socket Manastone: Dodge +17 / Crit Strike +9 into a compatible manastone slot to add Dodge +17 and Crit Strike +9. Stone level 70; check the target equipment's level and free slots. 10 stones per offer.
167010241	10	420000	manastone_defense	60	Socket Manastone: Dodge +17 / Magical Accuracy +9 into a compatible manastone slot to add Dodge +17 and Magical Accuracy +9. Stone level 70; check the target equipment's level and free slots. 10 stones per offer.
167010242	10	420000	manastone_defense	60	Socket Manastone: Parry +27 / HP +55 into a compatible manastone slot to add Parry +27 and HP +55. Stone level 70; check the target equipment's level and free slots. 10 stones per offer.
167010243	10	420000	manastone_defense	60	Socket Manastone: Parry +27 / MP +55 into a compatible manastone slot to add Parry +27 and MP +55. Stone level 70; check the target equipment's level and free slots. 10 stones per offer.
167010244	10	420000	manastone_defense	60	Socket Manastone: Parry +27 / Accuracy +16 into a compatible manastone slot to add Parry +27 and Accuracy +16. Stone level 70; check the target equipment's level and free slots. 10 stones per offer.
167010245	10	420000	manastone_defense	60	Socket Manastone: Parry +27 / Dodge +16 into a compatible manastone slot to add Parry +27 and Dodge +16. Stone level 70; check the target equipment's level and free slots. 10 stones per offer.
167010246	10	420000	manastone_defense	60	Socket Manastone: Parry +27 / Block +16 into a compatible manastone slot to add Parry +27 and Block +16. Stone level 70; check the target equipment's level and free slots. 10 stones per offer.
167010247	10	420000	manastone_defense	60	Socket Manastone: Parry +27 / Crit Strike +10 into a compatible manastone slot to add Parry +27 and Crit Strike +10. Stone level 70; check the target equipment's level and free slots. 10 stones per offer.
167010248	10	420000	manastone_defense	60	Socket Manastone: Parry +27 / Crit Strike +9 into a compatible manastone slot to add Parry +27 and Crit Strike +9. Stone level 70; check the target equipment's level and free slots. 10 stones per offer.
167010249	10	420000	manastone_defense	60	Socket Manastone: Parry +27 / Magical Accuracy +9 into a compatible manastone slot to add Parry +27 and Magical Accuracy +9. Stone level 70; check the target equipment's level and free slots. 10 stones per offer.
167020024	10	420000	manastone_ancient	60	Socket Ancient Manastone: HP +105 into an ancient manastone slot to add HP +105. Stone level 70; check the target equipment's level and free slots. 10 stones per offer.
167020025	10	420000	manastone_ancient	60	Socket Ancient Manastone: MP +120 into an ancient manastone slot to add MP +120. Stone level 70; check the target equipment's level and free slots. 10 stones per offer.
167020026	10	420000	manastone_ancient	60	Socket Ancient Manastone: Accuracy +31 into an ancient manastone slot to add Accuracy +31. Stone level 70; check the target equipment's level and free slots. 10 stones per offer.
167020027	10	420000	manastone_ancient	60	Socket Ancient Manastone: Evasion +21 into an ancient manastone slot to add Evasion +21. Stone level 70; check the target equipment's level and free slots. 10 stones per offer.
167020028	10	420000	manastone_ancient	60	Socket Ancient Manastone: Parry +31 into an ancient manastone slot to add Parry +31. Stone level 70; check the target equipment's level and free slots. 10 stones per offer.
167020029	10	420000	manastone_ancient	60	Socket Ancient Manastone: Block +31 into an ancient manastone slot to add Block +31. Stone level 70; check the target equipment's level and free slots. 10 stones per offer.
167020030	10	420000	manastone_ancient	60	Socket Ancient Manastone: Crit Strike +20 into an ancient manastone slot to add Crit Strike +20. Stone level 70; check the target equipment's level and free slots. 10 stones per offer.
167020031	10	420000	manastone_ancient	60	Socket Ancient Manastone: Strike Resist +21 into an ancient manastone slot to add Strike Resist +21. Stone level 70; check the target equipment's level and free slots. 10 stones per offer.
167020032	10	420000	manastone_ancient	60	Socket Ancient Manastone: Crit Spell +7 into an ancient manastone slot to add Crit Spell +7. Stone level 70; check the target equipment's level and free slots. 10 stones per offer.
167020033	10	420000	manastone_ancient	60	Socket Ancient Manastone: Magical Critical Resistance +8 into an ancient manastone slot to add Magical Critical Resistance +8. Stone level 70; check the target equipment's level and free slots. 10 stones per offer.
167020034	10	420000	manastone_ancient	60	Socket Ancient Manastone: Physical Defense +70 into an ancient manastone slot to add Physical Defense +70. Stone level 70; check the target equipment's level and free slots. 10 stones per offer.
167020035	10	420000	manastone_ancient	60	Socket Ancient Manastone: Resist Magic +19 into an ancient manastone slot to add Resist Magic +19. Stone level 70; check the target equipment's level and free slots. 10 stones per offer.
167020036	10	420000	manastone_ancient	60	Socket Ancient Manastone: Attack +6 into an ancient manastone slot to add Attack +6. Stone level 70; check the target equipment's level and free slots. 10 stones per offer.
167020037	10	420000	manastone_ancient	60	Socket Ancient Manastone: Magical Accuracy +18 into an ancient manastone slot to add Magical Accuracy +18. Stone level 70; check the target equipment's level and free slots. 10 stones per offer.
167020038	10	420000	manastone_ancient	60	Socket Ancient Manastone: Magic Boost +30 into an ancient manastone slot to add Magic Boost +30. Stone level 70; check the target equipment's level and free slots. 10 stones per offer.
167020039	10	420000	manastone_ancient	60	Socket Ancient Manastone: Magic Suppression +40 into an ancient manastone slot to add Magic Suppression +40. Stone level 70; check the target equipment's level and free slots. 10 stones per offer.
167020040	10	420000	manastone_ancient	60	Socket Ancient Manastone: Healing Boost +5 into an ancient manastone slot to add Healing Boost +5. Stone level 70; check the target equipment's level and free slots. 10 stones per offer.
167020041	10	180000	manastone_ancient	60	Socket Ancient Manastone: Accuracy +29 into an ancient manastone slot to add Accuracy +29. Stone level 70; check the target equipment's level and free slots. 10 stones per offer.
167020042	10	180000	manastone_ancient	60	Socket Ancient Manastone: Evasion +19 into an ancient manastone slot to add Evasion +19. Stone level 70; check the target equipment's level and free slots. 10 stones per offer.
167020043	10	180000	manastone_ancient	60	Socket Ancient Manastone: Parry +29 into an ancient manastone slot to add Parry +29. Stone level 70; check the target equipment's level and free slots. 10 stones per offer.
167020044	10	180000	manastone_ancient	60	Socket Ancient Manastone: Block +29 into an ancient manastone slot to add Block +29. Stone level 70; check the target equipment's level and free slots. 10 stones per offer.
167020045	10	180000	manastone_ancient	60	Socket Ancient Manastone: Crit Strike +18 into an ancient manastone slot to add Crit Strike +18. Stone level 70; check the target equipment's level and free slots. 10 stones per offer.
167020046	10	180000	manastone_ancient	60	Socket Ancient Manastone: Physical Critical Resistance +20 into an ancient manastone slot to add Physical Critical Resistance +20. Stone level 70; check the target equipment's level and free slots. 10 stones per offer.
167020047	10	180000	manastone_ancient	60	Socket Ancient Manastone: Crit Spell +6 into an ancient manastone slot to add Crit Spell +6. Stone level 70; check the target equipment's level and free slots. 10 stones per offer.
167020048	10	180000	manastone_ancient	60	Socket Ancient Manastone: Magical Critical Resistance +7 into an ancient manastone slot to add Magical Critical Resistance +7. Stone level 70; check the target equipment's level and free slots. 10 stones per offer.
167020049	10	180000	manastone_ancient	60	Socket Ancient Manastone: Physical Defense +60 into an ancient manastone slot to add Physical Defense +60. Stone level 70; check the target equipment's level and free slots. 10 stones per offer.
167020050	10	180000	manastone_ancient	60	Socket Ancient Manastone: Resist Magic +17 into an ancient manastone slot to add Resist Magic +17. Stone level 70; check the target equipment's level and free slots. 10 stones per offer.
167020051	10	180000	manastone_ancient	60	Socket Ancient Manastone: Attack +5 into an ancient manastone slot to add Attack +5. Stone level 70; check the target equipment's level and free slots. 10 stones per offer.
167020052	10	180000	manastone_ancient	60	Socket Ancient Manastone: Magical Accuracy +16 into an ancient manastone slot to add Magical Accuracy +16. Stone level 70; check the target equipment's level and free slots. 10 stones per offer.
167020053	10	180000	manastone_ancient	60	Socket Ancient Manastone: Magic Boost +28 into an ancient manastone slot to add Magic Boost +28. Stone level 70; check the target equipment's level and free slots. 10 stones per offer.
167020054	10	180000	manastone_ancient	60	Socket Ancient Manastone: Magic Suppression +30 into an ancient manastone slot to add Magic Suppression +30. Stone level 70; check the target equipment's level and free slots. 10 stones per offer.
167020055	10	180000	manastone_ancient	60	Socket Ancient Manastone: Healing Boost +4 into an ancient manastone slot to add Healing Boost +4. Stone level 70; check the target equipment's level and free slots. 10 stones per offer.
167020056	10	750000	manastone_ancient	60	Socket Ancient Manastone: Accuracy +33 into an ancient manastone slot to add Accuracy +33. Stone level 70; check the target equipment's level and free slots. 10 stones per offer.
167020057	10	750000	manastone_ancient	60	Socket Ancient Manastone: Evasion +23 into an ancient manastone slot to add Evasion +23. Stone level 70; check the target equipment's level and free slots. 10 stones per offer.
167020058	10	750000	manastone_ancient	60	Socket Ancient Manastone: Parry +33 into an ancient manastone slot to add Parry +33. Stone level 70; check the target equipment's level and free slots. 10 stones per offer.
167020059	10	750000	manastone_ancient	60	Socket Ancient Manastone: Block +33 into an ancient manastone slot to add Block +33. Stone level 70; check the target equipment's level and free slots. 10 stones per offer.
167020060	10	750000	manastone_ancient	60	Socket Ancient Manastone: Physical Critical Resistance +22 into an ancient manastone slot to add Physical Critical Resistance +22. Stone level 70; check the target equipment's level and free slots. 10 stones per offer.
167020061	10	750000	manastone_ancient	60	Socket Ancient Manastone: Magical Critical Resistance +9 into an ancient manastone slot to add Magical Critical Resistance +9. Stone level 70; check the target equipment's level and free slots. 10 stones per offer.
167020062	10	750000	manastone_ancient	60	Socket Ancient Manastone: Physical Defense +80 into an ancient manastone slot to add Physical Defense +80. Stone level 70; check the target equipment's level and free slots. 10 stones per offer.
167020063	10	750000	manastone_ancient	60	Socket Ancient Manastone: Attack +7 into an ancient manastone slot to add Attack +7. Stone level 70; check the target equipment's level and free slots. 10 stones per offer.
167020064	10	750000	manastone_ancient	60	Socket Ancient Manastone: Magical Accuracy +20 into an ancient manastone slot to add Magical Accuracy +20. Stone level 70; check the target equipment's level and free slots. 10 stones per offer.
167020065	10	750000	manastone_ancient	60	Socket Ancient Manastone: Magic Boost +32 into an ancient manastone slot to add Magic Boost +32. Stone level 70; check the target equipment's level and free slots. 10 stones per offer.
167020066	10	180000	manastone_ancient	60	Socket Ancient Manastone : PvP Defense +3 into an ancient manastone slot to add PvP Defense +3. Stone level 70; check the target equipment's level and free slots. 10 stones per offer.
167020067	10	420000	manastone_ancient	60	Socket Ancient Manastone : PvP Defense +5 into an ancient manastone slot to add PvP Defense +5. Stone level 70; check the target equipment's level and free slots. 10 stones per offer.
167020068	10	180000	manastone_ancient	60	Socket Ancient Manastone : PvP Physical Defense +3 into an ancient manastone slot to add PvP Physical Defense +3. Stone level 70; check the target equipment's level and free slots. 10 stones per offer.
167020069	10	180000	manastone_ancient	60	Socket Ancient Manastone : PvP Magical Defense +3 into an ancient manastone slot to add PvP Magical Defense +3. Stone level 70; check the target equipment's level and free slots. 10 stones per offer.
167020070	10	420000	manastone_ancient	60	Socket Ancient Manastone : PvP Physical Defense +5 into an ancient manastone slot to add PvP Physical Defense +5. Stone level 70; check the target equipment's level and free slots. 10 stones per offer.
167020071	10	420000	manastone_ancient	60	Socket Ancient Manastone : PvP Magical Defense +5 into an ancient manastone slot to add PvP Magical Defense +5. Stone level 70; check the target equipment's level and free slots. 10 stones per offer.
167020072	10	1120000	manastone_ancient	60	Socket Ancient Manastone: Accuracy +35 into an ancient manastone slot to add Accuracy +35. Stone level 70; check the target equipment's level and free slots. 10 stones per offer.
167020073	10	1120000	manastone_ancient	60	Socket Ancient Manastone: Evasion +24 into an ancient manastone slot to add Evasion +24. Stone level 70; check the target equipment's level and free slots. 10 stones per offer.
167020074	10	1120000	manastone_ancient	60	Socket Ancient Manastone: Crit Strike +24 into an ancient manastone slot to add Crit Strike +24. Stone level 70; check the target equipment's level and free slots. 10 stones per offer.
167020075	10	1120000	manastone_ancient	60	Socket Ancient Manastone: Crit Spell +9 into an ancient manastone slot to add Crit Spell +9. Stone level 70; check the target equipment's level and free slots. 10 stones per offer.
167020076	10	1120000	manastone_ancient	60	Socket Ancient Manastone: Spell Resist +11 into an ancient manastone slot to add Spell Resist +11. Stone level 70; check the target equipment's level and free slots. 10 stones per offer.
167020077	10	1120000	manastone_ancient	60	Socket Ancient Manastone: Physical Defense +100 into an ancient manastone slot to add Physical Defense +100. Stone level 70; check the target equipment's level and free slots. 10 stones per offer.
167020078	10	1120000	manastone_ancient	60	Socket Ancient Manastone: Resist Magic +20 into an ancient manastone slot to add Resist Magic +20. Stone level 70; check the target equipment's level and free slots. 10 stones per offer.
167020079	10	1120000	manastone_ancient	60	Socket Ancient Manastone: Attack +8 into an ancient manastone slot to add Attack +8. Stone level 70; check the target equipment's level and free slots. 10 stones per offer.
167020080	10	1120000	manastone_ancient	60	Socket Ancient Manastone: Magical Accuracy +22 into an ancient manastone slot to add Magical Accuracy +22. Stone level 70; check the target equipment's level and free slots. 10 stones per offer.
167020081	10	1120000	manastone_ancient	60	Socket Ancient Manastone: Magic Boost +35 into an ancient manastone slot to add Magic Boost +35. Stone level 70; check the target equipment's level and free slots. 10 stones per offer.
167020082	10	1120000	manastone_ancient	60	Socket Ancient Manastone: Magic Suppression +50 into an ancient manastone slot to add Magic Suppression +50. Stone level 70; check the target equipment's level and free slots. 10 stones per offer.
167020083	10	1120000	manastone_ancient	60	Socket Ancient Manastone: Healing Boost +6 into an ancient manastone slot to add Healing Boost +6. Stone level 70; check the target equipment's level and free slots. 10 stones per offer.
